Sample No.,Solve Time (OSQP) [s],Solve Time (NLPOpt-Net Native) [s],Solve Time (NLPOpt-Net JAX) [s],Solve Time (OSQP) [ms],Solve Time (NLPOpt-Net Native) [ms],Solve Time (NLPOpt-Net JAX) [ms],Objective (OSQP),Objective (NLPOpt-Net Native),Objective (NLPOpt-Net JAX),Optimality Gap (%) Native,Optimality Gap (%) JAX,Max |Native - JAX|
1,0.00411884,0.0034168749989476055,0.09331059799296781,4.1188400000000005,3.4168749989476055,93.31059799296781,3.1929150838824505,3.1934847606976398,3.1934847603859318,0.017838720328348098,0.017838710569341512,7.970657467382125e-11
2,0.001564955,0.0031877729925327003,0.09353834200010169,1.564955,3.1877729925327003,93.5383420001017,2.122507588958616,2.1231149828732043,2.123114983128488,0.028608620799545372,0.028608632820126587,8.19020407050175e-11
3,0.001569106,0.0028690559993265197,0.09347305800474714,1.5691060000000001,2.8690559993265197,93.47305800474714,11.923684556598221,11.924744895802064,11.924744895043531,0.008891923585014451,0.008891917224582,1.5502210626294755e-10
4,0.0015653260000000001,0.002912847005063668,0.09494564500346314,1.5653260000000002,2.912847005063668,94.94564500346314,9.187138694693004,9.188036334934857,9.188036335402522,0.009769663605264085,0.009769668694701169,7.645370447839639e-11
5,0.0015639970000000001,0.0029560859984485433,0.09320694199413992,1.563997,2.9560859984485433,93.20694199413992,6.1825709255826204,6.183389324989708,6.18338932377122,0.013235450075577655,0.013235430372352046,9.068207296181185e-11
6,0.0015683289999999998,0.003065230994252488,0.09440370700031053,1.5683289999999999,3.065230994252488,94.40370700031053,13.15041223906552,13.15179763629434,13.151797636120037,0.010533900133897859,0.010533898808718727,4.39451253164691e-11
7,0.001557293,0.003111926998826675,0.09455038201122079,1.557293,3.111926998826675,94.55038201122079,-0.9320572007123609,-0.9313929033772368,-0.9313929038254898,0.07132299727809059,0.07132294911660086,1.0413525597385842e-10
8,0.0015591560000000001,0.003607524005929008,0.09304992300167214,1.5591560000000002,3.607524005929008,93.04992300167214,1.071330425448366,1.0722936978108883,1.0722936977843958,0.08983288482333736,0.0898328823549104,4.6659842656282535e-11
9,0.001559517,0.0031958970066625625,0.09456371900159866,1.559517,3.1958970066625625,94.56371900159866,6.28315806889022,6.2840522364578355,6.2840522365767555,0.01422915555074271,0.014229157442882672,6.519582096409238e-11
10,0.0015519739999999998,0.0032291920069837943,0.09311170400178526,1.5519739999999997,3.2291920069837943,93.11170400178526,7.3814578929453205,7.383095313335637,7.383095313409164,0.022177966297676224,0.022177967293337965,1.493075107994457e-11
11,0.0015814000000000002,0.0030497089901473373,0.09328698899480514,1.5814000000000001,3.0497089901473373,93.28698899480514,5.269012790172393,5.269841761550104,5.269841761335336,0.015730479494836795,0.015730475420049107,4.0329517503323586e-11
12,0.001597036,0.0028600549994735047,0.09341094699630048,1.5970360000000001,2.8600549994735047,93.41094699630048,9.719675904147547,9.720312440608051,9.720312440821758,0.006548518521331871,0.0065485207197425975,4.849542989404654e-11
13,0.001612529,0.00400568799523171,0.0944978110055672,1.6125289999999999,4.00568799523171,94.4978110055672,0.7552802843737751,0.7561845351179457,0.7561845349802283,0.11958069785565154,0.11958067966528885,7.614114894138879e-11
14,0.001602767,0.0032763070048531517,0.0940779070078861,1.602767,3.2763070048531517,94.0779070078861,3.4519645821871876,3.453414232123883,3.453414232106997,0.04197729664778901,0.04197729615902748,2.444544566770901e-11
15,0.001570221,0.002993907008203678,0.09505795799486805,1.5702209999999999,2.993907008203678,95.05795799486805,2.6189615948633787,2.619709458357832,2.6197094584740377,0.028547573932955372,0.02854757836751347,1.4111795065829824e-10
16,0.001585563,0.003039691990124993,0.09441563600557856,1.5855629999999998,3.039691990124993,94.41563600557856,3.6598476936491906,3.6606759840240883,3.6606759839843015,0.02262670551866802,0.022626704432042538,4.045319634826683e-11
17,0.001709351,0.0031024859927129,0.09313754599133972,1.709351,3.1024859927129,93.13754599133972,4.671148941362112,4.672309892517635,4.672309892577331,0.024847477633750642,0.024847478911093464,8.455458555545192e-12
18,0.001616927,0.003406139003345743,0.09455895400606096,1.616927,3.406139003345743,94.55895400606096,7.121008659892553,7.122008843913932,7.122008843765244,0.014043566124375356,0.014043564036940542,2.4007129617586997e-11
19,0.001581322,0.0032299250015057623,0.1033794209943153,1.5813220000000001,3.2299250015057623,103.3794209943153,7.057990269896479,7.058998158660025,7.05899815927814,0.014278070922987357,0.01427807967815442,7.880140984184436e-11
20,0.001616914,0.0030111079977359623,0.09308161700027995,1.616914,3.0111079977359623,93.08161700027995,9.266825848848079,9.26809599780097,9.268095997783256,0.013704529530036801,0.01370452933893603,3.7629011018225356e-11
21,0.001634941,0.003070918988669291,0.09299136200570501,1.634941,3.070918988669291,92.99136200570501,7.6813697438348605,7.682300061328984,7.682300061811901,0.012109882283910911,0.012109888569246463,1.1235123942299197e-10
22,0.001599668,0.0031472580012632534,0.09354941500350833,1.599668,3.1472580012632534,93.54941500350833,3.5052557240316062,3.506189827225686,3.5061898272612346,0.026641546525136613,0.026641547538743524,2.529676468299158e-11
23,0.001648515,0.0030916349933249876,0.0934122079925146,1.648515,3.0916349933249876,93.4122079925146,-0.45836783141484716,-0.4570743241638766,-0.4570743236094863,0.28299713691788625,0.2829972585522007,1.3621961891807643e-10
24,0.001655356,0.0030690629937453195,0.09499621200666297,1.655356,3.0690629937453195,94.99621200666297,8.3121067597063,8.312733636579011,8.312733636388579,0.007541163955420235,0.007541161664739382,7.323835982120386e-11
25,0.001645933,0.003086132011958398,0.0954354669956956,1.645933,3.086132011958398,95.4354669956956,14.59000050103392,14.59400088101389,14.59400088137484,0.027411126068759593,0.02741112854134862,1.68400127176227e-10
26,0.0016208630000000002,0.0029604970040963963,0.09318400199117605,1.6208630000000002,2.9604970040963963,93.18400199117605,3.924710908072754,3.9253376494680587,3.925337648842092,0.015966560109539937,0.015966544165258334,9.723744032186232e-11
27,0.001645014,0.0028856040007667616,0.09356250098790042,1.645014,2.8856040007667616,93.56250098790042,-4.2092290167704185,-4.20873784178481,-4.20873784122622,0.01167036304167078,0.011670376315360649,4.123534803543438e-11
28,0.001650741,0.002870049007469788,0.09178046500892378,1.650741,2.870049007469788,91.78046500892378,10.955555805174917,10.956502872408652,10.956502872419186,0.00864388249392987,0.008643882590063516,1.960841558568127e-11
29,0.001631193,0.0033372129983035848,0.09256158000789583,1.631193,3.3372129983035848,92.56158000789583,2.8461102339632838,2.846852467716026,2.8468524677445117,0.026072083508344692,0.02607208450868566,8.05370770073921e-11
30,0.0016332760000000001,0.0031221779936458915,0.09236792800948024,1.6332760000000002,3.1221779936458915,92.36792800948024,6.286728935248437,6.287637220933988,6.2876372209086036,0.014445580329072491,0.014445579925415739,1.4912182599857715e-11
31,0.0016255700000000002,0.003156864011543803,0.09338825999293476,1.6255700000000002,3.156864011543803,93.38825999293476,4.505021991810917,4.505970577400348,4.50597057738787,0.021051748411054273,0.02105174813421039,2.524597197961498e-11
32,0.001633558,0.0030041150021133944,0.09251789900008589,1.633558,3.0041150021133944,92.51789900008589,12.115222741242704,12.116219085021132,12.116219084651107,0.008223223527382034,0.008223220473662411,1.063506782639223e-10
33,0.001682597,0.002933772004325874,0.09323153100558557,1.6825970000000001,2.933772004325874,93.23153100558557,-1.4122642742151683,-1.4112628647891938,-1.411262865295022,0.07095839130749544,0.07095835543981918,1.0584855214545996e-10
34,0.0017037659999999998,0.0030980809970060363,0.09295120301248971,1.703766,3.0980809970060363,92.95120301248971,2.3005193278605205,2.301351341409159,2.3013513418702267,0.036153260637254214,0.03615328066465851,7.187536676944717e-11
35,0.00167256,0.0032661629957146943,0.09235907498805318,1.67256,3.2661629957146943,92.35907498805318,3.681573174312007,3.6844089062931893,3.68440890658259,0.07696572376477752,0.07696573161346563,5.170541772514525e-11
36,0.001653911,0.0031018200097605586,0.09380250799586065,1.6539110000000001,3.1018200097605586,93.80250799586065,2.092619932725743,2.0931543905226526,2.0931543905344654,0.02553360608895632,0.025533606653164904,2.3985979868967888e-11
37,0.001626341,0.0030100610019871965,0.09301281100488268,1.6263409999999998,3.0100610019871965,93.01281100488268,9.72911616869655,9.729862013159906,9.729862013017918,0.007665519432316447,0.007665517973129558,2.3734680887343984e-11
38,0.001680892,0.003127791002043523,0.09330040198983625,1.680892,3.127791002043523,93.30040198983625,6.638263520848838,6.639425936167193,6.639425936067454,0.0175077684355606,0.017507766933602106,3.674072157622277e-11
39,0.001677749,0.0032794860017020255,0.0931005680031376,1.6777490000000002,3.2794860017020255,93.1005680031376,6.39626569075811,6.396763865897949,6.396763865645475,0.007787924492489168,0.007787920545900855,1.0173198394802796e-10
40,0.0016706669999999998,0.00331143599760253,0.09309586099698208,1.670667,3.31143599760253,93.09586099698208,-0.886456716644382,-0.8852090245676578,-0.8852090248862226,0.1409488654200663,0.14094882938182735,4.893807581396459e-11
41,0.001139419,0.0026617789990268648,0.09345005299837794,1.139419,2.6617789990268648,93.45005299837794,7.078317239137043,7.079125073972161,7.079125073047944,0.011411506742387407,0.011411493688349364,1.3525947029080498e-10
42,0.0017815250000000002,0.0023346110101556405,0.09322413499467075,1.7815250000000002,2.3346110101556405,93.22413499467075,9.195253371681737,9.19713912537706,9.197139125392148,0.020503698700387145,0.0205036988644086,2.0847490400655033e-11
43,0.001581767,0.002176529000280425,0.09398490500461776,1.581767,2.176529000280425,93.98490500461776,4.792119218473907,4.793857036219212,4.793857036331936,0.03625092972474733,0.03625093207532199,4.189046332037094e-11
44,0.001637004,0.002092398004606366,0.09301830899494234,1.6370040000000001,2.092398004606366,93.01830899494234,12.631676419083579,12.63240941255139,12.63240941225537,0.005802483468293264,0.005802481125097892,3.9007741481356106e-11
45,0.00168964,0.002020070009166375,0.09348553200834431,1.68964,2.020070009166375,93.48553200834431,14.779481556761446,14.780767447119516,14.78076744877432,0.008699753667525888,0.008699764862210706,1.438664742892115e-10
46,0.0016741570000000001,0.0023868999996921048,0.09391914200386964,1.6741570000000001,2.3868999996921048,93.91914200386964,8.019425461363458,8.02002243484651,8.020022434941907,0.007443538816779321,0.007443540006182063,3.281695748480473e-11
47,0.001667249,0.002016411002841778,0.09300977599923499,1.667249,2.016411002841778,93.00977599923499,0.2225438662973076,0.22372348423198218,0.2237234843244167,0.5272660305305359,0.527266071629095,7.2799599681872e-11
48,0.0016593670000000001,0.002013712000916712,0.09363291598856449,1.659367,2.013712000916712,93.63291598856449,7.637631955022055,7.638955177250605,7.638955177445904,0.01732203158476676,0.017322034140953332,3.652413094190621e-11
49,0.001670642,0.0019393859984120354,0.09279764900566079,1.670642,1.9393859984120354,92.79764900566079,6.2541049255917756,6.255012468393581,6.255012468327148,0.014509048645239973,0.014509047583330749,1.6228574040155763e-10
50,0.0016953830000000002,0.0019333980017108843,0.09320183299132623,1.695383,1.9333980017108843,93.20183299132623,10.694586024535699,10.695548641281803,10.695548640547596,0.009000162388948308,0.009000155524959313,9.349208213160765e-11
51,0.001669027,0.0020206420012982562,0.09414113400271162,1.669027,2.020642001298256,94.14113400271162,3.87765058870783,3.878379752056361,3.878379752044772,0.01880072079440629,0.018800720495653362,9.10819197841306e-11
52,0.001702266,0.0018633600120665506,0.09316594399570022,1.702266,1.8633600120665506,93.16594399570022,14.460257890586814,14.461068601770364,14.461068603146622,0.0056061637343414895,0.00560617325079019,1.8273249580147422e-10
53,0.0016921280000000002,0.0020234080002410337,0.09350668599654455,1.6921280000000003,2.0234080002410337,93.50668599654455,17.69896278742691,17.70756789488441,17.707567895276117,0.048595648530502945,0.048595650741521695,7.46893658032377e-11
54,0.001680447,0.002019403997110203,0.09344824400614016,1.680447,2.019403997110203,93.44824400614016,14.023605370693005,14.024263664950546,14.024263665242735,0.004693966637163371,0.0046939687205217245,7.481718022894768e-11
55,0.001694775,0.00221612500899937,0.0939032030000817,1.694775,2.21612500899937,93.9032030000817,8.964141434209882,8.965454889143608,8.965454889131887,0.014650176147965478,0.014650176017256156,5.361239230339265e-12
56,0.0016977579999999997,0.002029639988904819,0.09361419100605417,1.6977579999999997,2.029639988904819,93.61419100605417,9.308370758421368,9.309069799344606,9.30906979939969,0.007509245695917585,0.007509246287606017,9.012543489284042e-11
57,0.0016652350000000002,0.002147303006495349,0.09428804898925591,1.6652350000000002,2.147303006495349,94.28804898925591,8.944766124874057,8.946124938517404,8.946124938399109,0.015188851627768719,0.015188850305668472,4.1269626605000553e-11
58,0.0016827979999999999,0.002047235000645742,0.09476909099612385,1.6827979999999998,2.047235000645742,94.76909099612385,-3.22605726993984,-3.225594341709648,-3.225594341610094,0.01435171881987621,0.014351721906700525,2.923733477544488e-11
59,0.0019579849999999998,0.002079755999147892,0.09446843201294541,1.9579849999999999,2.079755999147892,94.46843201294541,6.6907146104138775,6.691308391405958,6.691308391257724,0.0088739145970736,0.008873912381957172,2.3825941219968172e-11
60,0.001686024,0.00219244699110277,0.09339962099329568,1.686024,2.19244699110277,93.39962099329568,3.9610989496789237,3.961940951068769,3.9619409506741725,0.021252244802336086,0.02125223484477993,1.1591105852915007e-10
61,0.001700138,0.002099132994771935,0.09318421500211116,1.700138,2.099132994771935,93.18421500211116,10.180826937195356,10.182039613747097,10.182039614155904,0.011909957118063419,0.011909961132568734,7.167536009156095e-11
62,0.001687527,0.002078946999972686,0.09256166400155053,1.687527,2.078946999972686,92.56166400155053,0.6264991269416846,0.6270555701492704,0.627055570041616,0.08873905823901426,0.0887390410860212,5.4362347956526946e-11
63,0.0019181600000000001,0.0023964470019564033,0.09358337298908737,1.91816,2.3964470019564033,93.58337298908737,1.0084231596382693,1.009934753350187,1.0099347534364966,0.14967241268838044,0.14967242122164898,5.875849806713518e-11
64,0.001677253,0.0019912589923478663,0.0928928450011881,1.677253,1.9912589923478663,92.8928450011881,7.5758305700792405,7.576888848262303,7.576888848568441,0.013967186324839885,0.013967190364685066,8.476319646177899e-11
65,0.0017094750000000002,0.002337500001885928,0.09346018399810418,1.7094750000000003,2.337500001885928,93.46018399810418,6.059009641145934,6.061150132139144,6.061150132165839,0.03531493110291952,0.03531493154319344,1.251998504869789e-11
66,0.0019950190000000002,0.002137048009899445,0.0932540850044461,1.9950190000000003,2.137048009899445,93.2540850044461,7.636398502542132,7.637265653856627,7.637265653857231,0.011354211753217899,0.011354211761125084,3.957362215700755e-11
67,0.0019248580000000002,0.001996410996071063,0.09285449699382298,1.9248580000000002,1.996410996071063,92.85449699382298,3.237329592901755,3.2380083119606624,3.2380083121450447,0.02096100421979114,0.020961009912909286,1.1164169588795403e-10
68,0.0017164529999999997,0.0020106489973841235,0.09220184899459127,1.7164529999999998,2.0106489973841235,92.20184899459127,12.987130093781559,12.987947930771078,12.987947930618649,0.006296891501862836,0.0062968903283165375,4.3087755585702325e-11
69,0.001721527,0.0020002079982077703,0.09347795500070788,1.721527,2.0002079982077703,93.47795500070788,7.851822194053142,7.852462617096091,7.852462617280018,0.008155696807197304,0.00815569914929746,1.312588926438707e-10
70,0.001701789,0.0020309399988036603,0.09251791800488718,1.701789,2.0309399988036603,92.51791800488718,8.096921724200786,8.097407101817218,8.09740710212288,0.005994235072148215,0.005994238846726277,7.36160021830301e-11
71,0.001715413,0.002204571006586775,0.09245312899292912,1.715413,2.204571006586775,92.45312899292912,5.506843622452177,5.508238688127111,5.508238688305902,0.02532689220497014,0.025326895450018948,4.154521171528813e-11
72,0.001698455,0.0020834409951930866,0.09202027300489135,1.698455,2.0834409951930866,92.02027300489135,6.242624955099394,6.243960588571003,6.2439605890257255,0.021390805605873663,0.02139081288691278,6.333356061816175e-11
73,0.0017767490000000002,0.001988792995689437,0.09260676000849344,1.7767490000000001,1.9887929956894368,92.60676000849344,1.6229884458051096,1.6244741992968095,1.6244741991775982,0.09146057797304652,0.09146057064130335,5.440059513972528e-11
74,0.001741056,0.002055948003544472,0.09288987300533336,1.741056,2.055948003544472,92.88987300533336,9.255851007217093,9.25877344359629,9.258773443709941,0.03156396899654997,0.03156397022366108,8.87737661159349e-11
75,0.001734756,0.0020844779937760904,0.09305274600046687,1.734756,2.0844779937760904,93.05274600046687,4.435435720831531,4.436852242544234,4.436852242598615,0.03192627645156729,0.03192627767685096,3.587091734758019e-11
76,0.0017113999999999999,0.0020976349915144965,0.09238295900286175,1.7113999999999998,2.0976349915144965,92.38295900286175,13.28399150848291,13.28591342722218,13.285913427342159,0.01446583819621168,0.014465839099132946,2.931321851917801e-11
77,0.001726866,0.00203365899506025,0.0926247260067612,1.726866,2.03365899506025,92.6247260067612,20.42277781013075,20.424632360076814,20.42463236130619,0.009079967332428522,0.009079973350974364,1.7836240817636906e-10
78,0.001735158,0.002255956002045423,0.09294225698977243,1.7351580000000002,2.255956002045423,92.94225698977243,1.225373800834337,1.2259719630258417,1.225971962761939,0.04879085407699175,0.04879083256149832,4.677691567422926e-11
79,0.001674948,0.0021043120068497956,0.09311333500954788,1.674948,2.1043120068497956,93.11333500954788,6.024785223655638,6.026466560277537,6.026466560162589,0.02789921100669479,0.02789920909983975,2.2786966757948335e-11
80,0.001669569,0.0021566930081462488,0.0931476840050891,1.669569,2.1566930081462488,93.1476840050891,14.655292962292165,14.65643537318094,14.656435373099576,0.007794602573458222,0.007794602018357991,4.087019611631604e-11
81,0.001713395,0.0020272789988666773,0.09310248000838328,1.713395,2.0272789988666773,93.10248000838328,4.376356513589453,4.3770076764865,4.377007676467432,0.014876896390759255,0.014876895955197358,5.669498204241563e-11
82,0.001711775,0.0020817490003537387,0.09322376700583845,1.711775,2.0817490003537387,93.22376700583845,2.7159411940353593,2.7185536350819497,2.718553635179344,0.0960967263208573,0.09609672989998479,4.420751265055145e-11
83,0.001687764,0.002214367996202782,0.09321502200327814,1.687764,2.214367996202782,93.21502200327814,3.5584820660639274,3.5593176103448343,3.5593176103091153,0.023474844685916662,0.023474843682617652,1.4154954985912127e-11
84,0.001703386,0.0020945769938407466,0.09244830999523401,1.703386,2.0945769938407466,92.44830999523401,1.6759525330873934,1.677105619636329,1.6771056196846104,0.06875455758031351,0.06875456045718559,6.938993823979445e-11
85,0.001726432,0.0023394409945467487,0.09337339800549671,1.726432,2.3394409945467487,93.37339800549671,6.908145887698229,6.909998192172761,6.909998192215749,0.02680614991521126,0.026806150537155158,1.0738521183384364e-11
86,0.0017165290000000003,0.002015071004279889,0.09553469299862627,1.7165290000000002,2.015071004279889,95.53469299862627,-2.178310803462196,-2.177353917491235,-2.1773539177626517,0.04394719495411791,0.04394718248320335,6.641628913506281e-11
87,0.0017058820000000001,0.001993434998439625,0.09274040799937211,1.7058820000000001,1.993434998439625,92.74040799937211,17.047199226961414,17.047690043450167,17.047690044540126,0.002879079145046569,0.0028790855384462737,7.17395587379599e-11
88,0.0017363180000000001,0.002199209004174918,0.09297807700932026,1.7363180000000003,2.199209004174918,92.97807700932026,1.835336676722303,1.8362657570426677,1.8362657570772392,0.05059617959989945,0.05059618148165129,2.965983014746598e-11
89,0.0017228109999999999,0.002125343991792761,0.09285946599266026,1.7228109999999999,2.125343991792761,92.85946599266026,8.731595514945774,8.732810631143533,8.732810631175791,0.013914377044038147,0.0139143774133826,7.281178437956726e-11
90,0.0017129979999999999,0.0021284940012264997,0.09319418399536517,1.7129979999999998,2.1284940012264997,93.19418399536517,0.7796235943376288,0.7805788949563777,0.780578894852912,0.12238360848869849,0.12238359524992708,4.350172999600943e-11
91,0.00181851,0.0020478879887377843,0.09294717200100422,1.81851,2.0478879887377843,92.94717200100422,5.710161411780199,5.711209211077591,5.711209211084242,0.01834636516834614,0.01834636528477437,3.069169918212822e-11
92,0.001861638,0.00209673801145982,0.09359393399790861,1.8616380000000001,2.09673801145982,93.59393399790861,8.257550994351881,8.25903691234922,8.259036912844003,0.017991419739478515,0.017991425729206714,7.629485931914815e-11
93,0.0018115479999999998,0.0020264990016585216,0.09237082599429414,1.811548,2.0264990016585216,92.37082599429414,6.918590172408578,6.919889766871876,6.9198897672654915,0.01878056597836698,0.018780571665479008,1.0617651202693423e-10
94,0.001764172,0.0021428649924928322,0.09309450000000652,1.764172,2.1428649924928322,93.09450000000652,7.463871586590997,7.465663653665416,7.465663653694168,0.024004122842301804,0.024004123227334022,4.288447374989346e-11
95,0.0017214449999999998,0.0020246089989086613,0.09303274100238923,1.721445,2.0246089989086613,93.03274100238923,-1.4995108327916,-1.498965644058213,-1.4989656440017924,0.036370995929628114,0.03637099969496903,3.366523726455739e-11
96,0.001869368,0.0020834190072491765,0.09338438299892005,1.869368,2.0834190072491765,93.38438299892005,-3.913655169157039,-3.9127597362235136,-3.9127597363769233,0.022884945508808287,0.02288494158715586,2.990419023518598e-11
97,0.0017829340000000001,0.0020876819908153266,0.09351111001160461,1.782934,2.0876819908153266,93.51111001160461,10.444273772638486,10.445531883061314,10.445531883598008,0.01204448406182526,0.012044489199233375,5.976930061990515e-11
98,0.001816156,0.0020467840076889843,0.09264983600587584,1.8161559999999999,2.0467840076889843,92.64983600587584,9.08848037535218,9.089647327526702,9.089647327513543,0.012838255792256618,0.012838255647503348,2.2033097568652238e-11
99,0.0017182159999999998,0.001893066000775434,0.09310163201007526,1.7182159999999997,1.893066000775434,93.10163201007526,8.426050711180459,8.426676454219301,8.42667645437814,0.007425739462549507,0.007425741347355241,1.0890506552119206e-10
100,0.001699691,0.002029010996920988,0.09318085000268184,1.6996909999999998,2.029010996920988,93.18085000268184,10.235684035605445,10.242931235136965,10.242931235200665,0.07075317958456301,0.07075318020601683,1.374569902345968e-10
101,0.001709374,0.001981301000341773,0.09282426099525765,1.709374,1.981301000341773,92.82426099525765,3.230612906852425,3.231130378795296,3.2311303789191363,0.016015198466359005,0.016015202298474876,1.2555959050253307e-10
102,0.001712002,0.002148493003915064,0.09351867000805214,1.712002,2.148493003915064,93.51867000805214,-0.24817807628549815,-0.2478703077221418,-0.247870307560639,0.12416515966944726,0.12416522490652342,8.81138217945221e-11
103,0.001734123,0.0020272519905120134,0.09352302100160159,1.7341229999999999,2.0272519905120134,93.52302100160159,5.2925711816348056,5.293421463131562,5.293421462727672,0.016062985021663933,0.01606297739284804,1.1219275508622673e-10
104,0.001704515,0.0020337790047051385,0.09272943499672692,1.704515,2.0337790047051385,92.72943499672692,7.395779159136044,7.396788496014736,7.396788495942868,0.013645609567391071,0.013645608595914892,6.501799099112304e-11
105,0.0017082540000000002,0.002028984992648475,0.09375320799881592,1.7082540000000002,2.028984992648475,93.75320799881592,9.562289467344694,9.563713433240231,9.563713433200032,0.014889257248001752,0.014889256827736442,1.4782342017127803e-11
106,0.0019996190000000002,0.002143670993973501,0.09289817599346861,1.9996190000000003,2.143670993973501,92.89817599346861,18.1606784665074,18.165530934219312,18.165530934063703,0.026712501437392306,0.026712500581005046,4.254635532774387e-11
107,0.0017187489999999999,0.0019755230023292825,0.09308044200588483,1.7187489999999999,1.9755230023292825,93.08044200588483,5.234206227232416,5.23487786964553,5.234877869868161,0.012830144844600534,0.0128301490968915,4.216593740835606e-11
108,0.001816505,0.0020255769923096523,0.09279357800551224,1.816505,2.0255769923096523,92.79357800551224,6.040332028256472,6.041136811366915,6.041136811365419,0.013321716351936833,0.01332171632718167,1.9563325959204292e-10
109,0.001768205,0.0019487550016492605,0.09284556600323413,1.7682049999999998,1.9487550016492605,92.84556600323413,11.610410331761962,11.611390704764865,11.611390704531594,0.008443200541870725,0.008443198533054638,9.911443887844484e-11
110,0.0017678490000000002,0.001985448005143553,0.09279545200115535,1.7678490000000002,1.985448005143553,92.79545200115535,5.022151082269694,5.023066119613269,5.023066119667451,0.01821670911321597,0.018216710191692038,2.056443904052685e-11
111,0.001728988,0.0019465109944576398,0.09317159801139496,1.7289880000000002,1.9465109944576398,93.17159801139496,9.934746983915446,9.935693617657286,9.935693618709088,0.009527606005864692,0.00952761659095346,9.101464026883832e-11
112,0.001821721,0.0019576720078475773,0.10059305399772711,1.8217210000000001,1.9576720078475773,100.59305399772711,10.636852355234168,10.637612459745274,10.637612459704552,0.007145442776577694,0.007145442393801064,6.223349613421192e-11
113,0.0017726789999999999,0.0019440819887677208,0.09284398499585222,1.772679,1.9440819887677208,92.84398499585222,3.776599026765499,3.7777085855389103,3.777708585574384,0.029371211364966603,0.02937121230372157,5.6549875893097123e-11
114,0.002535527,0.001928429992403835,0.09275883999362122,2.535527,1.928429992403835,92.75883999362122,4.727511489358292,4.728151286400095,4.728151286690753,0.01353165334711536,0.013531659493679118,6.171402278098981e-11
115,0.0017798240000000002,0.0019498860056046396,0.09324894400197081,1.779824,1.9498860056046396,93.24894400197081,13.518370914314147,13.519019667893943,13.519019667759334,0.004798821184768243,0.004798820189116841,2.8662072715235354e-11
116,0.0017875220000000002,0.0020686939969891682,0.09243996800796594,1.787522,2.0686939969891682,92.43996800796594,15.323638110073098,15.32761333117427,15.327613331524411,0.025935029905057687,0.02593503218884729,3.9896974612929625e-11
117,0.0017113420000000002,0.0019841239991365,0.09227249099058099,1.7113420000000001,1.9841239991365,92.27249099058099,-0.9620785211508824,-0.9612929156809464,-0.9612929159075776,0.08172383850134857,0.08172381490642071,3.914568669216578e-11
118,0.0017537859999999998,0.002088897002977319,0.09221665500081144,1.7537859999999998,2.088897002977319,92.21665500081144,8.063299664352165,8.065418375694879,8.065418375769873,0.026269081701931797,0.026269082631512,6.053407775041819e-11
119,0.001800305,0.0020355160086182877,0.09306751898839138,1.800305,2.0355160086182877,93.06751898839138,6.9161690733995975,6.917360255733307,6.917360255676382,0.017220186453670967,0.017220185630881252,2.545583188684475e-11
120,0.0017857250000000002,0.0019277740066172555,0.09311309800250456,1.7857250000000002,1.9277740066172555,93.11309800250456,16.511321568561822,16.512009033487125,16.51200903307462,0.004163423868704252,0.0041634213705926655,1.442219815794843e-10
121,0.0017308439999999998,0.0020414879982126877,0.09338034999382216,1.7308439999999998,2.0414879982126877,93.38034999382216,7.575805939525072,7.577627692334726,7.577627692477417,0.024041202387088328,0.024041204269694513,1.4291734462545946e-11
122,0.001840825,0.0020012180029880255,0.0930482830008259,1.840825,2.0012180029880255,93.0482830008259,4.154521669142493,4.1553574423945285,4.155357442493617,0.02011314943711786,0.020113151821240252,5.79100101205654e-11
123,0.00170856,0.0022567169944522902,0.09379037900362164,1.70856,2.2567169944522902,93.79037900362164,3.6417755516485144,3.648409197488185,3.648409197464936,0.18182296668470133,0.18182296604862447,1.7963963649947345e-11
124,0.0016981960000000001,0.0019999499927507713,0.09299023399944417,1.698196,1.9999499927507713,92.99023399944417,8.90060901149667,8.901198435835422,8.901198435889604,0.006621853708814533,0.006621854317483678,1.6861713414417778e-11
125,0.00169427,0.0019889989926014096,0.09228899099980481,1.6942700000000002,1.9889989926014096,92.28899099980481,0.7166447059694185,0.7172042792764657,0.7172042792306534,0.07802146797167155,0.07802146158904097,6.084444059695215e-11
126,0.001713909,0.0019479939946904778,0.09317354699305724,1.713909,1.9479939946904778,93.17354699305724,12.892660218113352,12.893298081221623,12.893298081174741,0.0049472454933731915,0.004947245129778942,1.013363837287784e-10
127,0.001754016,0.002096664989949204,0.09372797999822069,1.754016,2.096664989949204,93.72797999822069,10.3338536802529,10.334586414203368,10.334586414464674,0.00709011392522351,0.007090116453501917,6.184019962773846e-11
128,0.0017059179999999998,0.0019655149953905493,0.09243128199886996,1.7059179999999998,1.9655149953905493,92.43128199886996,13.44064499330717,13.441851943560856,13.441851943331862,0.008979047371991839,0.008979045668557279,6.994949064420553e-11
129,0.001727813,0.001991251003346406,0.09311128499393817,1.7278129999999998,1.991251003346406,93.11128499393817,9.401159205833611,9.401696417028916,9.4016964173342,0.005713981514350289,0.005713984761288171,1.283574357913153e-10
130,0.001703053,0.0020934070053044707,0.09231649899447802,1.703053,2.0934070053044707,92.31649899447802,12.176368481243117,12.17757169577602,12.17757169559209,0.009880578517317067,0.009880577007057684,5.426414872999885e-11
131,0.001726113,0.002034354009083472,0.09339094000461046,1.726113,2.034354009083472,93.39094000461046,3.125247679047721,3.125863802143101,3.125863802063243,0.019710490743635258,0.01971048818939225,5.706066175115154e-11
132,0.001807436,0.0020596559916157275,0.09330423400388099,1.807436,2.0596559916157275,93.30423400388099,16.14551353844744,16.146488608390055,16.146488608486727,0.006038897783069568,0.006038898381757346,1.4459988761927889e-11
133,0.001750255,0.001991943994653411,0.09336788600194268,1.7502550000000001,1.9919439946534112,93.36788600194268,7.97862945972426,7.979503962407396,7.979503962340036,0.01095936147479232,0.010959360630728962,3.105216084264839e-11
134,0.001759765,0.0020240369922248647,0.09252234900486656,1.759765,2.0240369922248647,92.52234900486656,12.677602323393522,12.678766716878691,12.678766717062732,0.00918380715703958,0.009183808608476686,5.210574333114337e-11
135,0.001744148,0.002035615994827822,0.0921937329985667,1.744148,2.035615994827822,92.1937329985667,7.961396574809029,7.962418554945707,7.96241855488077,0.012835046658562433,0.012835045843129715,3.48030770869201e-11
136,0.001738346,0.0020242369937477633,0.0928607509995345,1.738346,2.0242369937477633,92.8607509995345,4.375171025243141,4.376050883971214,4.37605088463987,0.020106227084692514,0.02010624236152127,6.033995525456248e-11
137,0.001732516,0.0022094819869380444,0.09289884199097287,1.732516,2.2094819869380444,92.89884199097287,-0.9395056541984701,-0.9387583266593822,-0.9387583265782666,0.07960808632689387,0.07960809497450112,2.49214641978579e-11
138,0.001717967,0.0020778320031240582,0.09263804699003231,1.717967,2.0778320031240582,92.63804699003231,10.585633186353096,10.587560342994976,10.587560343076511,0.018202084138818686,0.01820208490877829,5.7549590093408654e-11
139,0.0017405290000000002,0.0021799700043629855,0.09331258399470244,1.7405290000000002,2.1799700043629855,93.31258399470244,3.2559962905198603,3.2566972365028377,3.25669723647351,0.02152321607058972,0.02152321517024999,7.385647649016391e-12
140,0.001741229,0.002089390007313341,0.09396329399896786,1.741229,2.089390007313341,93.96329399896786,4.5664594652147095,4.567295308447463,4.567295308463731,0.018300617242931097,0.01830061759904774,1.8364587628383333e-11
141,0.001726611,0.0019333800009917468,0.09310307299892884,1.7266110000000001,1.9333800009917468,93.10307299892884,2.406713301032891,2.407371751427217,2.407371751121012,0.027351421480106608,0.02735140876411923,1.4340162390880096e-10
142,0.0017426730000000001,0.002093828996294178,0.09258277699700557,1.7426730000000001,2.093828996294178,92.58277699700557,-0.3957622425514167,-0.3948245497521299,-0.3948245497844489,0.23749607259109778,0.23749606438598675,8.402056828060722e-12
143,0.002030316,0.002077059994917363,0.09269458201015368,2.030316,2.077059994917363,92.69458201015368,3.5582926244748094,3.559160497204264,3.5591604971738207,0.024384197625708388,0.02438419677056909,1.1164291713328112e-11
144,0.0017378,0.002067196008283645,0.09232398201129399,1.7378,2.067196008283645,92.32398201129399,9.19981802681285,9.20052093700415,9.200520937229914,0.007639895568015649,0.007639898021648977,3.507094614718653e-11
145,0.001708881,0.002176451002014801,0.09342324300087057,1.708881,2.176451002014801,93.42324300087057,7.105660149479423,7.10668310539646,7.106683105454657,0.014394280733583814,0.01439428155237121,1.2155609852015914e-11
146,0.001701567,0.002269299002364278,0.09230056300293654,1.701567,2.269299002364278,92.30056300293654,6.545630025183343,6.548596560391957,6.548596560422528,0.04530032017175541,0.04530032063837833,9.790446231505712e-12
147,0.001739666,0.0020525629952317104,0.09348929500265513,1.739666,2.0525629952317104,93.48929500265513,10.507310973624016,10.508215545839331,10.508215546001395,0.008608238110166377,0.008608239652294897,2.3891333356118594e-11
148,0.001748031,0.002235012987512164,0.09289407799951732,1.748031,2.235012987512164,92.89407799951732,3.0674885463277803,3.0689218550646196,3.0689218553719613,0.04670398284902053,0.04670399285899086,6.324718526684592e-11
149,0.001736917,0.0020295740105211735,0.09327659400878474,1.7369169999999998,2.0295740105211735,93.27659400878474,3.579782088386086,3.580400938043965,3.5804009380261483,0.017284367549559483,0.0172843670520236,1.0268862843387794e-10
150,0.0017103939999999998,0.0019880799954989925,0.09408946399344131,1.7103939999999997,1.9880799954989925,94.08946399344131,6.5807428040276115,6.582029660678366,6.582029660373607,0.01955106125458577,0.019551056625325237,6.265815644113104e-11
151,0.001751609,0.0020623879972845316,0.09414032999484334,1.751609,2.0623879972845316,94.14032999484334,2.1633397705273225,2.1639727310151287,2.16397273110287,0.02924992901870904,0.029249933072166095,1.0237699576975956e-11
152,0.0017356859999999997,0.0019974830065621063,0.09331382700474933,1.7356859999999998,1.9974830065621063,93.31382700474933,7.685101078005665,7.685655156635615,7.685655156266101,0.0072092569684374845,0.007209252160941568,3.500366663189425e-11
153,0.0018264689999999998,0.0020732940029120073,0.09370911600126419,1.826469,2.0732940029120073,93.70911600126419,15.73543747491712,15.736765770508793,15.73676577069159,0.008440715271763027,0.008440716433261839,1.1741718708435656e-11
154,0.0017102600000000001,0.002070385991828516,0.09315249399514869,1.7102600000000001,2.070385991828516,93.15249399514869,8.498491501538552,8.500279887202979,8.500279887385904,0.021039138571407,0.021039140722950135,5.258005142394495e-11
155,0.001763199,0.0022075630113249645,0.09299356100382283,1.763199,2.2075630113249645,92.99356100382283,9.002416261472707,9.003714480729087,9.003714480708066,0.014418707514093465,0.014418707280652301,2.4714785773483072e-11
156,0.0017345059999999998,0.0021390299953054637,0.09297842100204434,1.7345059999999999,2.1390299953054637,92.97842100204434,3.2331161681739715,3.2344636077956395,3.2344636080160107,0.04165882770856884,0.041658834518955336,3.8587022466174403e-11
157,0.001704117,0.0021047430054750293,0.09379200400144327,1.704117,2.1047430054750293,93.79200400144327,9.015532939258428,9.016622203542447,9.016622203489693,0.01208062464446009,0.012080624059453074,4.879133208568476e-11
158,0.0017620000000000001,0.001967771997442469,0.09376739100844134,1.762,1.967771997442469,93.76739100844134,6.039719273399612,6.040471817084526,6.040471816474611,0.012458359341828805,0.012458349245933874,4.750466686687105e-11
159,0.002481558,0.002014141995459795,0.09279542199510615,2.481558,2.014141995459795,92.79542199510615,15.272997805794269,15.273942654415098,15.273942654550833,0.006186016552550699,0.006186017441165938,3.624400779500547e-11
160,0.001983425,0.0021641760104103014,0.09434317200793885,1.983425,2.1641760104103014,94.34317200793885,5.275496086674217,5.276758515415938,5.276758515444783,0.023924322821171715,0.023924323367673538,3.1954439094761256e-12
161,0.001747956,0.0020733249984914437,0.09274273600021843,1.7479559999999998,2.0733249984914437,92.74273600021843,5.479946083598808,5.481115851665276,5.481115851727957,0.021341786930352515,0.021341788073680843,4.196792913191416e-11
162,0.0017636000000000002,0.0019932340073864907,0.09311340400017798,1.7636,1.9932340073864907,93.11340400017798,9.569470204666843,9.57140518027336,9.57140518041955,0.020216212458592456,0.02021621398565205,6.540090691231626e-11
163,0.001755756,0.0020059209928149357,0.09296603000257164,1.755756,2.0059209928149357,92.96603000257164,8.451287527709844,8.453230608189948,8.453230608007665,0.022986247154084673,0.022986244998213837,5.998358754144562e-11
164,0.0017745909999999998,0.0020677669963333756,0.09293901499768253,1.7745909999999998,2.0677669963333756,92.93901499768253,3.7066738648737214,3.707459700604254,3.7074597007250034,0.021196069384228,0.021196072640474815,1.911737435023042e-11
165,0.0020546180000000002,0.002115818002494052,0.09346536599332467,2.054618,2.115818002494052,93.46536599332467,8.816138959731873,8.817182351007737,8.817182351381472,0.011833613441657228,0.011833617679865986,6.58392645958017e-11
166,0.001739801,0.0020387570111779496,0.09343857699423097,1.739801,2.0387570111779496,93.43857699423097,12.158083136654199,12.159997689962264,12.159997689783147,0.015744684800768887,0.01574468332799752,4.967293243396398e-11
167,0.001738867,0.001983095004106872,0.09324906399706379,1.7388670000000002,1.9830950041068718,93.24906399706379,-8.844872498165962,-8.844281153177157,-8.844281153203355,0.006686184875444632,0.006686184579214086,7.157700127047306e-11
168,0.001745923,0.002068247995339334,0.09349277100409381,1.745923,2.068247995339334,93.49277100409381,6.771349001392082,6.773740001772872,6.773740000708596,0.03529808318837284,0.03529806748212917,2.825006895079696e-10
169,0.001744367,0.002273246005643159,0.0933448470022995,1.744367,2.273246005643159,93.3448470022995,20.358807006149142,20.361725749124016,20.361725748191294,0.014334457750956549,0.014334453170850445,5.7775700890161374e-11
170,0.001742371,0.0021239630004856735,0.09337971100467257,1.742371,2.1239630004856735,93.37971100467257,10.78901169677549,10.790202015335034,10.790202015556595,0.011031476128552948,0.011031478181684057,5.107020362160597e-11
171,0.001727795,0.0020601720025297254,0.09329898199939635,1.727795,2.0601720025297254,93.29898199939635,3.811423977886861,3.8122741435682883,3.8122741435732763,0.022300748828932036,0.022300748959743658,4.804223685539455e-11
172,0.0017502820000000001,0.00197288699564524,0.09309077200305182,1.7502820000000001,1.97288699564524,93.09077200305182,7.882015951693575,7.882967698076531,7.882967698921966,0.01207345278337574,0.012073463506921496,1.2897594103833399e-10
173,0.001752997,0.0019606379937613383,0.09278666699538007,1.7529970000000001,1.9606379937613383,92.78666699538007,8.409243385002071,8.409971453715272,8.409971454141957,0.008657207901452864,0.008657212974567903,7.309242100461688e-11
174,0.0017131140000000002,0.0021609840041492134,0.09369496599538252,1.7131140000000002,2.1609840041492134,93.69496599538252,3.383340313191887,3.3845401333863734,3.3845401332960847,0.03545002119049504,0.03545001852376176,3.732601727701734e-11
175,0.0017684950000000001,0.0020765259978361428,0.09386045500286855,1.7684950000000002,2.076525997836143,93.86045500286855,4.790127303617183,4.790742124338529,4.790742124398697,0.012833517342170777,0.012833518597947765,4.393940766789228e-11
176,0.001994158,0.0019237670057918876,0.09225864999461919,1.9941580000000003,1.9237670057918876,92.25864999461919,1.5870863879013868,1.5876096537891655,1.5876096534545105,0.032959354116413306,0.03295933304418881,5.7514215612286534e-11
177,0.001727009,0.0019725430029211566,0.09355370298726484,1.727009,1.9725430029211566,93.55370298726484,8.129599935668786,8.129945117088234,8.129945117129648,0.004245802578939849,0.004245803088318748,9.782052945439546e-11
178,0.001759301,0.0019305669993627816,0.09246865600289311,1.759301,1.9305669993627816,92.46865600289311,11.09206760010833,11.092561003665672,11.092561004203606,0.00444805809208243,0.004448062941370289,1.543214445121066e-10
179,0.001769382,0.0020729550014948472,0.0934853490034584,1.7693819999999998,2.0729550014948472,93.4853490034584,4.537448762361144,4.5384447931054055,4.53844479324572,0.02194652110287333,0.021946524193880032,1.6563195259777785e-11
180,0.0018219339999999999,0.0020878069917671382,0.09255899600975681,1.821934,2.0878069917671382,92.55899600975681,-2.7975772880835486,-2.7970831129463782,-2.797083113266492,0.017667517096042397,0.0176675056494655,5.696204619098921e-11
181,0.0017534069999999998,0.00193740900431294,0.09291900199605152,1.7534069999999997,1.93740900431294,92.91900199605152,14.594956059779928,14.596177463359126,14.596177464056908,0.008367968821041344,0.008367973601217523,8.328304712534873e-11
182,0.0017000250000000002,0.0019486379896989092,0.09283337800297886,1.7000250000000001,1.9486379896989092,92.83337800297886,6.630777909908012,6.632328603322602,6.632328603414056,0.02338082907732943,0.023380830455918735,3.9031000653722003e-11
183,0.001704631,0.0019533360027708113,0.09273592699901201,1.704631,1.9533360027708113,92.73592699901201,14.923046761317206,14.924639046843517,14.924639046603662,0.010668837760919871,0.010668836153988085,4.560618549476203e-11
184,0.001766239,0.001963991002412513,0.0931830070039723,1.766239,1.963991002412513,93.1830070039723,8.758695420587092,8.759827812816024,8.759827812963685,0.012927106024565826,0.012927107710013912,3.4603653276121804e-11
185,0.0017525189999999997,0.0019990440050605685,0.09246520498709287,1.7525189999999997,1.9990440050605685,92.46520498709287,11.033423145752039,11.033922947818247,11.033922947716508,0.004529686028915168,0.004529685106899909,1.2381312641807085e-10
186,0.001772479,0.0019820330053335056,0.0925289240112761,1.772479,1.9820330053335056,92.5289240112761,10.136317663593367,10.13697004085136,10.136970041438712,0.006435623814250789,0.006435629608039137,1.190139653495237e-10
187,0.0017315499999999999,0.0021256710024317726,0.09382808700320311,1.73155,2.1256710024317726,93.82808700320311,2.9614545025773467,2.96207882325319,2.962078823286003,0.02107711215995644,0.021077113267487655,3.5990765923088475e-11
188,0.0017217579999999999,0.002005524991545826,0.09252545400522649,1.721758,2.005524991545826,92.52545400522649,-0.7591781979113712,-0.7582840769274881,-0.7582840765428323,0.11791372271800794,0.11791377350496718,7.192935136401957e-11
189,0.0017660170000000002,0.0021905220055487007,0.09239688000525348,1.7660170000000002,2.1905220055487007,92.39688000525348,3.627921046043948,3.6308652796575807,3.630865279448507,0.08108903489557132,0.08108902914200858,2.6754598536626872e-11
190,0.0017099799999999998,0.0020930230093654245,0.09293936300673522,1.7099799999999998,2.0930230093654245,92.93936300673522,10.27633829515431,10.277245428159276,10.277245428049799,0.008826616152218391,0.008826615087076864,3.7069458613814277e-11
191,0.001749085,0.002063476000330411,0.09338748300797306,1.749085,2.063476000330411,93.38748300797306,8.987772309817796,8.990326611036245,8.99032661089398,0.028411662100391984,0.028411660518420017,2.8775870575259432e-11
192,0.0017446200000000001,0.0020658190042013302,0.09323798099649139,1.74462,2.0658190042013302,93.23798099649139,11.652501842712738,11.654602516938347,11.654602516959116,0.018024417585722662,0.01802441776389623,6.250389095185938e-11
193,0.001741226,0.0020707510120701045,0.09283802400750574,1.741226,2.0707510120701045,92.83802400750574,14.641907038344492,14.642945988969593,14.642945989020376,0.007095229511085083,0.007095229857865617,4.762355093612669e-11
194,0.001720453,0.002050997005426325,0.09184561100846622,1.720453,2.050997005426325,91.84561100846622,-2.82764798788957,-2.8267738825672524,-2.82677388267323,0.030922364456109956,0.03092236070589065,4.80593759233372e-11
195,0.001758248,0.0019034730066778138,0.09298503700119909,1.758248,1.9034730066778138,92.98503700119909,6.624984234425831,6.625672832590734,6.625672832034695,0.010392879067551106,0.010392870676237556,1.0502865244177428e-10
196,0.001724197,0.0020081690017832443,0.09278568599256687,1.724197,2.0081690017832443,92.78568599256687,12.190526264510645,12.191700213873581,12.191700213890996,0.009629086528886725,0.00962908667171935,4.1762926450417126e-11
197,0.001720957,0.002081828992231749,0.09324339500744827,1.7209569999999998,2.081828992231749,93.24339500744827,3.477802527171505,3.478862770085403,3.4788627701181483,0.03047670988964294,0.03047671083062235,1.489688372657838e-10
198,0.001761471,0.002000548003707081,0.09359463900909759,1.761471,2.000548003707081,93.59463900909759,1.1322747985177344,1.1331211520015003,1.133121152198168,0.074692232359353,0.07469224970265961,4.4982351177225155e-11
199,0.0017161409999999998,0.0020233149989508092,0.09335049799119588,1.7161409999999997,2.0233149989508092,93.35049799119588,5.529017764850458,5.529588082644956,5.529588082575735,0.010313929102386427,0.010313927850684983,4.133415831830689e-11
200,0.001728429,0.0021494789980351925,0.09282483399147168,1.728429,2.1494789980351925,92.82483399147168,2.5528248892150422,2.553772904437338,2.553772903959299,0.037122142718656,0.03712212400667567,4.8492265758426356e-11
201,0.001729802,0.002068697998765856,0.09354684200661723,1.7298019999999998,2.068697998765856,93.54684200661723,16.367581432262778,16.372195250384507,16.37219525020202,0.02818081540788548,0.028180814293573917,4.452591073622614e-11
202,0.0017712370000000002,0.0020713690028060228,0.09264939300192054,1.7712370000000002,2.0713690028060228,92.64939300192054,6.870747278970612,6.872079343863028,6.87207934405917,0.01938372399041076,0.01938372684404123,1.652574743715718e-10
203,0.001732401,0.0021066579938633367,0.09236391799640842,1.7324009999999999,2.1066579938633367,92.36391799640842,11.194336030121619,11.196673639363382,11.196673639611312,0.020877711694170874,0.020877713908024047,1.2009759853270907e-10
204,0.001724663,0.0019907629903173074,0.09265695099020377,1.724663,1.9907629903173074,92.65695099020377,-1.144565516295497,-1.1431029950413532,-1.1431029949024243,0.12794308653622363,0.12794309870543488,9.823654389951031e-11
205,0.0017598829999999998,0.0020430840086191893,0.09317188900604378,1.7598829999999999,2.0430840086191893,93.17188900604378,11.04728653614099,11.049157071954195,11.049157071676213,0.016929217324204573,0.01692921480876362,4.575811951568198e-11
206,0.0017617420000000002,0.0020599380077328533,0.09287602100812364,1.7617420000000001,2.0599380077328533,92.87602100812364,7.6115987215690595,7.613320717368538,7.613320717705427,0.022618195967363402,0.022618200391364984,4.4850789748807074e-11
207,0.001766969,0.0021005500020692125,0.09298448699701112,1.766969,2.1005500020692125,92.98448699701112,9.662821170680164,9.663895689221643,9.663895689213405,0.0111188963129801,0.011118896227736765,2.1908225233957523e-11
208,0.001747134,0.002026575995841995,0.09275405900552869,1.747134,2.026575995841995,92.75405900552869,14.508623230905087,14.509914155550916,14.509914155483074,0.008896845508458047,0.008896845040939192,1.1145151468383574e-10
209,0.001727874,0.002082956998492591,0.09263417300826404,1.727874,2.082956998492591,92.63417300826404,3.59262981107673,3.5934463089481525,3.5934463088493658,0.0227218608885152,0.022721858140058653,4.540001707908914e-11
210,0.0017682669999999998,0.0020865030091954395,0.09294960300030652,1.7682669999999998,2.0865030091954395,92.94960300030652,6.387272499496248,6.38846688534143,6.388466885683773,0.018695969887893796,0.018695975245658726,5.4245635761063227e-11
211,0.0017759120000000002,0.002282999994349666,0.09336780599551275,1.7759120000000002,2.282999994349666,93.36780599551275,6.511010710542127,6.515570651117358,6.51557065107604,0.0699852832452762,0.06998528261157663,1.311928343739055e-11
212,0.001753788,0.0023140690027503297,0.09364947199355811,1.7537880000000001,2.3140690027503297,93.64947199355811,4.85387322707194,4.857379217668601,4.85737921761104,0.07217864695241989,0.0721786457682521,9.560491287530226e-12
213,0.0017502149999999998,0.0021467769984155893,0.09307095099939033,1.7502149999999999,2.1467769984155893,93.07095099939033,6.675474947342295,6.676305712237987,6.676305712236946,0.012443481941957732,0.012443481926368039,2.4010807231356068e-11
214,0.001777819,0.002045178000116721,0.09320492400729563,1.777819,2.045178000116721,93.20492400729563,10.498227853175496,10.498957802290914,10.498957802206931,0.006952586429653523,0.006952585629795467,2.140476684786563e-11
215,0.0017418960000000002,0.0020304799982113764,0.09239866699499544,1.741896,2.0304799982113764,92.39866699499544,2.5439214310525102,2.545033911904312,2.545033911682296,0.04371182822351958,0.04371181950382689,5.3748838713119085e-11
216,0.001763392,0.00208343198755756,0.09327179499086924,1.7633919999999998,2.08343198755756,93.27179499086924,7.4458509047531365,7.446861947442123,7.446861947332984,0.013576761542275401,0.013576760076899145,6.502251514994839e-11
217,0.00174801,0.0020877160131931305,0.09328681899933144,1.7480099999999998,2.0877160131931305,93.28681899933144,0.7226919279559709,0.7236303907113282,0.7236303907740087,0.12968813463386217,0.12968814328458206,1.610755973047162e-11
218,0.001726614,0.0020413289894349873,0.09385878100874834,1.726614,2.0413289894349873,93.85878100874834,4.214173450805319,4.21498188271455,4.214981882750607,0.019179961663572772,0.019179962518845146,1.5565368438608118e-11
219,0.0017324950000000001,0.002053379997960292,0.09310552399256267,1.7324950000000001,2.053379997960292,93.10552399256267,11.094285379821244,11.095326614295765,11.095326614490027,0.009384441853013667,0.009384443603698079,1.0479006551378234e-10
220,0.001733604,0.002087619010126218,0.09375964000355452,1.733604,2.087619010126218,93.75964000355452,19.18385672943858,19.18562096430661,19.185620964441256,0.009195609937841893,0.009195610639575314,3.9061955059427333e-11
221,0.0017720890000000001,0.002016692000324838,0.09304669700213708,1.772089,2.016692000324838,93.04669700213708,2.3665263497391322,2.3677216347934795,2.3677216350930266,0.050482499157953234,0.05048251180284487,8.776962490131268e-11
222,0.0017841240000000002,0.001977141000679694,0.09354075300507247,1.7841240000000003,1.9771410006796941,93.54075300507247,5.929921556290591,5.93252871482688,5.932528714460332,0.04394683383113324,0.04394682765524076,1.0089196145202095e-10
223,0.0018299610000000002,0.0020841769874095917,0.09501872600230854,1.8299610000000002,2.0841769874095917,95.01872600230854,0.7538740825466093,0.7544896399020118,0.7544896397409246,0.08158592548500389,0.081585904151945,3.4669822568389463e-11
224,0.0017417320000000002,0.002162122997106053,0.093831500998931,1.7417320000000003,2.162122997106053,93.831500998931,5.009297644167265,5.009998640437324,5.009998640429696,0.013991945315126986,0.013991945162899222,5.600075958511752e-12
225,0.0017522179999999998,0.0020132839999860153,0.09322088900080416,1.7522179999999998,2.0132839999860153,93.22088900080416,1.4860406455822393,1.4867970005713396,1.4867970005205073,0.05087143630298337,0.05087143288581423,4.925909680153495e-11
226,0.0017941160000000001,0.0020585439924616367,0.09297552600037307,1.794116,2.0585439924616367,92.97552600037307,4.39225428699276,4.3933412919888575,4.39334129206258,0.02474210228283295,0.024742103960465445,9.232614672782802e-11
227,0.0017425610000000001,0.0021229069971013814,0.09314386799815111,1.742561,2.1229069971013814,93.14386799815111,2.829096180981171,2.830009281023564,2.830009281060466,0.032264913352598755,0.03226491465613267,5.968181504556469e-11
228,0.0017333519999999999,0.0021903930028202012,0.09275914500176441,1.7333519999999998,2.190393002820201,92.75914500176441,2.037430596837094,2.0386588547923665,2.0386588547788023,0.06024833200440386,0.060248331339452565,2.0374812947920873e-11
229,0.001779927,0.002165611003874801,0.09399849000328686,1.779927,2.165611003874801,93.99849000328686,6.457532016614351,6.461945051680761,6.461945051360551,0.06829267397224213,0.06829266902031274,3.464994957624867e-11
230,0.0017537499999999999,0.0020518259989330545,0.09316388299339451,1.75375,2.0518259989330545,93.16388299339451,0.22112909564282646,0.22192718264840394,0.2219271826920277,0.3596166075977649,0.3596166271838707,1.63051794288549e-11
231,0.0017366740000000001,0.0021277250052662566,0.09353268198901787,1.736674,2.1277250052662566,93.53268198901787,0.8561558728964371,0.8568254424236201,0.8568254424187494,0.07814538341544262,0.07814538284741977,7.02327085377874e-12
232,0.0017441610000000001,0.002232660001027398,0.09344776801299304,1.744161,2.232660001027398,93.44776801299304,3.706766203434377,3.707302893766766,3.7073028936300965,0.014476570913352103,0.014476567227395995,5.708283845606843e-11
233,0.0017421770000000001,0.001997389001189731,0.09331596500123851,1.742177,1.997389001189731,93.31596500123851,17.687630178294647,17.68894507357816,17.68894507447375,0.007433429625364459,0.007433434687977315,5.5548954325246314e-11
234,0.001728191,0.0021076480043120682,0.09306842199293897,1.728191,2.1076480043120682,93.06842199293897,11.503236509728467,11.503847926887428,11.503847926978288,0.0053148925720046215,0.005314893361790993,4.5415587957009507e-11
235,0.0017815090000000001,0.001981120993150398,0.09272126900032163,1.7815090000000002,1.9811209931503981,92.72126900032163,4.299024187624816,4.299848015614401,4.299848015595359,0.01915946765079317,0.019159467208012475,5.73529002068085e-11
236,0.001798752,0.0020288399973651394,0.09285603000898845,1.7987520000000001,2.0288399973651394,92.85603000898845,4.906585805793288,4.907575764153474,4.907575764104713,0.020172044360831396,0.02017204336744563,2.432498646953718e-11
237,0.0017330770000000002,0.0020101380068808794,0.09336254200024996,1.7330770000000002,2.0101380068808794,93.36254200024996,14.122534502595855,14.12352829715676,14.123528297088676,0.007036446842432266,0.00703644636040389,3.3328340087734887e-11
238,0.001862165,0.0019539380009518936,0.09285670699318871,1.862165,1.9539380009518936,92.85670699318871,-0.8270900218018866,-0.826228454574018,-0.8262284548594181,0.1042771188887313,0.10427708431018907,4.6581738466500155e-11
239,0.001793184,0.001949653000338003,0.09449615000630729,1.793184,1.949653000338003,94.49615000630729,3.4107353741823907,3.41165901307847,3.4116590136664904,0.02707301323311169,0.027073030464057155,1.2577144881120716e-10
240,0.001732105,0.002268435011501424,0.09282996600086335,1.732105,2.268435011501424,92.82996600086335,8.658888871267735,8.65965865683307,8.659658656751219,0.008889329196919949,0.008889328251805393,5.8125962376642804e-11
241,0.0017410610000000001,0.002154044996132143,0.09352526199654676,1.7410610000000002,2.154044996132143,93.52526199654676,4.991581352113052,4.992651816277505,4.99265181636698,0.021440793466970275,0.021440795258721695,2.423706374488077e-11
242,0.001760056,0.001960353009053506,0.09348514401062857,1.760056,1.960353009053506,93.48514401062857,13.066323426653845,13.067137912262694,13.067137912110606,0.006233083436617598,0.0062330822727924284,5.694922311505479e-11
243,0.00176017,0.0019205790013074875,0.09225546300876886,1.76017,1.9205790013074875,92.25546300876886,10.498989049410234,10.501677019897372,10.501677019840365,0.025595630888712247,0.02559563034601557,3.222044853146144e-11
244,0.001757445,0.0020198790007270873,0.0937046910112258,1.7574450000000001,2.0198790007270873,93.7046910112258,3.5579684339579813,3.55904025319769,3.5590402532200756,0.030115400879368055,0.030115401508158564,4.665345887389094e-11
245,0.001764755,0.001969101998838596,0.09384703099203762,1.764755,1.969101998838596,93.84703099203762,10.61962402410839,10.620623816607463,10.62062381628278,0.009413689029352565,0.009413685972545882,2.9907826215591626e-11
246,0.001783857,0.0020380099886097014,0.09389828699931968,1.783857,2.0380099886097014,93.89828699931968,11.745868269124308,11.748019933326376,11.748019932788488,0.01831512215912549,0.018315117581422652,3.9563297082878535e-11
247,0.001751398,0.0019964160019299015,0.09386323900253046,1.751398,1.9964160019299015,93.86323900253046,12.371943145452498,12.374499855571486,12.374499855628894,0.020661118823616178,0.020661119287444536,2.8592656020620666e-11
248,0.001747382,0.002161977012292482,0.09316907399625052,1.747382,2.161977012292482,93.16907399625052,5.118317629522771,5.119348969950156,5.119348970277088,0.02014592936404599,0.0201459357489498,9.304143566701839e-11
249,0.0017349639999999999,0.0018579190073069185,0.09185657900525257,1.734964,1.8579190073069185,91.85657900525257,8.968723643400708,8.969863015928745,8.96986301652565,0.012702228852478351,0.012702235506201098,1.4152265470634973e-10
250,0.0017430219999999999,0.00203719999990426,0.09272969400626607,1.7430219999999998,2.03719999990426,92.72969400626607,12.500259781836014,12.502155457895448,12.50215545787265,0.015162793854369775,0.01516279367204676,4.0894732045160254e-11
251,0.001747992,0.0019597409991547465,0.09313746899715625,1.747992,1.9597409991547465,93.13746899715625,6.935722570219816,6.937496267956263,6.937496267700745,0.02556682797278017,0.025566824290573574,3.388006541982236e-11
252,0.001737775,0.0019205290009267628,0.09298658299667295,1.737775,1.9205290009267628,92.98658299667295,4.1112821432614375,4.112614421181647,4.112614421508759,0.032394914372409996,0.032394922323716824,1.5718060186742377e-10
253,0.00175128,0.0019393600086914375,0.09319071601203177,1.75128,1.9393600086914375,93.19071601203177,12.70644015829076,12.707339650595134,12.707339650979279,0.007078525711174863,0.007078528733971852,5.166522765165382e-11
254,0.001752974,0.00193593799485825,0.09302178800862748,1.752974,1.93593799485825,93.02178800862748,7.6229121966044175,7.623546456645332,7.6235464569119245,0.008319750453700583,0.008319753950365862,6.863833112991102e-11
255,0.001754385,0.002009757998166606,0.09313503200246487,1.754385,2.009757998166606,93.13503200246487,1.1706824167240235,1.1714361008802427,1.171436100835546,0.06433847784381083,0.06433847403071906,1.3869905224339618e-11
256,0.0017523909999999998,0.0019466200028546154,0.09341341898834798,1.7523909999999998,1.9466200028546154,93.41341898834798,3.747284900142482,3.748101487725304,3.748101487718664,0.021786698825955825,0.021786698648837484,2.2146572770109785e-11
257,0.0017409360000000002,0.002245462004793808,0.09333784099726472,1.7409360000000003,2.245462004793808,93.33784099726472,13.557512240079454,13.559291407826581,13.559291407837549,0.01312139177199421,0.01312139185286708,5.162731353536287e-11
258,0.001739085,0.00204413800383918,0.0959521170007065,1.739085,2.04413800383918,95.9521170007065,8.703754599603712,8.704866675761743,8.704866675661275,0.012775338203933966,0.01277533704993174,8.782857774392028e-11
259,0.001733563,0.002167764992918819,0.09385325699986424,1.733563,2.167764992918819,93.85325699986424,8.700160443951674,8.700703371141536,8.700703371103408,0.006240037922253739,0.00624003748406682,7.503514476425721e-11
260,0.0017787640000000002,0.002169012004742399,0.09212976999697275,1.7787640000000002,2.169012004742399,92.12976999697275,7.30089528871364,7.3027675562548175,7.302767556382694,0.025637780837947002,0.02563778258856539,9.126160938066619e-11
261,0.001733559,0.002026151996687986,0.09294249600498006,1.733559,2.026151996687986,92.94249600498006,7.837694902693983,7.838353918697074,7.838353918827007,0.008407581616327223,0.008407583273849637,4.2587267046201305e-11
262,0.001748019,0.002082065009744838,0.0932137519994285,1.748019,2.082065009744838,93.2137519994285,14.30482482939033,14.307532958673825,14.307532958501078,0.018927996121459262,0.018927994914301798,4.290021116126752e-11
263,0.001749987,0.0020111139892833307,0.09298234300513286,1.749987,2.0111139892833307,92.98234300513286,4.477058242181158,4.4776704856043565,4.477670485641763,0.013673257671967498,0.013673258507254682,1.6552981207951234e-11
264,0.001780542,0.0019744859891943634,0.0928170319966739,1.780542,1.9744859891943634,92.8170319966739,2.259809674200387,2.2605193723588073,2.2605193723022374,0.03139535838969271,0.03139535588796234,6.812461705862916e-11
265,0.001737294,0.00201601700973697,0.09350215099402703,1.737294,2.01601700973697,93.50215099402703,6.100021505249359,6.101405638372032,6.101405638395573,0.022685479456876684,0.022685479842606496,3.707545381814725e-11
266,0.001742332,0.0020608890044968575,0.09390560699102934,1.742332,2.0608890044968575,93.90560699102934,-1.0696983152231567,-1.0686801320485628,-1.0686801320716768,0.09527482958274296,0.09527482741783166,1.194457033282248e-10
267,0.0017323280000000002,0.002035268989857286,0.09235507900302764,1.7323280000000003,2.035268989857286,92.35507900302764,2.6800721905678877,2.6813479153752624,2.6813479155163584,0.04757774252492554,0.047577747784552336,4.3317238684892345e-11
268,0.0017443190000000003,0.0020199510036036372,0.09330117500212509,1.7443190000000002,2.019951003603637,93.30117500212509,8.664781442873398,8.66583981584451,8.665839815953913,0.012213161027706799,0.012213162290006886,4.5083436983617275e-11
269,0.001743113,0.0021124609920661896,0.0934996829892043,1.743113,2.1124609920661896,93.4996829892043,10.975441994870497,10.976056396391655,10.976056396275787,0.005597652735824106,0.005597651680238075,4.516409468635629e-11
270,0.001769156,0.0020873080065939575,0.093729271000484,1.769156,2.0873080065939575,93.729271000484,8.363010065461395,8.364058106828288,8.364058106970994,0.012530297536280327,0.012530299242240755,7.694020854459582e-11
271,0.0017864680000000003,0.002015250996919349,0.0931065850018058,1.7864680000000002,2.015250996919349,93.1065850018058,0.6292881885849688,0.6309123909295948,0.6309123902093496,0.2574370654272445,0.2574369515618283,1.1874223826424668e-10
272,0.001771003,0.0020789340051123872,0.0930243850016268,1.7710029999999999,2.0789340051123872,93.0243850016268,3.668220435444649,3.669459488754324,3.669459489093313,0.033766643656161735,0.03376665289116806,7.038547522597582e-11
273,0.001769122,0.002063010004349053,0.09314436800195836,1.7691219999999999,2.063010004349053,93.14436800195836,-5.973143920738703,-5.972170546500774,-5.972170545907211,0.0162985003584663,0.016298510298893645,7.870054608005717e-11
274,0.001757566,0.0020272190013201907,0.09306971600744873,1.757566,2.0272190013201907,93.06971600744873,-0.2183435326489942,-0.2177500267152297,-0.21775002634946006,0.27256296714061157,0.272563135575305,9.566814007655466e-11
275,0.001742226,0.0020184629975119606,0.09287997399223968,1.7422259999999998,2.0184629975119606,92.87997399223968,3.3082555160825358,3.30951885242494,3.3095188523977583,0.03817280996839521,0.038172809147386556,6.715111799948659e-11
276,0.0017502300000000002,0.0019825859926640987,0.09857237699907273,1.7502300000000002,1.9825859926640987,98.57237699907273,3.5893580706344466,3.592424114297053,3.592424114127489,0.08534748584957598,0.08534748113356265,5.857465901204506e-11
277,0.001760229,0.0020424500107765198,0.09325270900444593,1.760229,2.0424500107765198,93.25270900444593,8.714720709530884,8.71548855367999,8.715488554784443,0.008810110235090615,0.008810122906280613,1.1779222042207493e-10
278,0.001788904,0.0020368920086184517,0.09289931900275405,1.788904,2.0368920086184517,92.89931900275405,4.915422366157415,4.91602336960376,4.916023369843327,0.012225398480835594,0.012225403353418225,3.1858182758526254e-11
279,0.001778764,0.0020418380008777604,0.09311964800872374,1.778764,2.0418380008777604,93.11964800872374,9.615639317995985,9.616223848881663,9.61622384890396,0.006078590669937723,0.006078590901790435,3.6784242318788074e-11
280,0.001750971,0.0020118459942750633,0.09304038100526668,1.750971,2.0118459942750633,93.04038100526668,4.178299541979449,4.180305771659029,4.180305771523997,0.047992414650179185,0.04799241142154607,8.188028033373485e-11
281,0.001763829,0.001979433000087738,0.09307144799095113,1.7638289999999999,1.979433000087738,93.07144799095113,1.4274288010861476,1.428585123373857,1.4285851234967595,0.08094178420243406,0.08094179279856849,1.0709261255570368e-10
282,0.001763691,0.002123659010976553,0.0936735159921227,1.763691,2.123659010976553,93.6735159921227,3.7352927617981564,3.735688639110208,3.7356886387723094,0.0105971709715585,0.010597161927368178,8.580025578908135e-11
283,0.001823892,0.0020137159881414846,0.09367778598971199,1.8238919999999998,2.0137159881414846,93.67778598971199,6.054800741871357,6.055848018151885,6.0558480180112255,0.017293635464232626,0.01729363314193665,5.6731036535140333e-11
284,0.0018332480000000002,0.002084575011394918,0.09343509700556751,1.8332480000000002,2.084575011394918,93.43509700556751,6.3556574702736945,6.356524749593941,6.356524749663599,0.013643922652890503,0.013643923748592256,1.0320133636554374e-11
285,0.001749358,0.0020126940071349964,0.0934535800042795,1.749358,2.0126940071349964,93.4535800042795,9.54610544922578,9.547435514013682,9.547435514269406,0.013931120937642264,0.013931123615730059,4.873482173373134e-11
286,0.001754203,0.001946199990925379,0.09577875499962829,1.754203,1.946199990925379,95.77875499962829,3.888428873739045,3.8890819349659758,3.8890819361866384,0.016792169407883323,0.016792200789523676,1.4769330203279196e-10
287,0.0017387370000000002,0.0021530259982682765,0.09330474899616092,1.7387370000000002,2.1530259982682765,93.30474899616092,3.5959611412073613,3.597101107507438,3.5971011075554813,0.03169124987055331,0.031691251205742954,6.476763569907007e-12
288,0.0017616910000000001,0.001936000000569038,0.09400299099797849,1.7616910000000001,1.936000000569038,94.00299099797849,1.539060742025491,1.5403319718639779,1.540331972411348,0.08252960152145632,0.08252963702798455,1.4369067047326212e-10
289,0.001770343,0.002039785002125427,0.09381838099216111,1.770343,2.039785002125427,93.81838099216111,8.971781954458592,8.974708815543039,8.97470881572374,0.03261232363748554,0.03261232565028338,4.101208261886313e-11
290,0.001748283,0.0020242400059942156,0.09345342000597157,1.748283,2.0242400059942156,93.45342000597157,10.395954076214156,10.396467815706394,10.396467815375381,0.004941481100549806,0.00494147791680425,6.599459867473456e-11
291,0.001740579,0.002117429001373239,0.09322888001042884,1.7405789999999999,2.117429001373239,93.22888001042884,9.7132886335386,9.714706735565883,9.714706735322842,0.014597476443544411,0.014597473942123919,4.556238719644057e-11
292,0.0017851350000000002,0.0020644589967560023,0.09172499799751677,1.7851350000000001,2.0644589967560023,91.72499799751677,7.122018635582386,7.123176167073748,7.12317617000377,0.016250215693284328,0.016250256820251312,3.468168252585002e-10
293,0.0017499720000000002,0.002092372000333853,0.09280904999468476,1.7499720000000003,2.092372000333853,92.80904999468476,11.275804131702515,11.276770467952183,11.276770467963658,0.008569264156031141,0.008569264257782629,2.0278223544778484e-11
294,0.0017435109999999999,0.0020572869980242103,0.09379830000398215,1.7435109999999998,2.0572869980242103,93.79830000398215,12.690634383271224,12.691180785884807,12.691180785826965,0.0043053725480847954,0.00430537209234122,2.928457476514268e-11
295,0.001728036,0.0019400590099394321,0.09388875401054975,1.7280360000000001,1.9400590099394321,93.88875401054975,1.8852231705126776,1.8860838312024022,1.886083830883095,0.045632154599188006,0.045632137677271,1.2276019090151635e-10
296,0.0017377199999999999,0.0019648370071081445,0.09342222999839578,1.73772,1.9648370071081445,93.42222999839578,9.730521226025488,9.731379717679907,9.731379717638887,0.008821890413542513,0.008821889992060518,2.547506650074638e-11
297,0.0017729979999999998,0.0020221960003254935,0.09398872799647506,1.7729979999999999,2.0221960003254935,93.98872799647506,6.408379534299371,6.410359933626992,6.410359933566159,0.030893730588085273,0.030893729639397162,4.579914225644188e-11
298,0.001747634,0.0020683529874077067,0.09354391699889675,1.7476340000000001,2.0683529874077067,93.54391699889675,11.397889626919017,11.399724734481236,11.399724734385071,0.016097823455927564,0.016097822612491642,7.218037278988731e-11
299,0.0017681670000000002,0.0023175320093287155,0.09458141098730266,1.7681670000000003,2.3175320093287155,94.58141098730266,0.1523844862334478,0.1534278985902482,0.15342789866146234,0.6800669020351864,0.6800669481349131,5.1863513483851875e-11
300,0.001730673,0.002005141999688931,0.09219162000226788,1.7306730000000001,2.005141999688931,92.19162000226788,7.775455922851176,7.777800916545978,7.7778009164225,0.030149829237893142,0.030149827650800733,7.567271809172382e-11
301,0.001733455,0.0019964449893450364,0.09394998398784082,1.733455,1.9964449893450364,93.94998398784082,10.26644431028112,10.267924686888446,10.267924686562349,0.014417486030220418,0.014417482854803008,6.037348398990616e-11
302,0.001762188,0.002023944995016791,0.09309203999873716,1.762188,2.023944995016791,93.09203999873716,10.307282745237895,10.308469037816316,10.308469038039593,0.011507941422425134,0.011507943588136657,7.090031339807013e-11
303,0.001787916,0.0019897129968740046,0.09285157900012564,1.787916,1.9897129968740046,92.85157900012564,-1.0586161839683115,-1.0575054665847894,-1.057505466456714,0.10503183374636772,0.10503184587016776,4.527089814132523e-11
304,0.001749854,0.001933412000653334,0.09292839499539696,1.7498539999999998,1.933412000653334,92.92839499539696,12.043979141776038,12.0449659391087,12.044965939047707,0.008192612064243023,0.008192611557907082,9.722533889089391e-11
305,0.0017662650000000002,0.002015200996538624,0.09340580200660042,1.7662650000000002,2.015200996538624,93.40580200660042,8.97208264739578,8.972818192495502,8.972818192463784,0.008197481370318869,0.008197481016851018,4.9686921244074256e-11
306,0.0017830629999999999,0.002122423000400886,0.09355946398864035,1.7830629999999998,2.122423000400886,93.55946398864035,3.5374259174395704,3.53807020172642,3.538070201639762,0.018210048136837468,0.01821004568798805,2.7651436695919074e-11
307,0.001767114,0.001945274998433888,0.09312968500307761,1.767114,1.945274998433888,93.12968500307761,8.37254514744819,8.373448418669337,8.373448418848959,0.01078732651095024,0.010787328655852382,1.0799117156068405e-10
308,0.0017776769999999999,0.0020038099901285022,0.09313658099563327,1.777677,2.0038099901285022,93.13658099563327,13.072985025084357,13.073633656939641,13.073633656921118,0.004961373955436016,0.00496137381375444,3.8796119095074744e-11
309,0.001770668,0.001993102006963454,0.0933162959991023,1.770668,1.9931020069634542,93.3162959991023,-2.471342056304202,-2.4700932885676217,-2.4700932886610225,0.05055548882951676,0.050555485046337306,3.6688041493704304e-11
310,0.001763965,0.0019267629977548495,0.09240011200017761,1.763965,1.9267629977548495,92.40011200017761,11.79475032816482,11.795537161030662,11.795537160812358,0.006670597999057559,0.0066705961484505695,6.223649373637841e-11
311,0.001779687,0.0019500919879646972,0.0945875619945582,1.779687,1.9500919879646972,94.5875619945582,15.973887759932474,15.975295934472157,15.975295933980544,0.008814700807169734,0.00881469773010294,7.975897720058356e-11
312,0.001795156,0.001870416002930142,0.09241987300629262,1.795156,1.870416002930142,92.41987300629262,6.809163534240266,6.810204958080597,6.810204958924192,0.01529210716477756,0.01529211955010836,5.397033930876205e-10
313,0.0017621580000000002,0.0019377680000616238,0.09233228900120594,1.7621580000000001,1.9377680000616238,92.33228900120594,7.55293367101525,7.5538556491310835,7.553855649194915,0.012205397596387287,0.012205398441304355,1.2635670287863832e-11
314,0.001772287,0.0019159919902449474,0.09338879899587482,1.772287,1.9159919902449474,93.38879899587482,4.318643982142593,4.31989518082424,4.319895181275889,0.02896363521043341,0.028963645662505776,1.5198098335389432e-10
315,0.0017419789999999998,0.0021225149976089597,0.09304119099397212,1.741979,2.1225149976089597,93.04119099397212,4.57938292106417,4.580562673396528,4.580562673356383,0.02575562035665539,0.025755619480445902,1.330165144697304e-11
316,0.0017350559999999998,0.002038660997641273,0.09305523199145682,1.7350559999999997,2.038660997641273,93.05523199145682,-0.03086233590515519,-0.030344251202297556,-0.03034425087509618,1.7073570193038994,1.7073581160120503,9.415113133570685e-11
317,0.001805781,0.0021731699962401763,0.09326354401127901,1.805781,2.1731699962401763,93.26354401127901,2.1327750425014464,2.1378136764923,2.1378136765043863,0.23569097935236347,0.23569097991639046,1.4047790708460184e-11
318,0.0017668050000000002,0.002112899994244799,0.09352017800847534,1.7668050000000002,2.112899994244799,93.52017800847534,9.524681311687175,9.526456068807331,9.526456068726837,0.018629772785781176,0.018629771940988134,1.5325130053867042e-11
319,0.001782677,0.002212747000157833,0.09195470200211275,1.782677,2.212747000157833,91.95470200211275,10.957880750032071,10.958646636800168,10.958646636427076,0.006988880958390567,0.00698887755408603,6.442170061293773e-11
320,0.0017333399999999999,0.0019846630020765588,0.09305780300928745,1.7333399999999999,1.9846630020765588,93.05780300928745,2.8079337507573214,2.8088186968002944,2.808818695817571,0.031505986626372676,0.031505951650330224,8.641876103610002e-11
321,0.001760169,0.0021345779969124123,0.09336529500433244,1.760169,2.1345779969124123,93.36529500433244,0.9416642568080213,0.9431664456461384,0.9431664457887585,0.15927081005176405,0.15927082514909777,2.650468733378375e-11
322,0.0017783340000000001,0.0019890360126737505,0.09295618301257491,1.778334,1.9890360126737505,92.95618301257491,12.594140431890374,12.594929309459168,12.594929309298998,0.006263453723412818,0.0062634524517859004,4.6538051190481156e-11
323,0.001764341,0.0019288229959784076,0.0935207580041606,1.764341,1.9288229959784076,93.5207580041606,-0.46372999368486134,-0.46287215155896533,-0.4628721515764411,0.18533025221041685,0.1853302484279066,6.950551245665793e-11
324,0.0017531839999999999,0.0021513760002562776,0.09682537999469787,1.7531839999999999,2.1513760002562776,96.82537999469787,8.420308345669621,8.422228536204695,8.42222853620519,0.02279907897084183,0.022799078976703874,1.1534606603191833e-10
325,0.001796688,0.0019817389984382316,0.09499031100131106,1.796688,1.9817389984382316,94.99031100131106,7.224931189548631,7.225501004264284,7.225501004285952,0.007886162015856906,0.007886162315715586,2.1492474466811018e-11
326,0.0018004809999999998,0.002061852006590925,0.09501621000526939,1.8004809999999998,2.061852006590925,95.01621000526939,14.235333686738308,14.23647277284098,14.236472772882799,0.008001182040293892,0.00800118233401585,1.05651487558589e-10
327,0.0035737469999999995,0.0021350739989429712,0.09381348299211822,3.5737469999999996,2.1350739989429712,93.81348299211822,9.694176607851297,9.702630388677115,9.70263038865344,0.08712875258737147,0.08712875234357516,3.944925115739739e-11
328,0.001805124,0.0020405410032253712,0.09269729499646928,1.805124,2.0405410032253712,92.69729499646928,14.483356418599989,14.484459754110837,14.4844597536963,0.007617374272692022,0.007617371410961812,8.06644195883166e-11
329,0.0018034029999999999,0.002184067008784041,0.09436883901071269,1.8034029999999999,2.184067008784041,94.36883901071269,-0.07809266724098762,-0.07747353384425182,-0.07747353372216992,0.7991547126022078,0.7991548714403521,4.731132152713258e-11
330,0.0017652570000000001,0.0022671449987683445,0.09333087300183252,1.765257,2.2671449987683445,93.33087300183252,3.3317268851584885,3.332634626022543,3.3326346259862234,0.027237935324992274,0.027237934235478923,4.622013882737974e-11
331,0.0017932209999999998,0.0022947469988139346,0.10008993100200314,1.7932209999999997,2.2947469988139346,100.08993100200314,1.3796385837476883,1.3839235452518217,1.3839235453381526,0.3096241493133695,0.30962415553218425,2.2111146247283386e-11
332,0.00174443,0.002029226001468487,0.09372039001027588,1.74443,2.029226001468487,93.72039001027588,8.610387511587291,8.610910188888163,8.610910188903382,0.006069942542729146,0.006069942719468901,9.609391060649841e-11
333,0.001775512,0.0022298339899862185,0.094548153996584,1.775512,2.2298339899862185,94.548153996584,6.343975814555591,6.349691833102305,6.349691833067126,0.09002040881598641,0.09002040826245872,1.7552514997021262e-11
334,0.0017777070000000001,0.001991975004784763,0.09247268100443762,1.7777070000000001,1.9919750047847629,92.47268100443762,1.4497478804768917,1.4505044043044037,1.4505044042574227,0.05215591385086534,0.05215591061360649,7.400235979559966e-11
335,0.0017634670000000001,0.002011231001233682,0.09377968499029521,1.7634670000000001,2.011231001233682,93.77968499029521,-2.5559813407760714,-2.5553336045855737,-2.55533360457688,0.02534840027679239,0.02534840061708823,1.9603429990411314e-11
336,0.001768942,0.002155217996914871,0.09884980499919038,1.768942,2.155217996914871,98.84980499919038,2.0463401971114443,2.0475063520856622,2.047506351953455,0.05695488920119914,0.056954882747893856,1.6768725297211517e-11
337,0.001757433,0.002010868993238546,0.09320483700139448,1.757433,2.010868993238546,93.20483700139448,2.856793147919447,2.8580585317466607,2.8580585316199603,0.044274244671970345,0.04427424024083883,6.335382218836116e-11
338,0.0017780209999999999,0.0019690320041263476,0.09306992500205524,1.7780209999999999,1.9690320041263476,93.06992500205524,16.19313036555702,16.19493972508267,16.19493972558852,0.011172375793691661,0.011172378916846656,8.543266094562796e-11
339,0.0017942659999999999,0.0019889109971700236,0.09416604699799791,1.794266,1.9889109971700236,94.16604699799791,8.904397013401006,8.904965580518343,8.904965580925158,0.006384832284824418,0.006384836852929256,8.005418550283139e-11
340,0.001784641,0.002050055001745932,0.09354656899813563,1.784641,2.050055001745932,93.54656899813563,6.707144906108109,6.709119839658342,6.709119839619305,0.02943655199835918,0.029436551416677413,6.565556431858965e-11
341,0.001767896,0.0018913329986389726,0.09351417399011552,1.767896,1.8913329986389726,93.51417399011552,11.799751933600938,11.800523404053656,11.800523405704759,0.006537595209156969,0.006537609200014551,1.1571477109839634e-10
342,0.0017828000000000002,0.0019373170071048662,0.09364827699027956,1.7828000000000002,1.9373170071048662,93.64827699027956,3.966021493835484,3.9664566890645965,3.9664566891769013,0.010971889099715002,0.010971891930768482,9.077869012052986e-11
343,0.00177929,0.00197542599926237,0.09343251399695873,1.77929,1.9754259992623702,93.43251399695873,12.530489004068514,12.531411686157085,12.531411686032886,0.007362954084341024,0.007362953093310038,5.439329542333837e-11
344,0.0017638200000000001,0.002086075008264743,0.09337387599225622,1.7638200000000002,2.086075008264743,93.37387599225622,12.25208332861871,12.253220425491019,12.253220425449936,0.009279983815060296,0.009279983479803385,3.6032232753058224e-11
345,0.001796409,0.002006399998208508,0.09324731399829034,1.796409,2.006399998208508,93.24731399829034,3.400164121018989,3.4017545731271177,3.401754573191404,0.04675387579965435,0.046753877688570686,1.6373347122566884e-11
346,0.001759056,0.0019711519998963922,0.09383773499575909,1.759056,1.9711519998963922,93.83773499575909,3.3772897645695608,3.3778758585644475,3.3778758584939226,0.01735096313266588,0.017350961045179972,5.979111650233904e-11
347,0.0017768789999999999,0.002072452989523299,0.09335819599800743,1.7768789999999999,2.072452989523299,93.35819599800743,7.397962006697892,7.398735375275706,7.398735375131473,0.010452713046050294,0.010452711096825374,2.723282710448416e-11
348,0.00177836,0.0019712100038304925,0.09284410800319165,1.7783600000000002,1.9712100038304925,92.84410800319165,8.941105602422645,8.941904394644851,8.94190439411954,0.008933133110705965,0.008933127236516306,9.500644715387807e-11
349,0.001795075,0.0021164420031709597,0.0952980989968637,1.795075,2.1164420031709597,95.2980989968637,10.921174354486311,10.922620467832289,10.922620467835404,0.013239619102727534,0.013239619131249237,2.316347114117434e-11
350,0.0017626299999999998,0.0020655109983636066,0.5051803549868055,1.76263,2.0655109983636066,505.18035498680547,5.236733605093271,5.237763819877447,5.237763819864089,0.01966898126002966,0.01966898100504344,1.645211744616404e-11
351,0.0017416999999999999,0.001935529988259077,0.0939823460066691,1.7416999999999998,1.935529988259077,93.9823460066691,0.23079171908023,0.2315288259743724,0.23152882562082056,0.3183650636331579,0.3183649114161422,6.011294240160225e-11
352,0.001781388,0.0020426579867489636,0.09292359699611552,1.781388,2.0426579867489636,92.92359699611552,13.067499826927005,13.068879923197553,13.068879923139136,0.010560172552342723,0.010560172105394687,6.209988079319828e-11
353,0.0017500200000000001,0.001913497006171383,0.09350083900790196,1.7500200000000001,1.913497006171383,93.50083900790196,8.14994005597196,8.15103364366908,8.151033643741705,0.013416552365351896,0.01341655325621841,1.6079026998738755e-11
354,0.0017823880000000002,0.001990803997614421,0.0934390400070697,1.7823880000000003,1.990803997614421,93.4390400070697,9.255731760149018,9.256261521143209,9.256261520511963,0.005723271679181386,0.00572326485990519,8.754175162550837e-11
355,0.001809992,0.001959202010766603,0.09329332500055898,1.809992,1.959202010766603,93.29332500055898,5.156478437407969,5.15699216590653,5.156992166101091,0.00996178551437625,0.009961789286757979,8.704198473097335e-11
356,0.001781009,0.001984930000617169,0.09349726099753752,1.781009,1.9849300006171688,93.49726099753752,11.499786211921915,11.501189062037692,11.501189062039234,0.012197435484369893,0.012197435497774503,7.4958039775197e-11
357,0.001841298,0.002078646997688338,0.09232759100268595,1.8412979999999999,2.078646997688338,92.32759100268595,1.350658305245922,1.351149450128748,1.3511494499469983,0.03635015229286278,0.03635013884626292,6.403561014778347e-11
358,0.001795064,0.0019575510086724535,0.09317508299136534,1.795064,1.9575510086724535,93.17508299136534,1.316144996870591,1.317872125933505,1.3178721256571464,0.1310543738597208,0.1310543529171493,9.171485793046941e-11
359,0.001735766,0.001963987000635825,0.09407759399618953,1.735766,1.963987000635825,94.07759399618953,5.590558617825813,5.591610300674429,5.591610300705348,0.018808228615082398,0.018808229167936587,5.777001099716017e-11
360,0.001812002,0.001904817996546626,0.0930217349960003,1.8120020000000001,1.904817996546626,93.0217349960003,6.5274563012762705,6.529182829159076,6.5291828292473575,0.026443246084256945,0.026443247436004017,4.4881834360133155e-11
361,0.0017769799999999998,0.0020520309917628765,0.0940357110084733,1.7769799999999998,2.0520309917628765,94.0357110084733,12.388951492303853,12.390952846541794,12.390952846627037,0.0161517379875979,0.016151738675438815,1.5561885113868357e-11
362,0.001757305,0.0019260160042904317,0.09268645699194167,1.7573050000000001,1.9260160042904317,92.68645699194167,11.0801230899729,11.080922860203515,11.080922860171114,0.007217541721967037,0.007217541429586966,1.7529644402713984e-11
363,0.00172335,0.0021871070057386532,0.09447210800135508,1.72335,2.1871070057386532,94.47210800135508,15.712822173643374,15.718858120524384,15.718858120578826,0.03839939793800031,0.03839939828421426,2.7271573888043577e-11
364,0.001779927,0.0019423679914325476,0.09328738899785094,1.779927,1.9423679914325476,93.28738899785094,2.4188701178496927,2.4196022540716413,2.419602253934965,0.030258536117518733,0.030258530470512437,2.4311500035345546e-10
365,0.001782063,0.001844234997406602,0.09328680300677661,1.782063,1.844234997406602,93.28680300677661,8.68124383128987,8.682002259381353,8.682002259181075,0.008735635730385681,0.008735633423779133,1.5728252034108436e-10
366,0.001766544,0.0019524909876054153,0.0934158220043173,1.7665440000000001,1.9524909876054153,93.4158220043173,6.232250046190202,6.23302838081505,6.233028380294158,0.012487262648169664,0.012487254292251846,1.2199152799041713e-10
367,0.0018079699999999999,0.002260634006233886,0.09310294699389488,1.8079699999999999,2.260634006233886,93.10294699389488,10.310653140682135,10.313375473662365,10.31337547377305,0.026396139529512037,0.026396140602444742,3.331989545385383e-11
368,0.0018099700000000002,0.0021586759976344183,0.09299725500750355,1.80997,2.1586759976344183,92.99725500750355,7.54042760220786,7.5418816947267935,7.54188169485456,0.01928023506322538,0.019280236756988468,4.720912549771583e-11
369,0.001758661,0.0020270179957151413,0.09325559900025837,1.7586609999999998,2.0270179957151413,93.25559900025837,2.5625366680482813,2.5632043926161145,2.5632043927877035,0.026050383252962248,0.026050389945532933,4.999611835643236e-11
370,0.001759496,0.002027830996667035,0.09272381800110452,1.759496,2.027830996667035,92.72381800110452,0.9507438776863637,0.951643798625387,0.951643799250423,0.09456489290668924,0.09456495852419852,1.0849232623399985e-10
371,0.00173042,0.0022402990143746138,0.09524869499728084,1.73042,2.2402990143746138,95.24869499728084,11.644253307805474,11.645246592399314,11.645246592615852,0.008529528215295224,0.008529530074589722,7.223666109723581e-11
372,0.001757124,0.0020672059908974916,0.09295202000066638,1.7571240000000001,2.0672059908974916,92.95202000066638,5.2776384257160736,5.27843179279483,5.278431792824222,0.015030355793163962,0.015030356349904746,1.6628971637178136e-11
373,0.0017281990000000001,0.0020694099948741496,0.093336140998872,1.728199,2.0694099948741496,93.336140998872,6.022106455246512,6.023590777452775,6.023590777362802,0.024641816834886764,0.024641815341586402,2.1395218929853854e-11
374,0.001769051,0.002128020001691766,0.09319242300989572,1.769051,2.128020001691766,93.19242300989572,8.281543398464578,8.283951764146213,8.283951764110672,0.029072666647563215,0.029072666218649384,3.0713251386593754e-11
375,0.001778465,0.0020232759998179972,0.09486116700281855,1.778465,2.023275999817997,94.86116700281855,5.5407185447075875,5.542270933001522,5.5422709329950415,0.028009967623387002,0.02800996750649747,1.7571749610922893e-11
376,0.00182708,0.0020461279927985743,0.0946819679957116,1.82708,2.0461279927985743,94.6819679957116,8.81074295223328,8.812826208945818,8.812826208864823,0.023638917449926317,0.02363891653108804,6.00792748883805e-11
377,0.001744243,0.0019168139988323674,0.09598126799392048,1.744243,1.9168139988323674,95.98126799392048,2.6746543601755484,2.6760481673839394,2.676048167217761,0.05208453365596774,0.05208452744936686,1.246920899866666e-10
378,0.0018033910000000001,0.002070754999294877,0.09771228001045529,1.8033910000000002,2.070754999294877,97.71228001045529,11.998039460428828,12.000093165646266,12.000093165401847,0.01711407727498009,0.01711407523851452,8.899431191977669e-11
379,0.0017863700000000002,0.001967988006072119,0.09469243399507832,1.7863700000000002,1.9679880060721189,94.69243399507832,8.65923759321388,8.660132337748635,8.66013233785058,0.010331765149296455,0.010331766326352212,3.2772479174880687e-11
380,0.001794961,0.001940144007676281,0.09541976799664553,1.794961,1.940144007676281,95.41976799664553,-0.5590038960134507,-0.5583744786286466,-0.5583744785736116,0.11272316498953819,0.1127231748569528,1.695743545582218e-11
381,0.001806667,0.0019954640010837466,0.09352937500807457,1.806667,1.9954640010837466,93.52937500807457,12.384187882110112,12.385723793958213,12.385723794518427,0.012400662840961751,0.01240066736345675,6.905964688996846e-11
382,0.001782794,0.002056609999272041,0.09488170201075263,1.782794,2.056609999272041,94.88170201075263,1.973937403838626,1.9748149476735044,1.9748149477381958,0.04443676284262987,0.0444367661169932,2.684116817697202e-11
383,0.001799154,0.0020160830026725307,0.09562835399992764,1.7991540000000001,2.0160830026725307,95.62835399992764,5.323545157768102,5.325710110066218,5.325710109601765,0.040650960217012255,0.04065095149959148,6.081374293032127e-11
384,0.001757083,0.0019276410021120682,0.09350945700134616,1.757083,1.9276410021120682,93.50945700134616,6.347368918146596,6.348505965039074,6.348505965127131,0.017910464268901444,0.017910465655712613,8.605327561639342e-11
385,0.0017508559999999999,0.0020287329971324652,0.09438822000811342,1.7508559999999997,2.0287329971324652,94.38822000811342,4.957453426032252,4.95865585176648,4.958655851825558,0.024249025747556576,0.02424902693868078,1.704847374384144e-11
386,0.001783308,0.0019419940072111785,0.09441336499003228,1.783308,1.9419940072111785,94.41336499003228,7.591521700529228,7.595141783763342,7.595141783759807,0.04766314227146289,0.04766314222494282,5.977340844509627e-11
387,0.0017769489999999999,0.00217254098970443,0.09399221200146712,1.776949,2.17254098970443,93.99221200146712,3.8624649817286922,3.8638264456367857,3.8638264456558495,0.035236155848326726,0.03523615634154619,8.778977544920963e-12
388,0.001739211,0.0020277639996493235,0.09407375199953094,1.739211,2.0277639996493235,94.07375199953094,2.9313475244547362,2.9323122798358803,2.9323122798431775,0.032900840329258565,0.03290084057803402,5.64986625192776e-11
389,0.001728331,0.002062259998638183,0.09559479799645487,1.728331,2.062259998638183,95.59479799645487,8.812581435688013,8.813352813661915,8.813352814046002,0.008752378240272233,0.00875238259790797,4.725320135179345e-11
390,0.0017535930000000001,0.0019328819907968864,0.09367229699273594,1.7535930000000002,1.9328819907968864,93.67229699273594,3.8687179719164178,3.8702269216353073,3.8702269224027397,0.03898866266611601,0.03898868248751522,8.192424516551e-11
391,0.001743753,0.002015965001191944,0.09332986500521656,1.743753,2.015965001191944,93.32986500521656,7.853429421362975,7.854408046841925,7.8544080468253625,0.01245957013073464,0.012459569919888865,6.924172346600699e-11
392,0.001792005,0.002002980007091537,0.0937281200021971,1.7920049999999998,2.002980007091537,93.7281200021971,9.17129690651878,9.17320504778263,9.173205047815124,0.020801249442384137,0.02080124979652819,1.1627077772802252e-11
393,0.001775091,0.0021418579999590293,0.09306459600338712,1.775091,2.1418579999590293,93.06459600338712,3.4251475737538932,3.4263668441889195,3.426366844244466,0.03558493560297261,0.035584937223549586,1.5861090219004836e-11
394,0.0017796009999999998,0.0019567910057958215,0.09355926600983366,1.7796009999999998,1.9567910057958215,93.55926600983366,-1.9697062774585916,-1.9687089632384556,-1.9687089626588516,0.05065828615396261,0.05065831560968963,6.468231505962763e-11
395,0.0017990550000000001,0.002007129995035939,0.09384917499846779,1.799055,2.007129995035939,93.84917499846779,5.595210084155454,5.596073784623876,5.596073784780444,0.015434043610985373,0.015434046408373918,1.4960199745672753e-11
396,0.0017946680000000001,0.0018732140015345067,0.09306457599450368,1.7946680000000002,1.8732140015345067,93.06457599450368,12.732178029707896,12.732884897628118,12.732884897737453,0.005551514255451135,0.005551515114083681,6.562339560645114e-11
397,0.001759597,0.0019355559925315902,0.0936307109950576,1.7595969999999999,1.9355559925315902,93.6307109950576,-5.444995210801562,-5.443952803095456,-5.443952803759895,0.019147993081655497,0.019147980874231568,1.0953063456220491e-10
398,0.0017818160000000003,0.0019580850057536736,0.0941243949928321,1.7818160000000003,1.9580850057536736,94.1243949928321,3.3638247820140563,3.3649557993822548,3.3649557963559005,0.03361165601063951,0.03361156610345339,6.133816232711808e-10
399,0.001784603,0.0019930769922211766,0.09339125399128534,1.7846030000000002,1.9930769922211766,93.39125399128534,14.710707810584392,14.714919998386414,14.714919998306733,0.02862528510167714,0.028625284560339144,2.2591317705433767e-11
400,0.001791684,0.001996102000703104,0.10268614899541717,1.791684,1.9961020007031038,102.68614899541717,1.5449130722184954,1.5461868931423943,1.5461868933349976,0.08238466705083027,0.08238467949722934,6.62324639577605e-11
401,0.001800225,0.002027702998020686,0.09369886700005736,1.800225,2.027702998020686,93.69886700005736,7.89850867996423,7.89923965682312,7.899239656755441,0.009253762268856859,0.009253761412155004,2.8546831565279263e-11
402,0.0017994,0.0021270790020935237,0.09340651100501418,1.7994,2.1270790020935237,93.40651100501418,4.7550566512315235,4.755925611443061,4.755925611489957,0.018271106037628302,0.01827110702349848,2.8804736373899686e-11
403,0.001780302,0.0019526949909050018,0.0932796739944024,1.780302,1.9526949909050018,93.2796739944024,4.807702179283261,4.80995180977316,4.809951809966517,0.046770333235530676,0.046770337253575274,1.413880124090383e-10
404,0.0017997730000000002,0.001974376995349303,0.09349415599717759,1.799773,1.9743769953493029,93.49415599717759,17.769099555564544,17.7740917748241,17.774091774999427,0.028087056839816264,0.028087057825954845,7.572636961938883e-11
405,0.001881316,0.0019580030057113618,0.09352259199658874,1.881316,1.9580030057113618,93.52259199658874,6.8693632031532985,6.869797204203017,6.869797204186199,0.006317523455470784,0.006317523210667575,1.428790419311099e-11
406,0.0017456260000000001,0.002019301988184452,0.09316136199049652,1.7456260000000001,2.019301988184452,93.16136199049652,8.48948673217106,8.4911965938334,8.49119659406621,0.020136875214774783,0.02013687795599558,4.486905291756216e-11
407,0.0017826559999999999,0.00201887299772352,0.09402497598784976,1.7826559999999998,2.01887299772352,94.02497598784976,2.270943925794807,2.2719388652477193,2.271938865228968,0.043792527524890455,0.04379252669991178,3.1767630193080265e-11
408,0.001825497,0.001991472003282979,0.09375124500365928,1.825497,1.9914720032829791,93.75124500365928,9.415875748948782,9.41647218712297,9.416472187719151,0.006333987530955986,0.006333993861810138,6.768091642683771e-11
409,0.0017452040000000002,0.0019048630056204274,0.09412866499042138,1.7452040000000002,1.9048630056204274,94.12866499042138,4.4732129244938825,4.473766036470796,4.473766036249302,0.01236345335013166,0.012363448399793439,6.778588801381602e-11
410,0.001791014,0.001927585995872505,0.09242387699487153,1.791014,1.927585995872505,92.42387699487153,5.545650760431744,5.547233193881684,5.547233193941839,0.02852653556524821,0.0285265366493452,5.6666005221472915e-11
411,0.001810647,0.0019425100035732612,0.09394799600704573,1.8106470000000001,1.9425100035732612,93.94799600704573,3.646335120004153,3.647628224770717,3.647628224835689,0.03545056367813196,0.0354505654587135,1.2355760858895337e-10
412,0.001774557,0.0020816590113099664,0.09322260699991602,1.774557,2.0816590113099664,93.22260699991602,0.9749826125390157,0.9756715417456867,0.9756715418261734,0.0706107718831606,0.07061078012670288,2.55714694211151e-11
413,0.001826934,0.0020379979978315532,0.09353538999857847,1.8269339999999998,2.037997997831553,93.53538999857847,13.12782389562264,13.130875383318383,13.130875384197573,0.023239027152898273,0.0232390338469359,6.369960114938067e-11
414,0.0018050549999999999,0.0019423919875407591,0.09309614599624183,1.8050549999999999,1.9423919875407591,93.09614599624183,12.046887961965346,12.048391409185243,12.048391409188113,0.012478406194125526,0.012478406217948079,4.724998170502204e-11
415,0.0017790850000000001,0.0020489789894782007,0.09332127300149295,1.779085,2.0489789894782007,93.32127300149295,21.102662488357808,21.10479439509852,21.10479439510435,0.010101528121052965,0.010101528148674243,2.478503513536623e-11
416,0.001777094,0.0019086120009887964,0.09296236099908128,1.777094,1.9086120009887964,92.96236099908128,6.74768815346177,6.74877046750354,6.748770467381856,0.016037203324400184,0.01603720152163504,7.768419241216407e-11
417,0.001789904,0.0020303420023992658,0.09344391299237031,1.789904,2.0303420023992658,93.44391299237031,9.068783728200003,9.070720208332233,9.070720208137505,0.021348692140794587,0.021348689994479707,2.316799529999969e-11
418,0.0018235800000000002,0.0020064929994987324,0.09405657199386042,1.8235800000000002,2.0064929994987324,94.05657199386042,7.4703242426840575,7.471779460397276,7.471779460602445,0.01947618664243511,0.01947618938782203,3.885203270215243e-11
419,0.001762638,0.0020013549947179854,0.09349514200584963,1.762638,2.0013549947179854,93.49514200584963,1.7623753220161333,1.7634025532690458,1.763402553353984,0.05825279378257537,0.05825279859649603,3.306771523270413e-11
420,0.001786213,0.001980757006094791,0.09255814600328449,1.786213,1.980757006094791,92.55814600328449,7.508475789479149,7.509063183932568,7.509063183905663,0.00782247317715452,0.00782247281888618,2.967603940362551e-11
421,0.001805533,0.0019108739943476394,0.09387969599629287,1.805533,1.9108739943476394,93.87969599629287,7.970366724336017,7.971085950782111,7.9710859509177645,0.00902294179908376,0.009022943500746838,1.6807388814044089e-10
422,0.0017902600000000001,0.002027692011324689,0.09350298899516929,1.7902600000000002,2.027692011324689,93.50298899516929,0.08156273395400859,0.08194709274918921,0.08194709304160597,0.46903286289484625,0.46903321805720277,6.38653574469572e-11
423,0.0018040130000000001,0.0019896090088877827,0.09405615000287071,1.804013,1.9896090088877827,94.05615000287071,5.532529866398985,5.533545304201127,5.533545304289117,0.018350582606975852,0.01835058419680494,2.622979611288656e-11
424,0.0018280130000000003,0.0020158389961579815,0.09365778799110558,1.8280130000000003,2.0158389961579815,93.65778799110558,8.318752374649499,8.32357868062574,8.323578680522921,0.057983544836010405,0.05798354360145166,2.236594243143486e-11
425,0.001747016,0.0019886969967046753,0.09392375301104039,1.7470160000000001,1.9886969967046753,93.92375301104039,10.444553693957484,10.445277377372019,10.445277376688939,0.0069283312294060265,0.006928324690250499,8.509043469828725e-11
426,0.0017760090000000003,0.0020702260080724955,0.09390327001165133,1.7760090000000002,2.0702260080724955,93.90327001165133,10.313081278152982,10.313948385194308,10.313948385021785,0.00840712992680043,0.008407128254222497,2.576677760046664e-11
427,0.0017669880000000002,0.0021464150049723685,0.09341398799733724,1.7669880000000002,2.1464150049723685,93.41398799733724,8.622740287696551,8.624504804065822,8.62450480396787,0.02045933545585959,0.020459334320352907,1.0583978138356542e-11
428,0.001803197,0.0019376550044398755,0.09325597100541927,1.8031970000000002,1.9376550044398755,93.25597100541927,0.9956774460402613,0.9965256858516582,0.9965256860283276,0.08511971376553064,0.08511973147896922,2.8097302262608537e-11
429,0.00178282,0.0020048849983140826,0.09343864800757729,1.78282,2.0048849983140826,93.43864800757729,5.502069104782237,5.504183570819297,5.504183570816181,0.03841561622817546,0.03841561617159062,4.438815981444577e-11
430,0.0017924490000000002,0.0019645129941636696,0.09322968799096998,1.7924490000000002,1.9645129941636696,93.22968799096998,-1.5025372845773077,-1.5018194595126886,-1.5018194596174084,0.04779702780333323,0.047797020827139075,5.1347148755098715e-11
431,0.001819583,0.0019347729976288974,0.09334955200029071,1.819583,1.9347729976288974,93.34955200029071,15.62116820219942,15.622222191897329,15.622222192018416,0.006746733498995615,0.006746734274038817,6.607017710713592e-11
432,0.001819078,0.002041554995230399,0.093352178009809,1.819078,2.041554995230399,93.352178009809,7.839816133475985,7.841184698399292,7.841184698460385,0.017453547849560064,0.017453548628546964,3.923172897657423e-11
433,0.0017621759999999998,0.0019772369996644557,0.09364776399161201,1.7621759999999997,1.9772369996644557,93.64776399161201,-2.306201642802286,-2.304672933035647,-2.304672933385419,0.06633087692079578,0.06633086173409537,4.9018393510902314e-11
434,0.0017866369999999998,0.0019849609961966053,0.09268788500048686,1.7866369999999998,1.9849609961966053,92.68788500048686,3.1786967975147604,3.1799640302406154,3.1799640306122754,0.039850536477893814,0.039850548160790984,1.5465412284143554e-10
435,0.0018040870000000002,0.0019721130083780736,0.09371345599356573,1.8040870000000002,1.9721130083780736,93.71345599356573,4.730238409404365,4.731040557869839,4.731040558106358,0.016955011390473923,0.016955016388914668,3.111755297879881e-11
436,0.001801034,0.0020920580136589706,0.09354441201139707,1.801034,2.0920580136589706,93.54441201139707,2.1223192221311606,2.123161798498426,2.1231617985409095,0.03968498151489815,0.039684983515051446,8.850797872383964e-11
437,0.0017763240000000001,0.0021605020010611042,0.09771642500709277,1.7763240000000002,2.1605020010611042,97.71642500709277,2.371303339235318,2.371872746625616,2.371872746483234,0.02400665849835575,0.024006652496856504,3.9830361231452116e-11
438,0.0017659639999999999,0.0021038790000602603,0.09377752000000328,1.7659639999999999,2.1038790000602603,93.77752000000328,12.662985626954615,12.665697926788386,12.665697926766004,0.02141453119637697,0.02141453101970054,4.2118197818297176e-11
439,0.001784848,0.002142879005987197,0.09385380300227553,1.784848,2.142879005987197,93.85380300227553,8.18930993797337,8.195282216955494,8.19528221708461,0.07287459814096617,0.07287459971531317,2.7043596528830705e-11
440,0.00176653,0.001946193995536305,0.09371043099963572,1.7665300000000002,1.946193995536305,93.71043099963572,0.35305609894219003,0.35421616423028723,0.35421616414491197,0.32750207507272455,0.32750205104907315,3.1461055982617836e-11
441,0.0017956839999999999,0.0020575109956553206,0.09351005099597387,1.7956839999999998,2.0575109956553206,93.51005099597387,3.409963238477193,3.411133792032981,3.4111337920962015,0.03431567411755957,0.03431567597028213,4.584724266898377e-11
442,0.001764487,0.00210504699498415,0.09318200800043996,1.764487,2.10504699498415,93.18200800043996,6.4412055182329375,6.443092471200444,6.443092471291237,0.02928644864156279,0.02928645005030496,2.1004809003244418e-11
443,0.001771801,0.001956977997906506,0.10457731499627698,1.771801,1.956977997906506,104.57731499627698,1.8086890291433733,1.8095291122506865,1.809529111963034,0.04642550935631606,0.046425493467153384,3.5740771453518505e-11
444,0.001772077,0.0020045139972353354,0.09531695199257229,1.772077,2.0045139972353354,95.31695199257229,1.1086748393301598,1.1091562059023516,1.1091562062715354,0.04339934894925583,0.043399382219914115,1.0101808278761837e-10
445,0.0017826609999999998,0.0019384570041438565,0.09618552900792565,1.7826609999999998,1.9384570041438565,96.18552900792565,4.75288494436678,4.754007194424233,4.754007194420311,0.023606402168865614,0.02360640208638215,1.1336342975454272e-10
446,0.0018096470000000002,0.0019600420055212453,0.09321458700287621,1.8096470000000002,1.9600420055212453,93.21458700287621,7.52061222620809,7.521807444551772,7.52180744469058,0.01589004175515799,0.015890043600273282,1.1148282297313017e-10
447,0.001797006,0.0019829249940812588,0.09349331699195318,1.797006,1.9829249940812588,93.49331699195318,5.296804096685165,5.297984370327118,5.297984370558201,0.022277786408048672,0.022277790768786877,6.968173260624155e-11
448,0.0017713419999999998,0.002189571998314932,0.09377875800419133,1.7713419999999998,2.189571998314932,93.77875800419133,4.69024027279681,4.691250341835694,4.691250341879613,0.02153091319549271,0.021530914131473254,2.8582247679764805e-11
449,0.001814468,0.0020018870127387345,0.09422462299698964,1.814468,2.0018870127387345,94.22462299698964,7.036418568886631,7.037899223170168,7.037899223318572,0.021038299023407432,0.02103830113160378,9.589185001601663e-11
450,0.001792293,0.0021312530006980523,0.09544431800895836,1.792293,2.1312530006980523,95.44431800895836,9.757945572169763,9.761883572605136,9.76188357241714,0.04034057982850409,0.04034057790347029,4.495964711637157e-11
451,0.0017804740000000002,0.0020082330011064187,0.09369151500868611,1.7804740000000001,2.0082330011064187,93.69151500868611,2.4507479579253406,2.4516004652228602,2.4516004651249297,0.03477350039750976,0.03477349640434284,1.4476142506936185e-11
452,0.0017857419999999999,0.0019458320020930842,0.09342318199924193,1.785742,1.9458320020930842,93.42318199924193,1.7423566697506097,1.7430159817768356,1.743015982167904,0.03782593120883658,0.03782595363666223,6.569000898792865e-11
453,0.0018127859999999998,0.0020785550004802644,0.09293744199385401,1.8127859999999998,2.0785550004802644,92.93744199385401,3.016017906440247,3.0178145033380837,3.0178145032573767,0.05953304604538679,0.059533043372626444,8.257998451721704e-10
454,0.0018121399999999998,0.0019359500001883134,0.09753258200362325,1.8121399999999999,1.9359500001883134,97.53258200362325,-4.1423241629052505,-4.141615550058344,-4.141615550341577,0.017109575679880487,0.017109568840002448,1.1413800460324808e-10
455,0.00178156,0.0019526309915818274,0.09348566700646188,1.78156,1.9526309915818274,93.48566700646188,6.233177684838026,6.234086505178503,6.234086505099125,0.014578243977241888,0.014578242704132993,4.806643971733138e-11
456,0.00176399,0.0019646900036605075,0.10217541999008972,1.76399,1.9646900036605075,102.17541999008972,1.8640274415435627,1.8646897287326283,1.8646897284032775,0.035517286273449696,0.03551726861722585,7.731015827516785e-11
457,0.001772846,0.0020279110030969605,0.0940971390082268,1.772846,2.0279110030969605,94.0971390082268,4.931600214923403,4.93261962343999,4.932619623609501,0.02066667601415765,0.02066667944997084,5.538566827389957e-11
458,0.0017916680000000002,0.0019652250048238784,0.09350086000631563,1.7916680000000003,1.9652250048238784,93.50086000631563,1.756911725831248,1.7577120985814716,1.757712098280578,0.045534917286477905,0.0455349001757963,1.0714584774973446e-10
459,0.001774887,0.002028848000918515,0.0930199879949214,1.7748869999999999,2.028848000918515,93.0199879949214,11.584443589012096,11.586129817996461,11.586129818006633,0.01455385888863356,0.014553858976410402,1.1660880594455136e-11
460,0.001770191,0.002063528008875437,0.09373653099464718,1.7701909999999998,2.063528008875437,93.73653099464718,5.705828992196842,5.707161925860191,5.707161925842197,0.023355455490218387,0.0233554551749953,1.0606043820970967e-11
461,0.001778757,0.0019770649960264564,0.09475842499523424,1.778757,1.9770649960264564,94.75842499523424,14.1828234034706,14.18613765855541,14.186137658121623,0.02336263163787213,0.023362628580768027,3.468858533750563e-11
462,0.0017968469999999999,0.0019856669969158247,0.09396949299843982,1.7968469999999999,1.9856669969158247,93.96949299843982,8.694846301365757,8.695444290730812,8.695444290556203,0.00687704210459005,0.006877040096679263,5.080003084856344e-11
463,0.001804189,0.0019257700041634962,0.0943362249963684,1.804189,1.9257700041634962,94.3362249963684,5.277867505766995,5.279230133153401,5.2792301332403895,0.02581110033163714,0.02581110197895578,6.409600628032308e-11
464,0.001804344,0.002141535995178856,0.09372048299701419,1.804344,2.141535995178856,93.72048299701419,2.503474966310911,2.504384477922038,2.504384478017357,0.03631677241034069,0.036316776215055656,2.554528810705392e-11
465,0.001799032,0.0020478849910432473,0.09339690201159101,1.7990320000000002,2.0478849910432473,93.39690201159101,13.276672889042665,13.2802139397212,13.280213939631821,0.026664108685358453,0.02666410801251283,4.334865799648924e-11
466,0.001782652,0.0019437409937381744,0.09308155300095677,1.7826520000000001,1.9437409937381744,93.08155300095677,4.10838981354464,4.112655735025406,4.112655735550916,0.1037266855194069,0.10372669828403495,1.362335799726111e-10
467,0.001770772,0.0019482880015857518,0.09362330799922347,1.770772,1.9482880015857518,93.62330799922347,0.34392120766734635,0.34473422092387196,0.34473422092502304,0.2358376996477951,0.23583769998091103,2.4074242599425588e-11
468,0.0018043020000000002,0.0019562200031941757,0.09293602099933196,1.8043020000000003,1.9562200031941757,92.93602099933196,11.079917319635143,11.080627259195367,11.080627258845535,0.006407034038932816,0.006407030881983836,1.7913132088764883e-10
469,0.0017994690000000002,0.002028517992584966,0.09406182299426291,1.7994690000000002,2.028517992584966,94.06182299426291,2.0043132521167237,2.0052267487418867,2.0052267487746214,0.04555577695819579,0.04555577858992105,2.7042923456122026e-11
470,0.001773405,0.001927187986439094,0.09566052300215233,1.7734050000000001,1.927187986439094,95.66052300215233,6.059936416342726,6.0606542450651375,6.060654245233508,0.011844079754193684,0.011844082531950966,4.3370196323166965e-11
471,0.001832985,0.0019678029930219054,0.09622074700018857,1.832985,1.9678029930219054,96.22074700018857,14.667104478210021,14.668274409837064,14.668274409844528,0.00797593223548125,0.007975932286364238,3.264122305779438e-11
472,0.001841808,0.0019816510030068457,0.09613481399719603,1.841808,1.9816510030068457,96.13481399719603,-1.944300520789536,-1.9432110824860445,-1.9432110824861724,0.05606381691163718,0.056063816905051723,1.1521700260530565e-11
473,0.0018000779999999999,0.001962697002454661,0.09515845600981265,1.8000779999999998,1.9626970024546608,95.15845600981265,1.044146219566958,1.04467248969031,1.0446724897428012,0.05037656572232953,0.05037657074446821,6.368425231606523e-11
474,0.001812512,0.002065264998236671,0.1105312209983822,1.8125120000000001,2.065264998236671,110.5312209983822,7.108291173908505,7.109019937197736,7.109019937237168,0.010251248353070518,0.01025124890768321,5.986044993022688e-11
475,0.001772418,0.0020161069987807423,0.09572332201059908,1.772418,2.0161069987807423,95.72332201059908,8.85023594474104,8.851251478220956,8.851251478267468,0.011473332131777102,0.011473332657203263,3.1828595314919994e-11
476,0.0017907799999999998,0.0019408950029173866,0.09407903598912526,1.7907799999999998,1.9408950029173866,94.07903598912526,1.242394198121584,1.2439134023331064,1.2439134024195724,0.12213102686030716,0.12213103380294028,4.819689092272483e-11
477,0.0017413110000000002,0.0019406000064918771,0.09305439000308979,1.741311,1.9406000064918771,93.0543900030898,-0.516404019731084,-0.515218218548835,-0.5152182189087924,0.2301551341854546,0.23015506415962006,8.416134456012969e-11
478,0.0017909970000000001,0.0019843900081468746,0.09315472099115141,1.7909970000000002,1.9843900081468746,93.15472099115141,1.1376929400978284,1.1384685045186274,1.1384685048670526,0.0681234849906441,0.06812351557453182,4.637001893570414e-11
479,0.0017903630000000001,0.0019969190034316853,0.0934383989952039,1.7903630000000001,1.9969190034316853,93.4383989952039,8.8732373449879,8.876417843297105,8.876417843054988,0.03583087643409628,0.035830873707425576,4.7542858538918153e-11
480,0.001788918,0.0019499909976730123,0.09517167399462778,1.788918,1.9499909976730123,95.17167399462778,11.738347231712318,11.739066074555605,11.739066074429864,0.006123509644823395,0.006123508573754414,4.5251080660335674e-11
481,0.0017976210000000001,0.0019458089955151081,0.09323586800019257,1.7976210000000001,1.945808995515108,93.23586800019257,5.649821119222867,5.651460723947512,5.651460724269178,0.029012052011559826,0.029012057701644976,5.1979087700715354e-11
482,0.0017740210000000002,0.0020562369900289923,0.09368651099794079,1.7740210000000003,2.0562369900289923,93.68651099794079,10.879279263152277,10.88176555220241,10.881765552464362,0.022848213722352004,0.02284821612906059,1.7703172261462896e-11
483,0.001788042,0.002002958004595712,0.09311176800110843,1.7880420000000001,2.002958004595712,93.11176800110843,12.136830730846278,12.138691079254613,12.138691079356278,0.015325774386952654,0.015325775224348326,2.991318304168544e-11
484,0.001766571,0.0019789879879681394,0.09416095599590335,1.766571,1.9789879879681394,94.16095599590335,2.3520629707041927,2.352790980920247,2.352790980946274,0.03094240933249158,0.03094241043837507,3.819145000250046e-11
485,0.001776112,0.001901310999528505,0.0933435390033992,1.7761120000000001,1.901310999528505,93.3435390033992,15.86100310855948,15.861869196146039,15.861869196109929,0.005460186159958622,0.00546018593231956,6.173805910947294e-11
486,0.001783218,0.0021060029976069927,0.09362153099209536,1.783218,2.1060029976069927,93.62153099209536,13.221979891767923,13.227222358240486,13.227222358862289,0.03963391807121728,0.03963392277028857,7.38298033819973e-11
487,0.0018095289999999998,0.0020105379953747615,0.09386652300599962,1.8095289999999997,2.0105379953747615,93.86652300599962,1.5359889980437949,1.537865093768822,1.5378650937137834,0.12199351767777682,0.12199351410324372,3.388450631192086e-11
488,0.001791829,0.002043194996076636,0.09321408299729228,1.791829,2.043194996076636,93.21408299729228,8.943044860009358,8.945494299250882,8.945494299249944,0.027381821055194717,0.0273818210447128,4.020933586090791e-11
489,0.0018177100000000002,0.0024131210084306076,0.09406840699375607,1.8177100000000002,2.4131210084306076,94.06840699375607,6.504748571881677,6.505645461532929,6.5056454616888,0.013786328452027385,0.013786330847643191,6.349776260350382e-11
490,0.001775191,0.0020211340015521273,0.09293863498896826,1.775191,2.0211340015521273,92.93863498896826,0.6476876527750655,0.648949064732534,0.6489490646777512,0.19437765242614735,0.19437764400077742,1.354276690790357e-10
491,0.001800062,0.0021268579876050353,0.09365752298617736,1.800062,2.1268579876050353,93.65752298617736,7.627500369097987,7.629465294632322,7.629465295230062,0.025754433088738184,0.02575444092135234,8.866096745663299e-11
492,0.001779982,0.0020228810026310384,0.09300834800524171,1.779982,2.0228810026310384,93.00834800524171,9.33459773677881,9.33561136582344,9.335611365836087,0.010857661109791824,0.010857661245254698,4.2291309343411854e-11
493,0.0018128629999999998,0.002027137001277879,0.09300526899460237,1.812863,2.027137001277879,93.00526899460237,16.299425498449857,16.300549795914744,16.300549795665976,0.006897297814881458,0.006897296288853428,5.321032503502465e-11
494,0.001784529,0.002049152011750266,0.09331143400049768,1.784529,2.049152011750266,93.31143400049768,11.265985627292114,11.26677678975404,11.266776789440893,0.007022083393412038,0.007022080614224537,8.152878372413852e-11
495,0.0018147169999999998,0.002070681002805941,0.09307769099541474,1.8147169999999997,2.070681002805941,93.07769099541474,9.64738377584193,9.648625965949012,9.648625965970119,0.012874269470755872,0.012874269689480848,2.8264057760907235e-11
496,0.001807833,0.002131971006747335,0.09347163600614294,1.807833,2.131971006747335,93.47163600614294,-2.806547156280512,-2.804975450538876,-2.804975450331071,0.056032780655319525,0.056032788067925145,6.130596030828883e-11
497,0.00179109,0.002312955999514088,0.09421270599705167,1.7910899999999998,2.312955999514088,94.21270599705167,16.218489155178894,16.219504230961565,16.219504230788395,0.006258365041354173,0.006258363973756282,5.458711260786231e-11
498,0.0017915620000000002,0.0021277640043990687,0.09258411399787292,1.7915620000000003,2.1277640043990687,92.58411399787292,4.165491139301714,4.1676932631011745,4.1676932631052175,0.052837952806091514,0.052837952903048074,4.405384390615552e-11
499,0.001792124,0.0021767790021840483,0.09332230601285119,1.792124,2.1767790021840483,93.32230601285119,2.8025708998562067,2.8032932124006216,2.8032932124688372,0.02576657130334029,0.02576657373612464,1.2570444685167104e-11
500,0.0018200960000000002,0.0023354879958787933,0.09314175299368799,1.8200960000000002,2.3354879958787933,93.14175299368799,0.3838662739375742,0.38501379522762846,0.3850137962035092,0.29804679839479614,0.2980470511057738,1.570161778374768e-10
501,0.001858604,0.002029478011536412,0.09311646698915865,1.858604,2.029478011536412,93.11646698915865,2.526349383502218,2.5270544468028184,2.5270544467489877,0.027900597927057152,0.027900595797475072,1.1155076862223723e-11
502,0.001794814,0.002001871995162219,0.0944846630009124,1.7948140000000001,2.001871995162219,94.4846630009124,6.2950382945369086,6.29587075443294,6.2958707542439605,0.013222315522364974,0.013222312521119894,4.432543221355445e-11
503,0.0018240530000000002,0.001995869999518618,0.09306530399771873,1.8240530000000001,1.995869999518618,93.06530399771873,2.2069873264335946,2.2079679807199994,2.207967980362209,0.04441433458129366,0.044414318383987586,4.312983303833562e-11
504,0.001811506,0.0020320180046837777,0.09438493099878542,1.811506,2.0320180046837777,94.38493099878542,9.974171661931507,9.98064225380056,9.98064225273096,0.06483141770350064,0.06483140699369028,3.9690034245309924e-11
505,0.0018141189999999999,0.0021717019990319386,0.0936263030016562,1.8141189999999998,2.1717019990319386,93.6263030016562,0.5808024184270977,0.5815851544420916,0.5815851542812851,0.13458665665989555,0.13458662904742058,8.775447035702655e-11
506,0.001805596,0.00212317900150083,0.09334696098812856,1.805596,2.12317900150083,93.34696098812856,14.074244026469955,14.075349899448252,14.0753498990575,0.007856806304616437,0.007856803528688155,2.1731172417105427e-11
507,0.0017968250000000002,0.0021720739896409214,0.09433784001157619,1.7968250000000001,2.1720739896409214,94.33784001157619,3.006733838824065,3.0077779669955085,3.007777967000223,0.034714270232070715,0.034714270388758295,1.8975487847683326e-11
508,0.001788206,0.0019351880036992952,0.09256047300004866,1.7882060000000002,1.9351880036992952,92.56047300004866,3.323341654641048,3.324197103996479,3.3241971041865277,0.025734014219621293,0.025734019935285925,7.298139870215437e-11
509,0.0017731359999999998,0.0020515059877652675,0.09370866999961436,1.7731359999999998,2.0515059877652675,93.70866999961436,2.944100314286338,2.945601888831316,2.9456018884275537,0.05097683263551175,0.05097681893520373,5.136813197026413e-11
510,0.0017938469999999999,0.002031078009167686,0.093540428992128,1.793847,2.031078009167686,93.540428992128,14.159546488805177,14.16106194164486,14.161061941271011,0.010701547990739434,0.010701545351046862,2.5643542844733247e-11
511,0.001828448,0.0022491159907076508,0.09405986999627203,1.828448,2.249115990707651,94.05986999627203,6.129283300298354,6.13026681095042,6.1302668108974,0.01604352114510434,0.01604352028034275,1.9615309376774803e-11
512,0.001777597,0.0020751970005221665,0.09387925799819641,1.7775969999999999,2.0751970005221665,93.87925799819641,2.6426782561363957,2.6435397264630183,2.643539726376705,0.03258775792165456,0.03258775465765779,5.0075277258088136e-11
513,0.001837715,0.0020337169989943504,0.09369094599969685,1.837715,2.0337169989943504,93.69094599969685,2.860083127854093,2.8611142707307344,2.8611142708234034,0.036039905402941316,0.036039908640686374,9.151224222847532e-11
514,0.0017842980000000001,0.0020721909968415275,0.09388566300913226,1.7842980000000002,2.0721909968415275,93.88566300913226,8.776351471212209,8.77722552564974,8.777225525561114,0.009958208718428828,0.009958207708802612,9.651224264217717e-12
515,0.001803267,0.0020573219953803346,0.09436939099396113,1.8032670000000002,2.0573219953803346,94.36939099396113,10.216403020218177,10.217545789027703,10.217545789209257,0.011184376690077583,0.011184378466766674,6.025702159462298e-11
516,0.001821619,0.001953386003151536,0.09288671000103932,1.821619,1.953386003151536,92.88671000103932,11.392705260478635,11.393708592042188,11.39370859210175,0.00880601391063525,0.008806014433344772,9.1039287219985e-11
517,0.001806673,0.001928074998431839,0.09374606699566357,1.806673,1.928074998431839,93.74606699566357,3.8729784128348363,3.873768679212933,3.8737686789226977,0.02040045349990607,0.020400446009108196,5.2909454595351235e-11
518,0.001783777,0.0019489889964461327,0.09448903599695768,1.7837770000000002,1.9489889964461327,94.48903599695768,10.85554832610099,10.863104061007007,10.863104060818028,0.06955410593127002,0.06955410419283453,2.565647694297013e-11
519,0.0017642460000000001,0.0018903730087913573,0.09306472299795132,1.7642460000000002,1.8903730087913573,93.06472299795132,0.3550534211137091,0.35561155824061785,0.35561155840261094,0.15695134592085513,0.1569513914027388,1.0325995614124395e-10
520,0.0017968819999999999,0.0019915750017389655,0.09394474800501484,1.7968819999999999,1.9915750017389655,93.94474800501484,9.048449701033846,9.050655676753077,9.050655676723498,0.024373656429089115,0.024373656102342794,1.725358744764094e-11
521,0.001780593,0.00198232100228779,0.09378291899338365,1.780593,1.9823210022877902,93.78291899338365,8.63096115221466,8.631559312961588,8.631559312829154,0.0069299268560957085,0.00692992532189632,5.721173534922741e-11
522,0.001803459,0.0020623199961846694,0.09318541799439117,1.8034590000000001,2.0623199961846694,93.18541799439117,18.60262775589652,18.60455383161128,18.604553831749435,0.010352711127569556,0.01035271187007634,3.151334748707768e-11
523,0.001800274,0.00185169700125698,0.09350186200754251,1.800274,1.85169700125698,93.50186200754251,6.13757635480588,6.138180812922339,6.138180813548026,0.009847512396294259,0.009847522588639093,1.412510663989508e-10
524,0.0018014320000000002,0.0020461770036490634,0.09285527199972421,1.8014320000000001,2.0461770036490634,92.85527199972421,7.77550631457823,7.776641481391572,7.776641481483882,0.014597134457821771,0.014597135644666828,2.9174995752612176e-11
525,0.0017764979999999998,0.001999761996557936,0.09367039900098462,1.776498,1.999761996557936,93.67039900098462,2.071385014946877,2.0724318320929527,2.0724318321285793,0.05051153576514086,0.05051153748334537,2.5399737868525563e-11
526,0.001773154,0.002038181002717465,0.09271112800342962,1.7731540000000001,2.038181002717465,92.71112800342962,7.8394861412446915,7.840181153970864,7.840181154182712,0.008864753409689303,0.008864756111534231,4.743333503753888e-11
527,0.001804507,0.0019262290006736293,0.09327707000193186,1.8045069999999999,1.9262290006736293,93.27707000193186,6.125650247491141,6.126788099985767,6.1267881000894775,0.018571761844164147,0.018571763536593445,7.900173570885016e-11
528,0.001784088,0.002078684003208764,0.09359880599367898,1.7840880000000001,2.078684003208764,93.59880599367898,14.627000976999426,14.633122109574249,14.633122109741933,0.04183066695532817,0.04183066810077334,2.8488406078608364e-11
529,0.001784546,0.0020409050048328936,0.0933361990028061,1.784546,2.0409050048328936,93.3361990028061,22.1195932871185,22.134706260849654,22.13470625969905,0.068277272591973,0.06827726739733635,5.986733331297955e-11
530,0.0018138649999999998,0.0020076719956705347,0.09388213200145401,1.8138649999999998,2.0076719956705347,93.88213200145401,-2.966366716096207,-2.965610051878439,-2.9656100519014856,0.025514622776807782,0.025514621999485967,2.0575154427437958e-11
531,0.00179563,0.001915417000418529,0.09339922798972111,1.79563,1.915417000418529,93.39922798972111,9.574152975044083,9.574971635715734,9.574971635554142,0.008550006232892374,0.008550004545390637,1.653171488591454e-10
532,0.001782788,0.002045015004114248,0.0937618469906738,1.782788,2.045015004114248,93.7618469906738,10.908247686368199,10.908811544351472,10.908811544235743,0.0051688305456644434,0.005168829484837004,4.8399284580114e-11
533,0.001805194,0.001973792997887358,0.09328377500060014,1.805194,1.973792997887358,93.28377500060014,6.60774806939019,6.608806337714782,6.608806337726094,0.016013002507762546,0.016013002678898276,2.85930723542549e-11
534,0.001800315,0.002062733008642681,0.09360583899251651,1.800315,2.062733008642681,93.60583899251651,2.792454039430723,2.7947298228645607,2.7947298227892716,0.08143125017734926,0.08143124748557566,9.739059558810936e-11
535,0.001820426,0.0019492409919621423,0.09396638198813889,1.8204259999999999,1.9492409919621423,93.96638198813889,6.405471977186082,6.406526468439424,6.406526468590897,0.016459640938606142,0.016459643302579336,6.006339869912836e-11
536,0.0018033939999999998,0.0020007870043627918,0.09320764100993983,1.803394,2.0007870043627918,93.20764100993983,5.62743940504965,5.628417287115994,5.628417287336944,0.017374015046515166,0.017374018971454804,4.478717396949605e-11
537,0.0018181310000000002,0.0020130290067754686,0.09349548599857371,1.8181310000000002,2.0130290067754686,93.49548599857371,8.026405825244726,8.027377402727524,8.027377402583415,0.012103298923846461,0.012103297128848223,3.5073347004477284e-11
538,0.001814682,0.001961208996362984,0.09326515901193488,1.814682,1.9612089963629842,93.26515901193488,7.547345403593678,7.548030600244626,7.548030600287113,0.009077820258525132,0.009077820821361299,3.157407668652468e-11
539,0.0018151640000000002,0.002027702998020686,0.09346322699275333,1.8151640000000002,2.027702998020686,93.46322699275333,4.308387080961346,4.30957247100784,4.309572471270023,0.02750597778477524,0.027505983866841378,8.026790343507173e-11
540,0.0017742869999999998,0.0019446299993433058,0.09313301100337412,1.7742869999999997,1.9446299993433058,93.13301100337412,2.5436806384104997,2.54446138989562,2.544461389842965,0.03068435183259602,0.030684349763843356,1.0141698592036619e-10
541,0.001777804,0.0020064760028617457,0.09341354199568741,1.777804,2.0064760028617457,93.41354199568741,5.7796305856620585,5.781238557363267,5.781238557733488,0.027813619612017365,0.027813626014074843,3.8248182399058805e-11
542,0.001780806,0.001968158991076052,0.09326456500275526,1.7808060000000001,1.9681589910760522,93.26456500275526,14.292134994615779,14.29304740488756,14.293047406292878,0.006383595086017629,0.0063836049175726405,1.8229040499306848e-10
543,0.001848916,0.0019228500023018569,0.09326453899848275,1.848916,1.9228500023018569,93.26453899848275,3.0879941982043775,3.088688786790847,3.0886887867705326,0.022488137666702716,0.022488137009147036,1.760846884968359e-10
544,0.001813481,0.0019336349942022935,0.09315811100532301,1.8134810000000001,1.9336349942022935,93.15811100532301,-0.24359933458186234,-0.24324473222209164,-0.24324473209392394,0.14578007775598179,0.14578013052363703,4.118938523589577e-11
545,0.0018017130000000001,0.0019900390034308657,0.09409604499523994,1.8017130000000001,1.9900390034308657,94.09604499523994,12.92463954860563,12.925331408818543,12.925331408911333,0.005352746409596694,0.005352747127449151,4.309355650100599e-11
546,0.001852024,0.0021448990009957924,0.09446497099997941,1.8520240000000001,2.1448990009957924,94.46497099997941,5.430743605726125,5.433503021123045,5.433503021105491,0.05078520037979783,0.05078520005689299,1.681499384176277e-11
547,0.001838956,0.0020163090084679425,0.0943455870001344,1.838956,2.0163090084679425,94.3455870001344,12.886619266238831,12.887979386985364,12.88797938579328,0.010553405663468763,0.01055339641485956,2.040366486877332e-10
548,0.001815169,0.0019908420072169974,0.09359816998767201,1.815169,1.9908420072169974,93.59816998767201,13.160760814100772,13.161438732411423,13.161438732324978,0.005150791827802096,0.00515079117103365,5.3280796441512734e-11
549,0.001807403,0.002056268000160344,0.09305743699951563,1.8074029999999999,2.056268000160344,93.05743699951563,6.642421178188247,6.643314287428449,6.643314287527634,0.01344373006546349,0.013443731558262445,4.178798973519804e-11
550,0.0018234850000000001,0.0019938830082537606,0.093347749003442,1.823485,1.9938830082537606,93.347749003442,2.332526451735003,2.333119591328071,2.3331195912775087,0.02542259707872194,0.025422594912122034,1.0959602669835533e-10
551,0.001794539,0.0020355549931991845,0.09393151599215344,1.7945389999999999,2.0355549931991845,93.93151599215344,6.059334150527224,6.062735598609763,6.062735598550567,0.05610417982467148,0.05610417884883964,4.1599668154645997e-11
552,0.001774356,0.0019715140078915283,0.09425632198690437,1.774356,1.9715140078915283,94.25632198690437,1.5971650082374964,1.5977333604760169,1.5977333600700732,0.03557240854951822,0.03557238315108008,4.3569703400692106e-11
553,0.0018478090000000002,0.0019871940021403134,0.09365078799601179,1.8478090000000003,1.9871940021403134,93.65078799601179,5.6195212423979655,5.620263137774238,5.620263137680443,0.01320036727970975,0.013200365611054561,5.846251260877011e-11
554,0.001820291,0.00200161398970522,0.0934228520054603,1.8202909999999999,2.00161398970522,93.4228520054603,8.446966379386591,8.44762572093742,8.447625721679824,0.007805051651317406,0.007805060438940716,8.513167948365208e-11
555,0.001802671,0.0020507269946392626,0.09421428099449258,1.8026710000000001,2.0507269946392626,94.21428099449258,0.13220374379180555,0.13278320011736966,0.13278320021485968,0.4363928004837334,0.43639287358377654,3.2905012048445315e-11
556,0.001836365,0.002145600999938324,0.09449585399124771,1.836365,2.145600999938324,94.49585399124771,9.563876157060335,9.565559299082395,9.565559298997584,0.017595855813901336,0.01759585492743505,2.0523437116448662e-11
557,0.001823016,0.002045181012363173,0.09363942599156871,1.823016,2.045181012363173,93.63942599156871,8.805114035485772,8.805637938912753,8.805637938879322,0.005949636251400282,0.005949635871767972,3.927724812058386e-11
558,0.001797818,0.002044902998022735,0.09407863499654923,1.7978180000000001,2.044902998022735,94.07863499654923,-2.6468407829894325,-2.645026623625796,-2.645026623469157,0.06858756533609656,0.06858757126218364,7.009326452589448e-11
559,0.001785087,0.002049212998826988,0.09366242299438454,1.785087,2.049212998826988,93.66242299438454,4.224169094677013,4.225307397596062,4.225307397652575,0.02694012084651315,0.026940122183641706,2.7274627001361296e-11
560,0.0018166200000000001,0.0020429089927347377,0.09345845200004987,1.8166200000000001,2.0429089927347377,93.45845200004987,12.326702511268316,12.33114528795511,12.331145287874548,0.036028905531862394,0.03602890487878186,1.2770340340750863e-11
561,0.00178083,0.002043259999481961,0.09439261800434906,1.78083,2.043259999481961,94.39261800434906,1.4416486217450455,1.4428008638464718,1.4428008639889747,0.07986147848251439,0.07986148835145036,6.290651333173969e-11
562,0.0017870300000000002,0.002123717000358738,0.09395454300101846,1.7870300000000001,2.123717000358738,93.95454300101846,2.668125019948633,2.6700926074647526,2.6700926075721334,0.07368986044225735,0.07368986446090606,1.7742418645383395e-11
563,0.001778753,0.001989311000215821,0.09778503498819191,1.778753,1.989311000215821,97.78503498819191,-2.331546142607884,-2.330778780146204,-2.330778780278777,0.032923007031659644,0.032923001341857085,5.082206877560225e-11
564,0.001787482,0.0021216320019448176,0.09439988099620678,1.787482,2.1216320019448176,94.39988099620678,6.268002508489268,6.268626450705433,6.268626450665849,0.009953411980631885,0.009953411349227285,3.1310953829688515e-11
565,0.001806506,0.002133807007339783,0.09432126399769913,1.806506,2.133807007339783,94.32126399769913,7.133312734395194,7.135917044736303,7.135917044605108,0.036495804600617,0.0364958027627771,1.441458064022072e-11
566,0.001775955,0.0019367310014786199,0.10027459100820124,1.7759550000000002,1.9367310014786199,100.27459100820124,14.246461124465576,14.247566349206991,14.247566348986904,0.00775728790676681,0.007757286362152231,6.713762878973739e-11
567,0.0018142790000000002,0.0019435979920672253,0.09346312900015619,1.8142790000000002,1.9435979920672253,93.46312900015619,8.975692281636213,8.976584805695282,8.976584805686482,0.009942802061004397,0.009942801962980516,9.711464965533878e-11
568,0.001798162,0.0020091159967705607,0.09450577000097837,1.798162,2.0091159967705607,94.50577000097837,16.156669224378966,16.157624036455267,16.157624036304085,0.0059093594092000405,0.005909358473584485,4.724731716976294e-11
569,0.001778768,0.0020300760079408064,0.09378328399907332,1.778768,2.0300760079408064,93.78328399907332,9.543249625753973,9.5443254846642,9.54432548459295,0.011272236177981825,0.01127223543155253,7.942663193816202e-11
570,0.001783224,0.0021720280055887997,0.09328830700542312,1.783224,2.1720280055887997,93.28830700542312,4.441444096392168,4.443542671032208,4.44354267118856,0.04722751181667193,0.047227515333630066,3.559399996966306e-11
571,0.00181716,0.002219739995780401,0.09329538299061824,1.8171599999999999,2.219739995780401,93.29538299061824,12.766193255594793,12.767420495533713,12.767420495764078,0.009612277901786731,0.009612279705932815,8.38908803535432e-11
572,0.001773141,0.0022331079962896183,0.09268692499608733,1.773141,2.2331079962896183,92.68692499608733,14.820553609789837,14.821454309291841,14.821454309536477,0.0060769981353299305,0.006076999785785004,3.8342801156332484e-11
573,0.001785928,0.002088376000756398,0.09294767199025955,1.785928,2.088376000756398,92.94767199025955,7.907213051738356,7.908125030647128,7.908125030740592,0.011532176150945764,0.011532177332692545,4.199163239348991e-11
574,0.0018144209999999999,0.0024091459927149117,0.09330607399169821,1.8144209999999998,2.4091459927149117,93.30607399169821,2.286492452667055,2.28786907841679,2.287869078145924,0.06017065236476778,0.06017064053266527,5.24673637869455e-11
575,0.001826368,0.00223343500692863,0.09262055699946359,1.826368,2.23343500692863,92.62055699946359,2.2035039125382596,2.2047251395616243,2.2047251396255234,0.055391350216449774,0.055391353113124396,1.0882850176585634e-11
576,0.001802025,0.002096752999932505,0.09512064000591636,1.802025,2.096752999932505,95.12064000591636,1.8334157732733622,1.8342751983232262,1.834275198566381,0.046853659180996696,0.0468536724309661,4.515693374784746e-11
577,0.001798149,0.0022144469985505566,0.09313670799019746,1.798149,2.2144469985505566,93.13670799019746,10.352086342237982,10.35388568692391,10.35388568714868,0.017378448442794067,0.01737845061328814,3.405997445887765e-11
578,0.001800216,0.0022007939987815917,0.09524877299554646,1.800216,2.2007939987815917,95.24877299554646,10.308997642841671,10.309768580019178,10.309768579906432,0.00747773503859765,0.0074777339451013525,4.482425541851853e-11
579,0.001794983,0.0034258029918419197,0.09423365999828093,1.794983,3.4258029918419197,94.23365999828093,16.1649144162111,16.167141494080163,16.167141494097137,0.01377533480409831,0.013775334909079935,3.7118808027258865e-11
580,0.001781898,0.0020878270006505772,0.09443816999555565,1.781898,2.0878270006505772,94.43816999555565,6.475889175302555,6.477012727548516,6.477012727484798,0.017346766066738562,0.017346765083154473,4.331943137536598e-11
581,0.0018133099999999998,0.002045368994004093,0.09434001200133935,1.8133099999999998,2.045368994004093,94.34001200133935,7.44256849484179,7.443650803869144,7.443650804123955,0.014540029561713389,0.014540032984418728,6.196110291512014e-11
582,0.001779286,0.002069751004455611,0.09416820999467745,1.779286,2.069751004455611,94.16820999467745,14.425253058037892,14.426088393363948,14.426088393481223,0.005790449242218311,0.005790450055108713,2.1300294861248403e-11
583,0.0017743820000000001,0.001953944010892883,0.09276007101288997,1.7743820000000001,1.953944010892883,92.76007101288997,8.562682331426238,8.564651816471141,8.56465181668834,0.022995506263490766,0.022995508798897484,1.0682510431792025e-10
584,0.001785891,0.0019469749968266115,0.09263349900720641,1.785891,1.9469749968266115,92.63349900720641,1.5094136980023514,1.5104694282333213,1.5104694283438178,0.06989418065910462,0.06989418796936647,6.836731181181221e-11
585,0.0017809979999999998,0.00196904999029357,0.09313060800195672,1.7809979999999999,1.9690499902935699,93.13060800195672,12.539905453406433,12.540988587765007,12.540988587890546,0.00863675419998589,0.008636755200926504,6.393374718527411e-11
586,0.001793158,0.0020112560014240444,0.0933364509983221,1.793158,2.0112560014240444,93.3364509983221,10.713393236786743,10.714290571303714,10.714290571277811,0.008375118361770623,0.008375118120031182,1.562663887177962e-11
587,0.001837652,0.001936576998559758,0.09328224600176327,1.8376519999999998,1.936576998559758,93.28224600176327,8.702214208744717,8.702967586307405,8.702967586175937,0.008656559446154165,0.008656557935671818,1.9130430573000012e-10
588,0.0018134240000000001,0.0020875790069112554,0.0942888830031734,1.8134240000000001,2.0875790069112554,94.2888830031734,0.8685811232514382,0.8718430627500524,0.871843062656211,0.37414296654779466,0.3741429558245026,2.961681247470871e-11
589,0.0018028780000000002,0.001933904000907205,0.09394487399549689,1.8028780000000002,1.933904000907205,93.94487399549689,2.2531426915272306,2.253597043104719,2.253597043179333,0.020161172063949028,0.02016117537417034,9.180225031763314e-11
590,0.001801537,0.0020691560057457536,0.09321087900025304,1.801537,2.0691560057457536,93.21087900025304,9.692813704050607,9.694001683060542,9.694001682964647,0.012254784440672992,0.012254783451575825,2.5302399064841552e-11
591,0.00177707,0.0020240079902578145,0.09373815800063312,1.77707,2.0240079902578145,93.73815800063312,7.35835757113918,7.359470113558967,7.359470113447678,0.015117153852377116,0.015117152340421358,3.7188085943995475e-11
592,0.0017817699999999998,0.0020106939919060096,0.09422093300963752,1.7817699999999999,2.0106939919060096,94.22093300963752,4.092336919980813,4.093620216594694,4.09362021626373,0.031348697387185924,0.03134868930485462,5.87292436904363e-11
593,0.0018360649999999998,0.0021576549916062504,0.09438248499645852,1.8360649999999998,2.1576549916062504,94.38248499645852,11.500546750983837,11.50770721415891,11.50770721420578,0.06222319565327684,0.06222319606032392,8.389988703783047e-11
594,0.0017691360000000001,0.002111951995175332,0.0948087430006126,1.769136,2.111951995175332,94.8087430006126,10.922696271117896,10.923672555813141,10.92367255624145,0.008937330282069472,0.008937334202635327,1.374818592303484e-10
595,0.0017773850000000002,0.002104883998981677,0.09400339100102428,1.7773850000000002,2.104883998981677,94.00339100102428,6.36903806530556,6.370007045677276,6.370007046051519,0.01521160596477064,0.015211611838954574,5.4372201185870495e-11
596,0.0017741329999999998,0.0019533809972926974,0.09329172699654009,1.7741329999999997,1.9533809972926974,93.29172699654009,3.46298995341224,3.4638062820532625,3.4638062823531826,0.02356738727716676,0.023567395933811533,4.719680202214249e-11
597,0.0017816249999999998,0.001995373997488059,0.09357643300609197,1.7816249999999998,1.995373997488059,93.57643300609197,3.2519904958951855,3.2534726555804205,3.2534726556001843,0.045556236124892235,0.04555623673208168,3.171907181354072e-11
598,0.001822107,0.00195572899247054,0.09364228800404817,1.822107,1.95572899247054,93.64228800404817,12.922621100144575,12.92417576745246,12.924175767459374,0.012029140858646339,0.012029140912133302,1.1014567036227163e-10
599,0.001828047,0.0019900390034308657,0.09327017600298859,1.828047,1.9900390034308657,93.27017600298859,7.767862509421182,7.768727076472636,7.768727076591574,0.011128812261573364,0.011128813792384151,2.1638302261095532e-11
600,0.001780495,0.0019112809968646616,0.09532491199206561,1.780495,1.9112809968646616,95.32491199206561,5.767004806473665,5.767857583738966,5.767857583690848,0.014784991704810433,0.014784990870690675,7.759387576911081e-11
601,0.0018066830000000001,0.001910113001940772,0.09257546599837951,1.806683,1.910113001940772,92.57546599837951,19.074911106348736,19.077338977642746,19.07733897792088,0.012726467233483243,0.012726468691230845,1.2600387400141244e-10
602,0.001771083,0.0019294490048196167,0.09418800201092381,1.771083,1.9294490048196167,94.18800201092381,5.696653045052631,5.6972662485895675,5.697266248843842,0.01076311883946051,0.010763123302082483,4.818667687089828e-11
603,0.001850761,0.0022561110090464354,0.0937252309959149,1.850761,2.2561110090464354,93.7252309959149,14.148461024502758,14.149888906241838,14.149888906197667,0.01009111625215463,0.01009111594002192,4.066691428050717e-11
604,0.001794547,0.0021491799998329952,0.09322654199786484,1.7945470000000001,2.1491799998329952,93.22654199786484,7.013231796923378,7.015334792982959,7.015334793208929,0.029977130409854814,0.029977133629980734,6.690259457542425e-11
605,0.001801588,0.002042662992607802,0.09391213799244724,1.801588,2.042662992607802,93.91213799244724,5.004526893404567,5.005561285124145,5.0055612854016545,0.02066484976724553,0.0206648553101249,2.700073498118627e-11
606,0.001821479,0.002119273995049298,0.09499565399892163,1.821479,2.119273995049298,94.99565399892163,4.111516843078256,4.112458823036395,4.112458822767795,0.022905517080489934,0.02290551055062903,6.858924539443478e-11
607,0.001833095,0.002072678995318711,0.09429157599515747,1.8330950000000001,2.072678995318711,94.29157599515747,17.73525492043797,17.736955152695458,17.736955152579263,0.009585818100403314,0.009585817445364643,3.466182896261216e-11
608,0.001805231,0.002100876998156309,0.09541821099992376,1.805231,2.100876998156309,95.41821099992376,6.331874877192323,6.333009884596425,6.333009884389533,0.017922084834614358,0.017922081568312785,5.194367158622981e-11
609,0.00180436,0.0022315289970720187,0.09491624499787576,1.8043600000000002,2.2315289970720187,94.91624499787576,3.2476199830647197,3.248465297141223,3.24846529703224,0.02602195188131964,0.026021948527283956,4.2909009678737675e-11
610,0.00181423,0.0022412810067180544,0.09379151101165917,1.81423,2.2412810067180544,93.79151101165917,-0.24288277670685687,-0.2420380468964609,-0.24203804739180157,0.3490070347317419,0.34900682936343863,5.959011062373065e-11
611,0.001787023,0.0021443550067488104,0.09595229300612118,1.787023,2.1443550067488104,95.95229300612118,11.253459176458627,11.255008419375187,11.25500841926651,0.013764920103422276,0.013764919137962739,3.0623513273819736e-11
612,0.0018279390000000002,0.0020040370000060648,0.09577164800430182,1.8279390000000002,2.0040370000060648,95.77164800430182,7.290303026860158,7.291988075317207,7.291988075325264,0.023108217397558067,0.023108217508031267,1.5852352763801036e-10
613,0.001810168,0.0020488949958235025,0.09518684800423216,1.810168,2.0488949958235025,95.18684800423216,4.617548974535644,4.618231014123513,4.618231014414899,0.014768416430069632,0.014768422738620167,7.046629946216854e-11
614,0.001803886,0.0019482180068735033,0.0955807209975319,1.8038859999999999,1.9482180068735033,95.5807209975319,0.30175379139378933,0.30252119092105545,0.30252119098178554,0.2536680240249281,0.2536680440486609,3.808475756983398e-11
615,0.001794455,0.002040338993538171,0.0947060160106048,1.794455,2.040338993538171,94.7060160106048,10.915881249519781,10.91692704958999,10.916927049989614,0.009579619479531017,0.009579623139765818,5.272382530563391e-11
616,0.0017759030000000001,0.0018789460009429604,0.09426740699564107,1.775903,1.8789460009429604,94.26740699564107,2.883753370107275,2.8846060926426844,2.884606092685871,0.029561143117053747,0.029561144613757962,8.804079687507738e-11
617,0.001780687,0.0021466429898282513,0.09434277900436427,1.780687,2.1466429898282513,94.34277900436427,4.946217831342473,4.947524637183957,4.947524637291515,0.02641332660907383,0.026413328782483862,2.4193314018816636e-11
618,0.001815415,0.0021556369902100414,0.09609959399676882,1.815415,2.1556369902100414,96.09959399676882,3.7021411404484894,3.702765115881121,3.702765116282791,0.01685160719364488,0.016851618039650716,7.330958062823356e-11
619,0.0018207409999999999,0.00216837199695874,0.09512331799487583,1.820741,2.16837199695874,95.12331799487583,8.687365873429037,8.689254670097618,8.689254670122825,0.021737153994127033,0.02173715428415219,3.017269767369157e-11
620,0.001804022,0.002105934006976895,0.09524169399810489,1.804022,2.105934006976895,95.24169399810489,0.7990458085736449,0.7996135981846635,0.7996135981628854,0.07100799840167656,0.07100799568002816,7.058287287975418e-11
621,0.001809679,0.0021781320101581514,0.09548664699832443,1.809679,2.1781320101581514,95.48664699832443,4.6342776631892875,4.634917833700143,4.634917833793072,0.013811906355733447,0.013811908360418318,3.836275741520012e-11
622,0.0018426410000000001,0.0021765589917777106,0.09384943300392479,1.8426410000000002,2.1765589917777106,93.84943300392479,8.456207021040825,8.45827814048016,8.458278140741637,0.02448630093427166,0.024486304024878797,3.639266665800278e-11
623,0.00178417,0.00201563500741031,0.09435156499966979,1.78417,2.01563500741031,94.35156499966979,6.180609122600238,6.181488669353158,6.181488669807738,0.014228720620007497,0.014228727972859161,5.512583445277386e-11
624,0.0017801140000000002,0.002079322002828121,0.09571081100148149,1.7801140000000002,2.079322002828121,95.71081100148149,11.679458449046216,11.681491476130166,11.681491475826135,0.017403831420879867,0.01740382881866365,3.105160573113608e-11
625,0.0018328920000000002,0.0020717019942821935,0.09495024199713953,1.8328920000000002,2.0717019942821935,94.95024199713953,3.481264784356071,3.482212741788583,3.482212741967981,0.027222846586480144,0.027222851736911954,5.027966931692163e-11
626,0.0018158629999999998,0.0020775770099135116,0.09448124699702021,1.8158629999999998,2.0775770099135116,94.48124699702021,7.830043366009214,7.832810484272901,7.832810484614267,0.03532727198293903,0.03532727633955473,8.634681858410431e-11
627,0.001781522,0.0020714130077976733,0.09428984299302101,1.781522,2.0714130077976733,94.28984299302101,3.9204681760317968,3.9209871547023383,3.9209871546046884,0.013235918661939934,0.013235916171828148,2.8681168551258907e-11
628,0.001787119,0.0019913489959435537,0.09448605201032478,1.787119,1.9913489959435537,94.48605201032478,3.1271987123635725,3.1282935323314653,3.1282935323992795,0.034997354198948685,0.0349973563659597,2.5047963703173082e-11
629,0.001768775,0.002046087000053376,0.094219880993478,1.768775,2.046087000053376,94.219880993478,9.419003987741196,9.422516559119675,9.42251655885282,0.037278484536911766,0.03727848170586869,1.0888895340954718e-10
630,0.0017766079999999998,0.002029884999501519,0.09545519399398472,1.7766079999999997,2.029884999501519,95.45519399398472,1.3880486696913117,1.3884219104544933,1.388421910391429,0.026882373460916632,0.026882368919986615,1.1476836148105463e-10
631,0.001806548,0.0020421539957169443,0.09374486700107809,1.806548,2.0421539957169443,93.74486700107809,6.338195492309147,6.3390671284617355,6.33906712857809,0.01375022751652049,0.013750229351789376,3.2466113131235375e-11
632,0.001772016,0.0021156340080779046,0.09433633500884753,1.772016,2.1156340080779046,94.33633500884753,10.908917967024461,10.910629288988567,10.910629289377447,0.015684906147737303,0.01568490971140933,5.988243928500836e-11
633,0.0017894809999999999,0.0020569309999700636,0.09539718298765365,1.7894809999999999,2.0569309999700636,95.39718298765365,17.314984823062453,17.316705523658435,17.31670552403932,0.009936651019623696,0.009936653218936872,1.1502787611306076e-10
634,0.001773138,0.0021387329907156527,0.09448395200888626,1.773138,2.1387329907156527,94.48395200888626,13.522074910464525,13.524944912470126,13.524944912320784,0.021220064289907428,0.02122006318594595,3.795147529572773e-11
635,0.001799749,0.0020504610001808032,0.09354887399240397,1.799749,2.0504610001808032,93.54887399240397,3.5548226596935777,3.556421655227151,3.556421655112267,0.04496079735717432,0.044960794128298204,8.543309115705e-11
636,0.0018045920000000003,0.0021029420022387058,0.09649480499501806,1.8045920000000002,2.1029420022387058,96.49480499501806,6.124885327775836,6.126214808011184,6.1262148077910865,0.02170149557292646,0.021701491980986573,1.1185230519572542e-10
637,0.0017673620000000002,0.0019595750054577366,0.09388964700337965,1.767362,1.9595750054577366,93.88964700337965,9.989000335292186,9.990065465487596,9.99006546548581,0.010661894049545744,0.01066189403165973,7.27244930942561e-11
638,0.00181755,0.002002131994231604,0.0937011159985559,1.81755,2.002131994231604,93.7011159985559,1.7734388225893234,1.7747754837148442,1.7747754837645608,0.0753143785107379,0.0753143813099219,6.966827115206797e-11
639,0.0017987839999999999,0.001998406005441211,0.09449871401011478,1.798784,1.9984060054412112,94.49871401011478,15.293962655578465,15.295369703481398,15.295369703069241,0.009199175503507417,0.009199172809100467,6.407185892953748e-11
640,0.001783663,0.002068504996714182,0.09520910101127811,1.783663,2.068504996714182,95.20910101127811,4.903012662539044,4.903755806506673,4.9037558065414295,0.015154587564144366,0.015154588272803853,2.002743804130347e-11
641,0.0017813920000000001,0.0019498329929774627,0.09341990799293853,1.781392,1.9498329929774627,93.41990799293853,16.26914989109148,16.269518609971474,16.26951861012804,0.0022663170855448294,0.002266318047841223,7.389033829241498e-11
642,0.001840123,0.0020548870088532567,0.09488324999983888,1.840123,2.0548870088532567,94.88324999983888,4.263473444988229,4.265658819764358,4.265658820033607,0.05123182299539481,0.05123182930418746,1.4501463918570323e-10
643,0.0017801450000000001,0.0021008199983043596,0.09523533299216069,1.780145,2.1008199983043596,95.23533299216069,8.389508825389658,8.393848940893328,8.393848940243767,0.05170590433818133,0.05170589660365394,7.607392493724774e-11
644,0.00178355,0.0020411170116858557,0.09396331501193345,1.78355,2.0411170116858557,93.96331501193345,9.333841758767036,9.335156778937247,9.335156778931566,0.014086749707057982,0.014086749646212844,2.062494619536892e-11
645,0.0017787970000000001,0.0020397930056788027,0.09522191100404598,1.7787970000000002,2.0397930056788027,95.22191100404598,21.82342289610787,21.82840505809303,21.828405057833926,0.022824214466876974,0.02282421328014884,5.3839765978835885e-11
646,0.001766413,0.002039627986960113,0.09527048899326473,1.766413,2.039627986960113,95.27048899326473,8.90751230144258,8.91006860761938,8.910068607929919,0.02869008409894496,0.028690087583206077,4.598743608141831e-11
647,0.001810105,0.0019632549956440926,0.09813623600348365,1.810105,1.9632549956440926,98.13623600348365,5.798881889441567,5.800070669998707,5.80007066994488,0.02049596676966083,0.020495965841807778,5.8011095926957523e-11
648,0.001807502,0.0019821589958155528,0.09454015700612217,1.807502,1.9821589958155528,94.54015700612217,21.36525483326839,21.367991294968775,21.367991294630514,0.012806359112602441,0.012806357529778623,5.178099615754661e-11
649,0.0018179389999999998,0.0020162909931968898,0.0944680190004874,1.8179389999999997,2.0162909931968898,94.4680190004874,5.37758373447981,5.378993719707886,5.3789937197673545,0.026212806735761617,0.026212807841048014,3.411304572153995e-11
650,0.0018164930000000002,0.002301081010955386,0.0945152229978703,1.8164930000000001,2.301081010955386,94.5152229978703,5.194527435072835,5.195713863967633,5.1957138641531415,0.022834761995372606,0.022834765564971354,3.4453717656646177e-11
651,0.0017860559999999998,0.0020074610074516386,0.09428909201233182,1.7860559999999999,2.0074610074516386,94.28909201233182,17.58341464398142,17.586321238551996,17.58632123790906,0.01652758715793033,0.016527583502655735,6.071954050668182e-11
652,0.00177375,0.0020184299937682226,0.09362957799748983,1.77375,2.0184299937682226,93.62957799748983,4.37035996604682,4.371331416194948,4.3713314162555434,0.02222320971888212,0.022223211104766938,2.1597196253608786e-11
653,0.001776556,0.00207658699946478,0.09395703399786726,1.776556,2.07658699946478,93.95703399786726,2.7320072749723074,2.7341873013567977,2.7341873015095786,0.07973215234407734,0.07973215792742139,4.8913650907422834e-11
654,0.001816968,0.002013246004935354,0.09452238099765964,1.816968,2.013246004935354,94.52238099765964,11.35757795638046,11.358721499152914,11.358721499412184,0.010067530685903546,0.010067532968236438,3.7119751716829796e-11
655,0.001782573,0.0020287480001570657,0.09382107100100257,1.782573,2.0287480001570657,93.82107100100257,2.420542078771035,2.423056222420662,2.4230562224921357,0.10375919577777391,0.10375919872443824,2.4611757076797858e-11
656,0.001847118,0.0020013479952467605,0.0927290279942099,1.847118,2.0013479952467605,92.7290279942099,9.284365904034924,9.28497285010966,9.284972850382964,0.0065368642917361455,0.006536867235043539,1.0226519631117981e-10
657,0.001804198,0.002038999999058433,0.09391732100630179,1.804198,2.038999999058433,93.91732100630179,11.660768891249614,11.662437101740935,11.662437101524791,0.014304132804898858,0.014304130951833086,2.9917290866876556e-11
658,0.0018007259999999999,0.002120941993780434,0.09552539300057106,1.8007259999999998,2.120941993780434,95.52539300057106,2.608611847302196,2.6095451964837224,2.609545195894139,0.03576673754429962,0.03576671495903766,3.087217148589616e-10
659,0.001789458,0.0020452139870030805,0.09377340899663977,1.789458,2.0452139870030805,93.77340899663977,8.555118821170964,8.55636757553279,8.556367575530253,0.014594445023560882,0.014594444993919011,4.7500503530528704e-11
660,0.00183892,0.0020811410067835823,0.09461600000213366,1.8389199999999999,2.0811410067835823,94.61600000213366,2.6705485512253375,2.6713878502841446,2.671387850367534,0.03141809073953125,0.03141809386012253,5.3864808446935086e-11
661,0.0018022609999999999,0.0019618529913714156,0.09544539000489749,1.802261,1.9618529913714156,95.44539000489749,0.9670511975365841,0.9680996321132795,0.9680996323551696,0.10829821042352968,0.10829823538254142,6.758682502550073e-11
662,0.00177239,0.002141832999768667,0.09469113999512047,1.77239,2.141832999768667,94.69113999512047,1.614314914429194,1.6178238590437992,1.6178238590210867,0.21689287093832332,0.21689286953747636,1.4351377725096981e-11
663,0.0018236160000000001,0.0019738150003831834,0.09465494300820865,1.8236160000000001,1.9738150003831834,94.65494300820865,4.718162738348898,4.7193482512041065,4.719348251258467,0.025120266445817812,0.025120267597383953,4.202693748567299e-11
664,0.001835083,0.00196952601254452,0.0952952980005648,1.835083,1.9695260125445202,95.2952980005648,2.912947335992424,2.9136751249995783,2.9136751248535084,0.024978385575993335,0.0249783805639954,8.098632875430667e-11
665,0.001778621,0.0020666850032284856,0.09493878300418146,1.778621,2.0666850032284856,94.93878300418146,5.181816475920023,5.182588421708175,5.182588421588214,0.014894985388356631,0.014894983074009972,9.484502072609757e-11
666,0.0017854680000000001,0.0023631060030311346,0.0954530120070558,1.785468,2.3631060030311346,95.4530120070558,8.909645933188905,8.911063612600138,8.911063612901433,0.015909205375085313,0.01590920875568126,1.0108647252593528e-10
667,0.001807644,0.0019377779972273856,0.0952496989921201,1.807644,1.9377779972273856,95.2496989921201,7.14215704081969,7.142622530595915,7.142622530725902,0.006517070925015459,0.006517072744770265,8.444773352822565e-11
668,0.001847945,0.0019599329971242696,0.09454278199700639,1.847945,1.9599329971242696,94.54278199700639,-0.04954742440103033,-0.04813141638182117,-0.048131416358053514,2.941962081431646,2.9419621322651595,6.390558915381206e-11
669,0.001772671,0.0020420270011527464,0.09465919600916095,1.7726709999999999,2.0420270011527464,94.65919600916095,0.6633153602181103,0.6648286392986336,0.6648286397145995,0.22761941815859188,0.22761948058356643,6.088690662764407e-11
670,0.001825793,0.002192724001361057,0.09489419798774179,1.825793,2.192724001361057,94.89419798774179,6.82214274915631,6.825463255245015,6.825463255223443,0.048648801766736666,0.048648801450837484,9.68358726538554e-12
671,0.0017849519999999998,0.002106872998410836,0.09430557698942721,1.7849519999999999,2.106872998410836,94.30557698942721,10.566294358433623,10.567168703420027,10.567168703408218,0.00827416511407173,0.008274165002327104,5.554801063567538e-11
672,0.001808816,0.0020344630029285327,0.09420178500295151,1.808816,2.0344630029285327,94.20178500295151,1.0870093761530875,1.0905573628701113,1.0905573626634109,0.32533701003001786,0.3253369911380303,1.407248761964297e-10
673,0.0017862400000000001,0.0020513039926299825,0.09480011599953286,1.78624,2.0513039926299825,94.80011599953286,4.276860021538397,4.277409487986979,4.277409488056211,0.012845776167222291,0.012845777785557835,3.147468397024511e-11
674,0.001815891,0.0022781090083299205,0.0949778609938221,1.8158910000000001,2.2781090083299205,94.9778609938221,-0.3580940745558756,-0.3573718610565635,-0.35737186102075214,0.2020901973582664,0.20209020739927103,1.1377701558679121e-10
675,0.0018016360000000001,0.0020682339963968843,0.09391026299272198,1.801636,2.0682339963968843,93.91026299272198,-0.5470326753444041,-0.5461725365595917,-0.5461725365968846,0.15748481061140723,0.15748480377262214,1.440092489701783e-11
676,0.0018557439999999999,0.0020135450031375512,0.09420699499605689,1.8557439999999998,2.0135450031375512,94.20699499605689,4.111014081207134,4.112001223665569,4.112001223730619,0.02400637560011972,0.02400637718169929,4.065991987545203e-11
677,0.0017744369999999998,0.0020409480057423934,0.0951151749904966,1.7744369999999998,2.0409480057423934,95.1151749904966,5.841901471486445,5.8425950404929665,5.842595040615784,0.011870906706952516,0.011870908808805057,4.225786387479502e-11
678,0.001767772,0.0020617889967979863,0.094524658008595,1.767772,2.0617889967979863,94.524658008595,3.4108556054662955,3.411937838764178,3.4119378386752928,0.03171902153629464,0.03171901893199309,5.214789711160961e-11
679,0.001793359,0.0021276409970596433,0.09491240100760479,1.793359,2.1276409970596433,94.91240100760479,11.814731431100427,11.816378917379218,11.816378917751013,0.013942395469127627,0.01394239861512696,5.5169091517370816e-11
680,0.001785972,0.00198515500233043,0.09444986400194466,1.7859720000000001,1.9851550023304299,94.44986400194466,14.15158121883755,14.152671681703524,14.15267168155858,0.0077049965582414795,0.0077049955341772745,2.984201774580697e-11
681,0.001829834,0.0020403800008352846,0.09531838899420109,1.829834,2.0403800008352846,95.31838899420109,17.497200390357918,17.498431456509593,17.49843145637958,0.007035294304719179,0.007035293561781672,1.5629664229521723e-11
682,0.0018114149999999998,0.002467238999088295,0.09450219399877824,1.8114149999999998,2.467238999088295,94.50219399877824,4.698643178582163,4.699404238086757,4.6994042381234955,0.01619480823602816,0.01619480901767325,2.939437582227811e-11
683,0.0017911190000000003,0.002080933001707308,0.09395380699425004,1.7911190000000003,2.080933001707308,93.95380699425004,11.349712623679146,11.351340156931457,11.351340157134814,0.014337807076611819,0.014337808867837977,7.338463170469822e-11
684,0.001800799,0.002001318003749475,0.09471137099899352,1.800799,2.001318003749475,94.71137099899352,12.559626159408566,12.560458685264859,12.560458684976297,0.006628148518726814,0.006628146221494332,3.563922074123482e-11
685,0.00185919,0.002132456997060217,0.09566498400818091,1.85919,2.132456997060217,95.66498400818091,11.210323934630559,11.211866712908918,11.211866712911089,0.01376022671214415,0.013760226731502295,9.104828002648446e-12
686,0.001951482,0.0020624369935831055,0.09521995000250172,1.951482,2.0624369935831055,95.21995000250172,13.158987177213774,13.159683522679316,13.159683522451502,0.005291506169900694,0.005291504438839633,4.313333024086319e-11
687,0.002009227,0.0019803080067504197,0.09432560499408282,2.009227,1.9803080067504197,94.32560499408282,12.986047288623809,12.987368864932876,12.987368865049874,0.010175858734831362,0.01017585963559935,3.238365131608134e-11
688,0.00210179,0.0019299980049254373,0.09414394700434059,2.1017900000000003,1.9299980049254373,94.14394700434059,-2.6171971861553835,-2.61602914162453,-2.616029141142807,0.04464952290738482,0.0446495413298934,1.1294165602748762e-10
689,0.002150876,0.0020475620112847537,0.09481402300298214,2.150876,2.0475620112847537,94.81402300298214,4.460749548476748,4.461189163627406,4.461189163257032,0.009854214527414244,0.009854206226097202,9.341161177900403e-11
690,0.002233536,0.002366371001699008,0.09564589799265377,2.233536,2.366371001699008,95.64589799265377,18.531061085410816,18.532294069292025,18.532294069060363,0.00665316380475715,0.006653162554796475,7.404826578294443e-11
691,0.002274846,0.002133849004167132,0.0956762629939476,2.274846,2.133849004167132,95.6762629939476,15.588550251304852,15.596411518892289,15.59641151871973,0.05040433549675345,0.05040433439091011,3.0283109353490545e-11
692,0.002293267,0.002094526993460022,0.0956640890071867,2.2932669999999997,2.094526993460022,95.6640890071867,11.799469014203027,11.8003566987271,11.80035669813173,0.007522522807884788,0.007522517762901047,5.3040016823047154e-11
693,0.002351865,0.0020126940071349964,0.09506802400574088,2.3518649999999997,2.0126940071349964,95.06802400574088,3.9699898289097817,3.971062451615751,3.9710624526047695,0.027010975501852535,0.027011000400768453,4.712816248364504e-10
694,0.002348277,0.0020080190006410703,0.09374673500133213,2.3482770000000004,2.0080190006410703,93.74673500133213,11.075794667773188,11.076523902429038,11.07652390248104,0.006583605671542365,0.006583606140982481,1.934655213808867e-11
695,0.002351142,0.0018753930053208023,0.09502096800133586,2.3511420000000003,1.8753930053208023,95.02096800133586,1.062731603334786,1.063957533149562,1.063957533756529,0.11522356640937131,0.11522362339167869,2.233898621639696e-10
696,0.002426416,0.0020567839965224266,0.09595669999544043,2.4264159999999997,2.0567839965224266,95.95669999544043,4.860002554655193,4.862006572979414,4.862006573078286,0.04121792708711904,0.04121792911984498,3.8115288703011174e-11
697,0.002426316,0.002017298000282608,0.09519344799628016,2.426316,2.017298000282608,95.19344799628016,10.172292258053655,10.173548327120695,10.173548327226634,0.012346420606184705,0.01234642164736804,9.706413450771834e-11
698,0.002409845,0.002194514003349468,0.09816645699902438,2.409845,2.194514003349468,98.16645699902438,3.9617712935268976,3.9625227163293246,3.9625227162049264,0.018963242767806626,0.018963239629031445,1.1122103238392356e-10
699,0.002421604,0.002044813008978963,0.09494343301048502,2.421604,2.044813008978963,94.94343301048502,3.711121119407487,3.712353874335001,3.71235387455123,0.0332068269686441,0.03320683279128432,6.047162770528303e-11
700,0.002443663,0.002020262007135898,0.0954348040104378,2.443663,2.020262007135898,95.4348040104378,-1.8194512821361215,-1.8182506642934833,-1.8182506642386116,0.06603148103920949,0.06603148405902938,4.5529136016853045e-11
701,0.0024947420000000003,0.0019894099968951195,0.09474736099946313,2.4947420000000005,1.9894099968951195,94.74736099946313,9.481146582564548,9.482584339551465,9.482584339960837,0.015162079612833114,0.015162083929272681,6.994738122045874e-11
702,0.0025086970000000003,0.002066379995085299,0.09430323899141513,2.508697,2.066379995085299,94.30323899141513,11.694808411382223,11.695864327107223,11.695864327307014,0.009028111950251286,0.009028113658311193,3.959343963799711e-11
703,0.002489382,0.002050297989626415,0.09424726600991562,2.489382,2.050297989626415,94.24726600991562,2.47215175746517,2.4728691922127126,2.4728691919940253,0.02901224010562215,0.029012231264724093,8.129819040192388e-11
704,0.002517742,0.0020306549995439127,0.09236381300434005,2.5177419999999997,2.0306549995439127,92.36381300434005,10.066054493442607,10.066730433749573,10.066730434075701,0.006714596277453502,0.006714599516902115,4.335060088678233e-11
705,0.002499917,0.0020081969996681437,0.09420419299567584,2.499917,2.0081969996681437,94.20419299567584,5.856248005664803,5.857206118377007,5.857206118007294,0.016357845239535155,0.016357838928460138,5.924502555210154e-11
706,0.002504703,0.0019327259942656383,0.09409475700522307,2.504703,1.9327259942656383,94.09475700522307,8.874638233152794,8.875368056898829,8.875368056895507,0.008223025133784782,0.008223025096360822,5.178849016296283e-11
707,0.002510209,0.0020452989992918447,0.0946450120100053,2.5102089999999997,2.0452989992918447,94.6450120100053,2.9259463039359233,2.9269301590101335,2.926930158830487,0.03361388966462442,0.03361388352897635,4.605310577332489e-11
708,0.002497819,0.0020497979858191684,0.09448754400364123,2.4978190000000002,2.0497979858191684,94.48754400364123,11.865884440989674,11.869016362259561,11.869016362351385,0.026387370059119022,0.026387370832554706,6.568112720373165e-11
709,0.002508263,0.0018871110078180209,0.09442691699950956,2.5082630000000004,1.8871110078180209,94.42691699950956,11.272368550556497,11.27297736357173,11.272977363389622,0.005400640803208587,0.005400639187852593,8.836875675655165e-11
710,0.002504548,0.0019779150024987757,0.09459428499394562,2.504548,1.9779150024987757,94.59428499394562,14.86198389413953,14.862882913643254,14.86288291378387,0.006048755876952116,0.006048756822985955,3.5932090636237035e-11
711,0.002501793,0.0019795319967670366,0.09482146298978478,2.501793,1.9795319967670366,94.82146298978478,6.366614914780644,6.367442235627209,6.367442235618125,0.012992985502648503,0.012992985359999255,4.1457698385372055e-11
712,0.002528909,0.00208157800079789,0.09421215900511015,2.528909,2.08157800079789,94.21215900511015,13.865725127618315,13.866694782630606,13.866694782643059,0.0069926902372269605,0.006992690327020461,2.8472890711839227e-11
713,0.002504287,0.0020904019911540672,0.09375062301114667,2.504287,2.090401991154067,93.75062301114667,5.680060703315675,5.681576931469337,5.681576931479256,0.02668674862543304,0.026686748799971367,3.743538812273073e-11
714,0.002501644,0.002119845012202859,0.09489577999920584,2.5016439999999998,2.119845012202859,94.89577999920584,11.084851333008409,11.08573439031764,11.085734390418608,0.007965708703993253,0.007965709614713972,2.4599128289892747e-11
715,0.002501899,0.0020133880025241524,0.09388750098878518,2.5018990000000003,2.0133880025241524,93.88750098878518,10.021085008489315,10.022204721669063,10.022204721811946,0.011172323963073837,0.011172325388579296,5.896148955360225e-11
716,0.0024973369999999996,0.0021372799965320155,0.09462525200797245,2.4973369999999995,2.1372799965320155,94.62525200797245,-1.224805749257456,-1.2244028337460513,-1.2244028337073303,0.03290710379785573,0.032907106961338146,3.351424693320837e-11
717,0.002504393,0.0019930999987991527,0.09499893999600317,2.5043930000000003,1.9930999987991527,94.99893999600317,3.749723412521199,3.750523638539871,3.750523638712135,0.021336381150864392,0.021336385742949195,7.474521002137635e-11
718,0.00249676,0.0020098600070923567,0.09538580301159527,2.49676,2.0098600070923567,95.38580301159527,6.01081751575418,6.011579498728224,6.011579498629008,0.012675254052705679,0.012675252402489475,6.260103546651408e-11
719,0.0025248709999999997,0.0020726869988720864,0.09457133400428575,2.5248709999999996,2.0726869988720864,94.57133400428575,13.295158578848984,13.298289074981895,13.298289074783426,0.023540593194057467,0.023540591701970214,3.811151394472745e-11
720,0.002524884,0.0021211499988567084,0.09527682900079526,2.5248839999999997,2.1211499988567084,95.27682900079526,5.962840003385299,5.963090469373348,5.963090469278665,0.004200271475600523,0.004200269887843372,2.7862351315022238e-11
721,0.002505216,0.002046157998847775,0.10092813200026285,2.5052160000000003,2.046157998847775,100.92813200026285,15.384468875826421,15.384902384530385,15.384902383761343,0.002817754010577416,0.0028177490120403423,7.956790781804557e-11
722,0.0024962610000000005,0.002320300991414115,0.09580916800769046,2.4962610000000005,2.320300991414115,95.80916800769046,7.582765619510724,7.58381970100109,7.583819700993413,0.013899084259969956,0.013899084158749892,1.5178303058860365e-11
723,0.002507649,0.0019725879974430427,0.09504860399465542,2.507649,1.9725879974430427,95.04860399465542,4.404116419689508,4.404983576038987,4.404983575678166,0.019685802103680157,0.01968579391409965,6.247752315502453e-11
724,0.002502108,0.0019871480035362765,0.09519179500057362,2.5021079999999998,1.9871480035362765,95.19179500057362,-0.5078474666666999,-0.5070721348625753,-0.5070721352785164,0.152903650352374,0.15290356819896436,6.360630078194873e-11
725,0.002505812,0.0021009609918110073,0.09421726099390071,2.505812,2.1009609918110073,94.21726099390071,8.120303848530831,8.121529884242719,8.121529884353581,0.015096117718736176,0.015096119083573785,3.1885161178024646e-11
726,0.0025613429999999998,0.002224613999715075,0.09355578600661829,2.561343,2.224613999715075,93.55578600661829,4.042151884812689,4.044078425931083,4.044078425892444,0.047638569668692524,0.04763856871369357,1.9868218181784414e-11
727,0.002498534,0.002128206004272215,0.09384573600254953,2.4985340000000003,2.128206004272215,93.84573600254953,11.409152795149833,11.410508379583668,11.410508379447343,0.011880140557631653,0.011880139363043917,3.136180204421635e-11
728,0.002514155,0.002037110010860488,0.09465094500046689,2.514155,2.037110010860488,94.65094500046689,9.68292326747807,9.684053641327907,9.68405364126222,0.011672527762674335,0.0116725270844619,3.828978106801273e-11
729,0.0024962459999999997,0.0020038619986735284,0.0952663149946602,2.4962459999999997,2.0038619986735284,95.2663149946602,15.708448453791739,15.71026783844075,15.710267838367528,0.011580863341864148,0.01158086287584441,4.8436199495682786e-11
730,0.002506357,0.0021680420031771064,0.09557367199158762,2.506357,2.1680420031771064,95.57367199158762,5.270341848493878,5.27123446049157,5.2712344621383345,0.016933642477529477,0.016933673712824684,1.183634856793958e-10
731,0.002546614,0.002147695005987771,0.09550482699705753,2.546614,2.147695005987771,95.50482699705753,-3.006644058498118,-3.0063159180939145,-3.006315918005569,0.010915033986565546,0.010915036925543896,5.323692875425223e-11
732,0.002484308,0.0022943310032133013,0.09719867799140047,2.484308,2.2943310032133013,97.19867799140047,2.2288916585796485,2.2305440804579995,2.2305440805801595,0.0740815612131554,0.07408156668579155,2.2156942947049174e-11
733,0.002545853,0.002094448995194398,0.09586857999966014,2.5458529999999997,2.094448995194398,95.86857999966014,15.920307580337408,15.922799447246433,15.92279944725476,0.015649678420438812,0.01564967847273023,3.1410207768090004e-11
734,0.0024807519999999997,0.0021334720076993108,0.09525299299275503,2.480752,2.133472007699311,95.25299299275503,11.00541099943927,11.007741098633261,11.007741098757766,0.021167823380946242,0.02116782451177313,4.3280407036050406e-11
735,0.002509174,0.0020608139893738553,0.09598395400098525,2.509174,2.0608139893738553,95.98395400098525,5.486895550865725,5.4882275354628405,5.488227535883453,0.024269850120254437,0.024269857782305494,7.350187125609864e-11
736,0.002491933,0.0021073990064905956,0.09662996300903615,2.491933,2.1073990064905956,96.62996300903615,0.7251363739697787,0.7273343860526893,0.7273343858256816,0.3022010405474445,0.30220100943084527,3.6947500614559203e-11
737,0.002498106,0.001989772994420491,0.09651070699328557,2.498106,1.9897729944204912,96.51070699328557,11.306437309099781,11.308548553388324,11.308548552971502,0.018669454161824313,0.018669450476609433,5.670583447248134e-11
738,0.0025638370000000002,0.0023914519988466054,0.09511070900771301,2.5638370000000004,2.3914519988466054,95.11070900771301,0.0019390454508396715,0.003562933151933123,0.0035629333760169857,45.57727108105822,45.5772745038714,6.036426913880177e-11
739,0.002495213,0.0020923940028296784,0.093634253993514,2.495213,2.0923940028296784,93.634253993514,6.6954461248323724,6.695989767552348,6.695989767513112,0.008118929969245558,0.00811892938332793,1.3844259072470777e-11
740,0.002557917,0.00203261298884172,0.09331788199779112,2.5579169999999998,2.03261298884172,93.31788199779112,9.716559330444397,9.719855680571616,9.719855680580629,0.033913570690225124,0.0339135707829238,2.197630966094266e-11
741,0.0025056930000000002,0.0020398489868966863,0.09297678001166787,2.5056930000000004,2.0398489868966863,92.97678001166787,5.330542925361684,5.331412399760936,5.3314123998152,0.016308518907505645,0.016308519925159033,5.434214189747877e-11
742,0.002511189,0.001928825004142709,0.0938910529948771,2.511189,1.928825004142709,93.8910529948771,7.059794627147628,7.060716971745187,7.060716971796854,0.01306304446488248,0.013063045196541404,3.6983249795952133e-11
743,0.002498579,0.002008658993872814,0.09270632299012505,2.498579,2.008658993872814,92.70632299012505,13.191604802778098,13.195235952572226,13.195235952210453,0.027518642388655933,0.027518639647717613,1.0069961531300464e-10
744,0.002506168,0.002011297008721158,0.09349045800627209,2.506168,2.011297008721158,93.49045800627209,2.692345342503785,2.6931431748030334,2.6931431750852433,0.02962457795460203,0.029624588430324606,7.221523379286054e-11
745,0.0024823090000000003,0.002086066990159452,0.0939325670042308,2.4823090000000003,2.086066990159452,93.9325670042308,12.346152233858913,12.347372657969409,12.347372658825996,0.009884079344672178,0.009884086281395055,1.0455813992393814e-10
746,0.002481019,0.0022214259952306747,0.09401629499916453,2.4810190000000003,2.2214259952306747,94.01629499916453,0.08413609487585916,0.08486278651660584,0.08486278632133804,0.8563136688947651,0.8563134407668596,3.40520528441246e-11
747,0.002577566,0.002190565995988436,0.09347659099148586,2.577566,2.190565995988436,93.47659099148586,3.6364195595355433,3.637408325344758,3.63740832521853,0.027183250291840176,0.027183246822512764,1.5772737282926386e-11
748,0.002497427,0.0020043520053150132,0.09431878999748733,2.497427,2.0043520053150132,94.31878999748733,7.1672991133131205,7.168151422086677,7.1681514223117695,0.011890217203419812,0.0118902203432261,6.435765809165161e-11
749,0.002496129,0.0020027639984618872,0.09568586399836931,2.4961290000000003,2.0027639984618872,95.68586399836931,6.81371866733992,6.81524172584129,6.815241726248644,0.022347828039535597,0.022347834015304793,9.483569485269072e-11
750,0.002527968,0.002068472997052595,0.09695383299549576,2.527968,2.068472997052595,96.95383299549576,0.965800076510309,0.9669380455296448,0.9669380453275842,0.11768789371737869,0.1176878728450187,4.6062709202487895e-11
751,0.002508065,0.0020509059977484867,0.09359727300761733,2.5080649999999998,2.0509059977484867,93.59727300761733,7.599210821550507,7.600001931358083,7.6000019312568625,0.010409336928083381,0.010409335596375443,5.333022912168417e-11
752,0.002519953,0.001997699000639841,0.09317169401037972,2.519953,1.997699000639841,93.17169401037972,12.94917726065421,12.949820065706138,12.949820066517532,0.0049638145446556994,0.004963820810019532,1.1873610428203563e-10
753,0.002504142,0.0021120610035723075,0.09377187800419051,2.504142,2.1120610035723075,93.77187800419051,9.883326113534995,9.885087812570688,9.885087812762315,0.017821784379630223,0.017821786317823617,3.4673611204460997e-11
754,0.0025704129999999997,0.0022506389941554517,0.09450145700247958,2.570413,2.2506389941554517,94.50145700247958,3.9829443925491113,3.9849026753680903,3.9849026751666337,0.049142550734896935,0.04914254568188449,8.137623908055502e-11
755,0.002502825,0.0020434910111362115,0.09810080500028562,2.502825,2.0434910111362115,98.10080500028562,7.885033716260505,7.88569419519564,7.885694195149853,0.008375660008948687,0.008375659428358852,2.1076640432937666e-11
756,0.002553993,0.0021736070048063993,0.09585395900649019,2.553993,2.1736070048063993,95.85395900649019,3.6757646784973304,3.67681370411308,3.676813704152014,0.028530834036440387,0.028530835095049393,9.695660940778339e-12
757,0.002478742,0.002049043992883526,0.09462637999968138,2.478742,2.049043992883526,94.62637999968138,3.322312902208065,3.322924363512705,3.3229243635176715,0.018401300714337546,0.018401300863777593,5.90592019733549e-11
758,0.002517741,0.0020695370039902627,0.09342860399920028,2.517741,2.0695370039902627,93.42860399920028,15.338301960090671,15.339728949808844,15.339728949735733,0.00930257452945712,0.009302574052887463,4.5151007932453524e-11
759,0.002494731,0.0023241589951794595,0.09440939300111495,2.494731,2.3241589951794595,94.40939300111495,4.272665763609403,4.273999386906432,4.273999386891244,0.031203170059277866,0.031203169704034205,5.9953431108539235e-12
760,0.002511146,0.002132593988790177,0.09435936700901948,2.511146,2.132593988790177,94.35936700901948,13.164137649930346,13.165127921943803,13.165127922516369,0.007521932330078756,0.007521936678862377,5.4634186064106416e-11
761,0.002531249,0.0019913660071324557,0.09435194300021976,2.5312490000000003,1.9913660071324557,94.35194300021976,6.828011582857258,6.8288554504898435,6.828855450731204,0.012357380218458048,0.012357383752445333,8.04371014240246e-11
762,0.002508842,0.002337020996492356,0.0955224039935274,2.508842,2.337020996492356,95.5224039935274,8.467099376003105,8.467866080951243,8.467866081255096,0.009054287595105168,0.009054291183086226,5.897055066483858e-11
763,0.002593124,0.0020433280005818233,0.0944845619960688,2.593124,2.0433280005818233,94.4845619960688,1.9955260859508819,1.99641729745111,1.9964172976633314,0.04464054190303968,0.044640552528404175,7.914502386796585e-11
764,0.002500271,0.0020237319986335933,0.09336292099033017,2.500271,2.0237319986335933,93.36292099033017,12.849072583287313,12.85078156495723,12.850781565049939,0.01329865939498838,0.013298660116312092,1.1175393943574363e-11
765,0.002578751,0.0020097009983146563,0.09404504499980249,2.5787509999999996,2.0097009983146563,94.04504499980249,-0.9723032678206849,-0.9716195103007053,-0.9716195097639648,0.0703729713875349,0.07037302666824351,1.1870865401775177e-10
766,0.002503726,0.0020158650004304945,0.09325694700237364,2.503726,2.0158650004304945,93.25694700237364,8.123963029495137,8.125050245255107,8.1250502454057,0.01338103429704778,0.013381036150233571,1.472832966697979e-10
767,0.002502591,0.002165102996514179,0.09393802499107551,2.5025910000000002,2.165102996514179,93.93802499107551,8.391274706884179,8.392034351602334,8.392034351492246,0.009051973411068965,0.009051972099373029,9.752310070609838e-12
768,0.002497639,0.001963733011507429,0.09406760599813424,2.497639,1.9637330115074292,94.06760599813424,8.103254489272281,8.103996098593154,8.103996098737827,0.009151155946401182,0.009151157731450994,1.0389250570952413e-10
769,0.0025068950000000003,0.002127460000338033,0.09351398100261576,2.506895,2.127460000338033,93.51398100261576,5.434252322552982,5.4358900545620905,5.435890054817335,0.03012812975740069,0.030128134451531945,3.0700220143842216e-11
770,0.002484806,0.0021937749988865107,0.09351282799616456,2.484806,2.1937749988865107,93.51282799616456,1.9076915300427864,1.9090614714849252,1.909061472099637,0.07175994396206034,0.07175997613864182,2.109614705148033e-10
771,0.002509583,0.0020349739934317768,0.09467366299941204,2.509583,2.0349739934317768,94.67366299941204,3.675000739030331,3.675636730386529,3.6756367304252997,0.01730288934540824,0.017302890400029757,9.965717140403285e-11
772,0.002488725,0.001981526002055034,0.09307124000042677,2.4887249999999996,1.981526002055034,93.07124000042677,0.7811802758564923,0.7817721855355373,0.7817721853945763,0.07571383198284455,0.07571381396553768,4.142858278655126e-11
773,0.002498455,0.0020686900097643957,0.09375060300226323,2.4984550000000003,2.0686900097643957,93.75060300226323,9.009349198252846,9.010382381111487,9.010382380654736,0.011466581715860255,0.011466576647277276,5.960576476837787e-11
774,0.00249138,0.0020383130031405017,0.09753760500461794,2.49138,2.0383130031405017,97.53760500461794,0.7070545796443639,0.7073556129843581,0.7073556129418854,0.04255756715128553,0.042557561149408125,8.595252287690869e-11
775,0.002508499,0.0021455239912029356,0.09349650000513066,2.508499,2.1455239912029356,93.49650000513066,23.284308719167292,23.291948160502834,23.291948160402583,0.0327986361763253,0.032798635746058194,7.695288850584348e-11
776,0.002524455,0.0021103210019646212,0.09461698000086471,2.524455,2.1103210019646212,94.61698000086471,5.557355764504379,5.558388993797507,5.558388993809054,0.018588646715461284,0.018588646923150473,4.07616163045077e-11
777,0.0025545570000000003,0.002104401995893568,0.09446322900475934,2.5545570000000004,2.104401995893568,94.46322900475934,16.14358665068459,16.14482513098349,16.144825130576905,0.0076710666659688355,0.007671064147789968,1.1495748797329952e-10
778,0.002513095,0.002353447998757474,0.09426027500012424,2.513095,2.353447998757474,94.26027500012424,4.694497192562714,4.696433161959302,4.696433161989958,0.041222121763994216,0.041222122416483625,3.176678364802399e-11
779,0.0024970540000000003,0.0021490719955181703,0.09679454599972814,2.4970540000000003,2.1490719955181703,96.79454599972814,10.058068415940703,10.06080970960701,10.06080970999837,0.027247246945640492,0.02724725083452429,9.130114719813065e-11
780,0.002499065,0.0021371759939938784,0.09643346100347117,2.499065,2.1371759939938784,96.43346100347117,11.61245598354467,11.616950027299602,11.616950027517849,0.03868522929314958,0.03868523117111518,1.1602274696542736e-10
781,0.002498346,0.002125925006112084,0.09348376200068742,2.4983459999999997,2.125925006112084,93.48376200068742,15.535601338027831,15.53871878571896,15.538718786340663,0.020062450026403285,0.020062454026596975,6.873013269625972e-11
782,0.002506365,0.0021439770061988384,0.094610237996676,2.506365,2.1439770061988384,94.610237996676,2.703842474676879,2.7050095726685086,2.7050095727030623,0.04314579894363436,0.04314580022047955,7.452927164308676e-11
783,0.002502939,0.0021602499909931794,0.09692831498978194,2.502939,2.1602499909931794,96.92831498978194,12.707440730649065,12.710604011808574,12.710604011965252,0.02488694602215614,0.024886947254506967,8.289458008903239e-11
784,0.002483468,0.00211536799906753,0.09470754800713621,2.483468,2.11536799906753,94.70754800713621,1.4104518919370967,1.4112002308813523,1.4112002307998033,0.053028544630279284,0.05302853885464634,1.2634395266108989e-11
785,0.002500738,0.0020116079977015033,0.09410416100581642,2.500738,2.0116079977015033,94.10416100581642,4.990758992313854,4.991290303502833,4.991290303610906,0.010644766316361534,0.010644768481373771,3.202837994820129e-11
786,0.002479922,0.002500717993825674,0.09423265099758282,2.4799219999999997,2.500717993825674,94.23265099758282,10.994011026879676,10.995394803999805,10.995394803912319,0.012585060789499333,0.012585059993942957,1.4168832773719942e-11
787,0.002497431,0.0020604010060196742,0.09324872599972878,2.497431,2.0604010060196742,93.24872599972878,11.421397181021565,11.422958699176114,11.422958698859048,0.01366999737696518,0.013669994601658447,1.0415712736744354e-10
788,0.002524891,0.0020375439926283434,0.09360419899167027,2.524891,2.0375439926283434,93.60419899167027,11.871362187956187,11.871950534116241,11.871950534144016,0.004955766606028774,0.004955766839972969,1.8104739929469815e-11
789,0.002510811,0.0021155700087547302,0.09352985399891622,2.510811,2.1155700087547302,93.52985399891622,-1.4311992048183662,-1.4307517963917995,-1.4307517965043317,0.03127086247209116,0.03127085460438162,6.769079741175688e-11
790,0.0024889120000000002,0.002061917999526486,0.09505366798839532,2.4889120000000005,2.061917999526486,95.05366798839532,2.4360673200921212,2.4377762688617572,2.4377762689090154,0.0701027732308654,0.07010277516808452,6.1378013782587e-11
791,0.002496781,0.0022650820028502494,0.0934739090007497,2.496781,2.2650820028502494,93.4739090007497,6.5763834747398136,6.57756248534708,6.577562485455239,0.017924734426972892,0.017924736071038276,4.028884170725888e-11
792,0.002486461,0.0021728589927079156,0.09399560499878135,2.4864610000000003,2.1728589927079156,93.99560499878135,15.808880399989029,15.81068584805788,15.810685847934192,0.011419163508787937,0.011419162726572642,3.2128300020417555e-11
793,0.00255427,0.0020499809907050803,0.0931125460047042,2.55427,2.0499809907050803,93.1125460047042,2.4642014346159478,2.465038188175164,2.4650381879421985,0.03394485177675307,0.03394484232916852,1.067573529578425e-10
794,0.0025017900000000003,0.002089946996420622,0.09301717199559789,2.50179,2.089946996420622,93.01717199559789,8.778323009011284,8.77881327410089,8.77881327393272,0.005584639680772566,0.00558463776523048,7.606393293002611e-11
795,0.0024809510000000003,0.0021932310046395287,0.0933331980049843,2.480951,2.1932310046395287,93.3331980049843,0.3743640808654405,0.37746314174422935,0.3774631418241441,0.8210234420421368,0.8210234630398487,2.5774049561277934e-11
796,0.0025144319999999996,0.002108144006342627,0.09303301200270653,2.514432,2.108144006342627,93.03301200270653,9.587985084555232,9.58910142833279,9.589101427799648,0.011641797575096651,0.011641792015874364,4.5256021152795256e-11
797,0.002506496,0.0020944019925082102,0.09347769900341518,2.506496,2.0944019925082102,93.47769900341518,2.659295730067104,2.6607085267443047,2.660708526302141,0.05309851353502335,0.0530984969255807,8.630093861761168e-11
798,0.0025401549999999997,0.001965657007531263,0.09395515300275292,2.5401549999999995,1.965657007531263,93.95515300275292,7.986869521289435,7.987728334802519,7.9877283346966585,0.010751661512344385,0.010751660187201324,1.0220635449087467e-10
799,0.002496036,0.0019269129988970235,0.09374311599822249,2.496036,1.9269129988970235,93.74311599822249,1.093944844937539,1.095704109972985,1.0957041105953742,0.16056022966722774,0.16056028637870082,1.1137968325414249e-10
800,0.002504658,0.0019904729997506365,0.09306784700311255,2.504658,1.9904729997506365,93.06784700311255,7.247733698998029,7.249102149128767,7.249102149270335,0.018877512036464456,0.018877513989007087,5.5181603034258446e-11
801,0.002500583,0.001982371002668515,0.09351103499648161,2.500583,1.9823710026685148,93.51103499648161,7.141137267786995,7.141893561311626,7.141893561405627,0.010589537888497334,0.010589539204553031,6.168071609025105e-11
802,0.002504696,0.0021012260112911463,0.09384780601249076,2.504696,2.1012260112911463,93.84780601249076,-1.0603394720064294,-1.059609627848232,-1.059609627616613,0.06887858877607889,0.06887861065005003,5.4414805994440485e-11
803,0.002618216,0.0019247580057708547,0.09300103801069781,2.618216,1.9247580057708547,93.00103801069781,7.781254207232092,7.781591791720981,7.781591791464795,0.004338244641006277,0.004338241348941154,8.432254894330526e-11
804,0.002510853,0.002016921993345022,0.09370088500145357,2.510853,2.016921993345022,93.70088500145357,-4.493575599448565,-4.492820844984102,-4.4928208449738705,0.016799122210841646,0.016799122438616906,8.77004024957273e-12
805,0.002497658,0.001953560989932157,0.09331356600159779,2.497658,1.953560989932157,93.31356600159779,13.703962443026168,13.705077100856226,13.70507710069369,0.008133174456848732,0.008133173270985783,2.7770119537251503e-11
806,0.002482619,0.0021052509982837364,0.09371972900407854,2.482619,2.1052509982837364,93.71972900407854,2.736322068882469,2.7390478230680237,2.7390478230467643,0.09951466208799631,0.09951466131260707,2.3202356702611837e-11
807,0.002507629,0.0019406240026000887,0.09293050300038885,2.507629,1.9406240026000887,92.93050300038885,5.031946942911841,5.032419778814862,5.032419778943041,0.009395796133943955,0.009395798680756802,4.331490721654063e-11
808,0.002510171,0.0018892489897552878,0.09294969998882152,2.5101709999999997,1.8892489897552878,92.94969998882152,1.9749010168819012,1.9769081834546185,1.9769081842121246,0.10153059153257045,0.10153062981138196,1.1580270076194665e-10
809,0.0025007659999999998,0.002011164993746206,0.09384102899639402,2.5007659999999996,2.011164993746206,93.84102899639402,1.9719426375893505,1.9730428945600025,1.9730428946730285,0.05576447292076393,0.05576447864608317,4.378447604480584e-11
810,0.002484686,0.002215618995251134,0.09302783200109843,2.484686,2.215618995251134,93.02783200109843,1.5390591879597082,1.5430820251052815,1.5430820250024198,0.26070144555658387,0.26070143890797054,1.0947534545557858e-11
811,0.00250478,0.0019366729975445196,0.0943636290030554,2.50478,1.9366729975445196,94.3636290030554,2.4481058702117835,2.4489181392665174,2.448918138623675,0.03316848536950875,0.03316845912816598,1.5020587551539677e-10
812,0.002503238,0.0019735440000658855,0.09393148899835069,2.503238,1.9735440000658855,93.93148899835069,13.296976131049789,13.297826978263796,13.297826977905132,0.0063983928757529816,0.006398390178761502,6.129929897014108e-11
813,0.002496378,0.0019008739909622818,0.09294610300275963,2.496378,1.9008739909622818,92.94610300275963,0.12848991417667222,0.12899486908001734,0.12899486900883872,0.391453479465057,0.3914534245016403,6.753897441313939e-11
814,0.002499564,0.0019213920022593811,0.09404755300784018,2.4995640000000003,1.9213920022593811,94.04755300784018,5.558341090617212,5.5603289553781,5.560328955492636,0.035750848139401846,0.035750850198542405,4.298916778111561e-11
815,0.0025057929999999996,0.0021258710039546713,0.09389941599511076,2.5057929999999997,2.1258710039546713,93.89941599511076,3.3024280133154242,3.3034096097531993,3.3034096097234844,0.029714644980051483,0.029714644080796746,5.789035917302954e-12
816,0.002492885,0.0019256520026829094,0.09371188998920843,2.492885,1.9256520026829094,93.71188998920843,11.6985611210239,11.699748348850509,11.699748348268862,0.010147464639490344,0.010147459668548313,8.113903993134386e-11
817,0.002497407,0.0019218300003558397,0.0928944519982906,2.497407,1.9218300003558397,92.8944519982906,5.639374986977366,5.640149684228859,5.640149682639063,0.013735402336216986,0.013735374152951235,4.1698511310528374e-10
818,0.002480367,0.0020159859996056184,0.09334899700479582,2.4803669999999998,2.0159859996056184,93.34899700479582,9.040900810925908,9.041892563310629,9.041892563447036,0.010968415934789526,0.010968417443229038,3.529410097513619e-11
819,0.002496205,0.002084848005324602,0.09431841399054974,2.4962050000000002,2.084848005324602,94.31841399054974,6.446546395008653,6.447462798591108,6.447462798651987,0.014213398527168814,0.014213399471271176,5.971906302804086e-11
820,0.002543222,0.0019907170062651858,0.09396621999621857,2.543222,1.9907170062651858,93.96621999621857,1.4011675302407873,1.4018348055940137,1.4018348057795436,0.04760014165461271,0.04760015488309731,3.871714060466047e-11
821,0.002486153,0.0021588390081888065,0.09345350800140295,2.4861530000000003,2.1588390081888065,93.45350800140295,1.934961364444007,1.9367728425016928,1.9367728425353583,0.09353074443908647,0.09353074617568803,2.3114288261183447e-11
822,0.002495769,0.002015122998273,0.09362442199198995,2.495769,2.015122998273,93.62442199198995,16.446859979029178,16.452332173801462,16.452332172942032,0.033260906201483934,0.03326090097946435,1.2470002808129266e-10
823,0.002513266,0.0020235039992257953,0.093090223002946,2.5132660000000002,2.0235039992257953,93.090223002946,6.576650347977129,6.578638250225325,6.578638250488204,0.030217533972593896,0.030217537967342507,3.592309782973757e-11
824,0.002500206,0.0019686629966599867,0.09355269699881319,2.500206,1.9686629966599867,93.55269699881319,12.790467519331656,12.792105379338885,12.792105379455247,0.012803678195725591,0.012803679105248525,3.2563896024129235e-11
825,0.002481034,0.0020008980063721538,0.09345788499922492,2.481034,2.0008980063721538,93.45788499922492,4.302463889890394,4.303381539820887,4.303381539679531,0.021323926823625505,0.02132392353957486,5.953382231638216e-11
826,0.002508632,0.0019735819951165468,0.09366010398662183,2.508632,1.9735819951165468,93.66010398662183,12.98680367344295,12.98774223235526,12.987742232747564,0.007226497843264247,0.00722650086362374,3.376177115654855e-11
827,0.002488494,0.0020246609929017723,0.09380581499135587,2.4884939999999998,2.0246609929017723,93.80581499135587,11.18599267394934,11.18687071109845,11.186870711229595,0.00784881824225888,0.007848819414477482,3.3537950194784116e-11
828,0.0024794179999999997,0.0020021429954795167,0.09441277700534556,2.479418,2.0021429954795167,94.41277700534556,6.031286436181482,6.032198839072112,6.032198839007997,0.015125544017561053,0.015125542954828744,3.679734295047865e-11
829,0.0024962630000000003,0.0020644559990614653,0.09311262499250006,2.4962630000000003,2.0644559990614653,93.11262499250006,2.0967488177844658,2.0971698283102462,2.097169828443569,0.020075175605577696,0.0200751819615685,2.0979440407131733e-11
830,0.002504356,0.0019759040005737916,0.09354039099707734,2.504356,1.9759040005737916,93.54039099707734,5.805067886109292,5.806043442504066,5.806043442108898,0.01680243016496373,0.016802423359951878,7.653888633996075e-11
831,0.002517852,0.0019863819907186553,0.09349405000102706,2.517852,1.9863819907186553,93.49405000102706,7.7725559378862386,7.774855646009634,7.7748556463674205,0.029578788701699013,0.029578793302181345,5.7385318719127554e-11
832,0.002490038,0.0020689580123871565,0.09350077300041448,2.490038,2.0689580123871565,93.50077300041448,0.3429463290115322,0.3433681995361688,0.34336819969527355,0.12286243315673294,0.12286247943628055,5.923542906183243e-11
833,0.002489971,0.0019410319946473464,0.09348393300024327,2.489971,1.9410319946473464,93.48393300024327,13.483476829369636,13.487490671981973,13.487490672120181,0.0297597433796623,0.02975974440406736,3.098288292591178e-11
834,0.0024806719999999997,0.0020625360048143193,0.09312231300282292,2.4806719999999998,2.0625360048143193,93.12231300282292,2.056113307651014,2.0578596046430633,2.057859604550316,0.08485987032882737,0.0848598658256806,9.285883173504317e-11
835,0.0024991049999999997,0.0020371590071590617,0.09304845200676937,2.4991049999999997,2.0371590071590617,93.04845200676937,-1.8622566045812619,-1.8607979081791193,-1.860797908165683,0.07839090939058414,0.07839091011322553,6.048661571611547e-11
836,0.002529253,0.0019790700025623664,0.09290596398932394,2.5292529999999998,1.9790700025623664,92.90596398932394,16.82409020757499,16.82477790872272,16.824777908740575,0.004087430761108464,0.004087430867232951,5.6288307348495437e-11
837,0.002487879,0.001877173999673687,0.09315874300955329,2.487879,1.877173999673687,93.15874300955329,2.894184693356742,2.8948958831101876,2.8948958832021674,0.024567023553250234,0.024567026729777616,3.9123815298580666e-11
838,0.002492282,0.001946511009009555,0.09281715500401333,2.4922820000000003,1.946511009009555,92.81715500401333,11.711607571495694,11.71301798963895,11.713017990011455,0.012041458012808185,0.012041461192695103,1.0202971800765681e-10
839,0.002490715,0.002027955008088611,0.09267899100086652,2.4907150000000002,2.027955008088611,92.67899100086652,9.378242878244663,9.379746798843541,9.379746798707394,0.016033701454115132,0.016033700002847127,4.3096637369899327e-11
840,0.002504659,0.0020085410069441423,0.09331406600540504,2.5046589999999997,2.0085410069441423,93.31406600540504,13.324723124810177,13.328190725417862,13.328190725626968,0.026017039215023036,0.026017040783512135,5.273755390722279e-11
841,0.002539972,0.0020054560009157285,0.09291753100114875,2.539972,2.0054560009157285,92.91753100114875,5.30641989235469,5.30785646631287,5.307856462641709,0.027065049088986666,0.027064979943040895,6.223630204943431e-10
842,0.002507019,0.001976704996195622,0.09373340799356811,2.507019,1.9767049961956218,93.73340799356811,5.643528212704439,5.644717709760311,5.644717709819574,0.02107274653992632,0.021072747589586046,1.047848474655666e-10
843,0.002507428,0.0019726800092030317,0.09317380300490186,2.507428,1.9726800092030317,93.17380300490186,7.875903433070405,7.8786889896721135,7.878688989609877,0.03535558524215868,0.03535558445250402,3.827216321639071e-11
844,0.002495852,0.0020273469999665394,0.09361603199795354,2.4958519999999997,2.0273469999665394,93.61603199795354,10.767617491132981,10.768961479408613,10.768961479542824,0.012480203204386604,0.012480204450505974,2.0972334979774132e-11
845,0.002498726,0.002082271996187046,0.09329987798992079,2.498726,2.082271996187046,93.29987798992079,5.739334599528572,5.74159647750594,5.741596477542565,0.03939458278249662,0.039394583420132814,2.597161374850998e-11
846,0.002504065,0.001960993991815485,0.09292950700910296,2.504065,1.960993991815485,92.92950700910296,7.901912277147225,7.902847405695979,7.902847405038024,0.011832805326343513,0.011832797001779218,1.9998880329552549e-10
847,0.0025029650000000002,0.0019803829927695915,0.0934908950002864,2.502965,1.9803829927695915,93.4908950002864,4.758163768115601,4.758909589346327,4.758909589438318,0.015672103382589186,0.0156721053153008,1.1197043292554554e-11
848,0.002504468,0.0019657689990708604,0.09316066501196474,2.504468,1.9657689990708604,93.16066501196474,7.041367349537971,7.0424991682812035,7.042499168165904,0.01607126555768622,0.01607126392074972,8.039899301870435e-11
849,0.002479463,0.0019530850113369524,0.0935460780019639,2.479463,1.9530850113369524,93.5460780019639,2.5808431464846144,2.5815643991681227,2.5815643992484283,0.0279385896296341,0.027938592739496625,5.7376992046442865e-11
850,0.0024951829999999998,0.0020551750058075413,0.09304126400093082,2.495183,2.0551750058075413,93.04126400093082,0.994061532788173,0.99517258554528,0.9951725850431394,0.1116442286739858,0.11164417827268378,6.397093965659906e-11
851,0.002505725,0.002057895006146282,0.0932586929993704,2.505725,2.057895006146282,93.2586929993704,1.1825010861126337,1.1831916038252288,1.183191603754583,0.05836059944667196,0.058360593479381294,2.795187692417045e-11
852,0.002470164,0.002001202999963425,0.09396590599499177,2.470164,2.001202999963425,93.96590599499177,5.703065677653207,5.705771895134639,5.705771895029915,0.04742947196573815,0.04742947013121561,6.165368215960143e-11
853,0.002503706,0.002062041006865911,0.09317411699157674,2.503706,2.062041006865911,93.17411699157674,3.7186256868813317,3.7193836488479057,3.719383648699999,0.020378698142872517,0.020378694167040808,2.6967761357354902e-11
854,0.002484838,0.0019897559977835044,0.09383757000614423,2.484838,1.9897559977835044,93.83757000614423,4.098653077255168,4.099599947119284,4.09959994696964,0.023096640558332743,0.023096636908969584,4.5106363089075785e-11
855,0.002457674,0.002011402990319766,0.09395942799164914,2.457674,2.011402990319766,93.95942799164914,7.300788622443754,7.301949079931045,7.301949080086729,0.015892434671732462,0.015892436803474585,9.249601085059567e-11
856,0.0024670350000000002,0.0020747220114571974,0.09371214899874758,2.467035,2.0747220114571974,93.71214899874758,7.073738619329141,7.075233066513782,7.075233066619685,0.02112223259066294,0.02112223408715743,2.7337354602252617e-11
857,0.002422143,0.0019939620106015354,0.09384765999857336,2.4221429999999997,1.9939620106015354,93.84765999857336,7.40217579924958,7.4045314534577145,7.404531452817231,0.03181368359282764,0.03181367494569764,8.618927793691e-11
858,0.002504986,0.00203934199817013,0.09358369700203184,2.5049859999999997,2.03934199817013,93.58369700203184,10.024886557545802,10.02585774337939,10.025857743597836,0.009686810430056984,0.00968681260866904,1.0466535971254132e-10
859,0.002425259,0.0019403559999773279,0.09322501100541558,2.425259,1.9403559999773279,93.22501100541558,14.590341043336611,14.591232953041171,14.591232953019144,0.006112641114224574,0.006112640963274489,3.120848024451561e-11
860,0.002501991,0.001924035997944884,0.09393307300342713,2.501991,1.924035997944884,93.93307300342713,7.716764810654151,7.717594204995944,7.717594205400069,0.01074679906408681,0.010746804299932237,6.629341520181242e-11
861,0.002503966,0.0020303990022512153,0.09305473200220149,2.5039659999999997,2.0303990022512153,93.05473200220149,13.021038401320986,13.022362031619302,13.022362030946535,0.010164287362784654,0.010164282197067807,8.017042585350964e-11
862,0.0024433759999999997,0.0019817839929601178,0.09328146200277843,2.4433759999999998,1.9817839929601178,93.28146200277843,13.708634678567343,13.7094778305363,13.709477831407078,0.006150139191151295,0.006150145542404675,1.7413415154265977e-10
863,0.0024664459999999997,0.0019467590027488768,0.09294183400925249,2.466446,1.9467590027488768,92.94183400925249,9.905034944443862,9.905998070531773,9.905998070890902,0.009722655718816222,0.009722659343839117,6.973140120880572e-11
864,0.00248067,0.0019152849999954924,0.09395288499945309,2.48067,1.9152849999954924,93.95288499945309,-2.2643960719980143,-2.2638388796914626,-2.2638388796286577,0.02461271919791624,0.024612721972863304,7.733769180617855e-11
865,0.0025099,0.0019478530011838302,0.09368192400143016,2.5099,1.9478530011838302,93.68192400143016,15.356184741656342,15.356950922831032,15.356950922612278,0.004989149073537035,0.004989147649140492,5.3461568505497326e-11
866,0.00249991,0.001994954000110738,0.09317836799891666,2.4999100000000003,1.994954000110738,93.17836799891666,-2.8016752250193804,-2.800661543168431,-2.800661543448868,0.036194371769843234,0.0361943617529774,6.247591333163882e-11
867,0.0024350350000000003,0.002029769995715469,0.09338910899532493,2.4350350000000005,2.029769995715469,93.38910899532493,8.596118104646958,8.596556364162911,8.596556364043163,0.005098082271404281,0.00509808087850162,5.06165109825929e-11
868,0.002496174,0.0019617359939729795,0.093960091995541,2.496174,1.9617359939729795,93.960091995541,-3.9787016136061197,-3.9777315659409567,-3.9777315658417898,0.024386956462045584,0.024386958955705078,8.788921257441018e-10
869,0.002411786,0.0019934400042984635,0.09305399400182068,2.4117859999999998,1.9934400042984635,93.05399400182068,1.2642015318727537,1.265957263584781,1.2659572635308507,0.1386880712746557,0.13868806702053116,1.8346851815564946e-11
870,0.002462878,0.001949956000316888,0.09346455000923015,2.462878,1.949956000316888,93.46455000923015,5.605025889800828,5.605943775818602,5.605943775819725,0.016373443161050272,0.016373443181073196,2.8430424681147315e-11
871,0.002514655,0.0019469169928925112,0.09289389499463141,2.5146550000000003,1.9469169928925112,92.89389499463141,8.825810308291278,8.826709866212717,8.826709866128226,0.010191316301021998,0.010191315343904031,5.022010585165049e-11
872,0.0024324249999999998,0.0019345770124346018,0.09341337799560279,2.432425,1.9345770124346018,93.41337799560279,15.974450685914118,15.975307271157966,15.975307271101016,0.005361932821130613,0.00536193246466206,3.907552059700947e-11
873,0.00251327,0.0019473400025162846,0.0930341470084386,2.5132700000000003,1.9473400025162846,93.0341470084386,4.168178529754336,4.168748917869209,4.16874891783921,0.013682477071918624,0.013682476352397966,6.707301380970421e-11
874,0.002417212,0.0020223650062689558,0.09311055099533405,2.417212,2.0223650062689558,93.11055099533405,1.0427219948591073,1.0441226232472758,1.0441226232143208,0.13414405137707192,0.13414404822507003,4.060488056900624e-11
875,0.002440288,0.0020352200081106275,0.09275323500332888,2.4402880000000002,2.0352200081106275,92.75323500332888,14.080539454190053,14.082032044125711,14.082032044097733,0.010599251095164233,0.010599250896509276,4.3316782452618163e-11
876,0.002429634,0.0020274809940019622,0.0935046069935197,2.429634,2.0274809940019622,93.5046069935197,7.635726043808681,7.636775922973435,7.636775923074456,0.01374767539787578,0.013747676720521964,2.5881602416788496e-11
877,0.00248672,0.002119348995620385,0.6059172249952098,2.48672,2.119348995620385,605.9172249952098,2.9424454358723438,2.9433184049591254,2.9433184047416745,0.029659349301483996,0.029659341915723378,5.164080274511207e-11
878,0.00249463,0.0020453899924177676,0.09607502199651208,2.49463,2.0453899924177676,96.07502199651208,4.8959701927328325,4.897426336132437,4.897426335834396,0.029732829034326037,0.029732822950475725,5.819988935229503e-11
879,0.0024876480000000003,0.00194902801013086,0.09574674400209915,2.487648,1.94902801013086,95.74674400209915,3.1707694661397774,3.171625202157202,3.1716252019510023,0.026980994376080647,0.026980987876451777,4.648847973243164e-11
880,0.002430998,0.001937228997121565,0.0952230669936398,2.430998,1.937228997121565,95.2230669936398,0.07050528001446565,0.07137684157521562,0.07137684170365333,1.221070506225092,1.2210706839709642,4.129407926711792e-11
881,0.002506203,0.002034922013990581,0.0955910769989714,2.5062029999999997,2.034922013990581,95.5910769989714,10.151962962271504,10.152669570359649,10.152669570250445,0.006959825524188189,0.006959824448651238,4.062075675825838e-11
882,0.002410408,0.0020781670027645305,0.09639226499712095,2.4104080000000003,2.0781670027645305,96.39226499712095,6.503448410524321,6.5042118804502635,6.50421188024356,0.011738085105090706,0.011738081927461686,3.46911943616135e-11
883,0.0025000710000000004,0.0019692280038725585,0.09580548599478789,2.5000710000000006,1.9692280038725585,95.80548599478789,11.699428083354277,11.701793207035408,11.701793206189436,0.02021163456989163,0.020211627341929373,1.9062806888570094e-10
884,0.0025196619999999998,0.0020765820081578568,0.0968191290012328,2.519662,2.0765820081578568,96.8191290012328,4.925354326309737,4.926234359846639,4.926234359872897,0.017864223920704594,0.017864224453635308,8.843037413441834e-12
885,0.002412215,0.001918092995765619,0.09498748599435203,2.412215,1.918092995765619,94.98748599435203,7.027379065861329,7.027770901098641,7.027770901713858,0.005575526618994104,0.00557553537258083,6.582440703617465e-10
886,0.002519388,0.00193726499855984,0.09389726699737366,2.519388,1.93726499855984,93.89726699737366,13.680557578593014,13.681512830158901,13.681512830014768,0.006982060958798218,0.006982059905380133,8.678607832379726e-11
887,0.0025272819999999996,0.0020140210108365864,0.09459676100232173,2.5272819999999996,2.0140210108365864,94.59676100232173,6.914822872796357,6.9167872617592,6.916787262080781,0.028400309110327124,0.028400313758289275,5.738987063352852e-11
888,0.002497621,0.0019861049950122833,0.0954998289962532,2.497621,1.9861049950122833,95.4998289962532,14.55105931696355,14.553912452221603,14.553912452412057,0.019603905598718368,0.01960390690707129,4.6225134830990555e-11
889,0.00244338,0.001986205010325648,0.09567226099898107,2.4433800000000003,1.986205010325648,95.67226099898107,10.01879102882262,10.020361856059594,10.020361855960484,0.015676352406625602,0.015676351417694082,3.3632818752238336e-11
890,0.00244837,0.001964275012142025,0.09561384900007397,2.44837,1.964275012142025,95.61384900007397,5.683805942593249,5.684934074409398,5.684934074512729,0.01984423744203017,0.019844239259292618,6.51074194557566e-11
891,0.002496074,0.002004302994464524,0.09646606699971016,2.496074,2.004302994464524,96.46606699971016,4.348173985259976,4.3490308552904295,4.349030855468296,0.019702551188187124,0.019702555277180095,1.3148679367525062e-10
892,0.002525574,0.0019814029947156087,0.10013961100776214,2.525574,1.9814029947156087,100.13961100776214,1.7018804203018512,1.7037817541074318,1.7037817540305298,0.11159491531101196,0.1115949108024403,1.600224813769202e-11
893,0.002414838,0.0019902770000044256,0.09606797699234448,2.414838,1.9902770000044256,96.06797699234448,7.135938180188415,7.137372048728288,7.1373720477623905,0.020089586616531426,0.020089573086291827,1.8486545627638407e-10
894,0.002503475,0.0019447719969321042,0.09595040799467824,2.503475,1.9447719969321042,95.95040799467824,5.25103809709999,5.251915034416292,5.251915034607514,0.016697477216520453,0.01669748085689412,4.4558828848906273e-11
895,0.0024889210000000003,0.001966829993762076,0.09401258900470566,2.4889210000000004,1.966829993762076,94.01258900470566,6.870830452452644,6.872560891597697,6.87256089169658,0.025178956903366398,0.025178958341808107,1.3319956249091547e-11
896,0.0024978649999999997,0.0020622640004148707,0.09404178299882915,2.4978649999999996,2.0622640004148707,94.04178299882915,17.679959686460307,17.68121668925071,17.681216689362646,0.007109255050120503,0.007109255683150425,4.514588702875244e-11
897,0.00251214,0.001922429000842385,0.09395867500279564,2.51214,1.922429000842385,93.95867500279564,12.144866033599193,12.145546448825439,12.145546447969288,0.005602178783081449,0.005602171734384658,1.1919841502727735e-10
898,0.002503975,0.0019994859903817996,0.09355475999473128,2.503975,1.9994859903817996,93.55475999473128,15.043581599275093,15.046315558098794,15.04631555802866,0.01817028769032402,0.01817028722428716,1.9771517756339563e-11
899,0.002484943,0.0020058049994986504,0.09460592799587175,2.484943,2.0058049994986504,94.60592799587175,-0.35674239671377705,-0.355530457206477,-0.35553045716318366,0.3408820489874901,0.3408820612061193,1.384925507608159e-11
900,0.0024975149999999996,0.002048105001449585,0.0957579769892618,2.4975149999999995,2.048105001449585,95.7579769892618,-2.886929491994646,-2.8861714153598648,-2.886171416238504,0.026265821591436027,0.02626579114036301,1.1794298870881903e-10
901,0.002490119,0.0020101480040466413,0.09400197101058438,2.490119,2.0101480040466413,94.00197101058438,6.533021112482356,6.534067793681189,6.534067793412984,0.016018829799182663,0.01601882569512285,2.5102919742892027e-11
902,0.002440566,0.0025630609889049083,0.09671445300045889,2.440566,2.5630609889049083,96.71445300045889,3.155212237296851,3.1567898820402043,3.156789883148118,0.0499762354260168,0.04997627050469191,1.1287967782713793e-10
903,0.00248391,0.0021806869917782024,0.0930912579933647,2.4839100000000003,2.1806869917782024,93.0912579933647,5.0142512113403725,5.014920398025193,5.014920398048055,0.013343914393621493,0.013343914849434545,4.87656581782403e-11
904,0.0025021189999999997,0.002168316990719177,0.0924325090018101,2.5021189999999995,2.168316990719177,92.4325090018101,13.641762858815312,13.643426727485789,13.643426727567942,0.01219538686072637,0.012195387462796024,4.784926621592689e-11
905,0.002503758,0.0020670990052167326,0.09332985800574534,2.503758,2.0670990052167326,93.32985800574534,6.310695247510804,6.311769091492046,6.311769090975737,0.017013359736014345,0.017013351557310017,9.33419452842088e-11
906,0.002418861,0.001989652999327518,0.09313852300692815,2.418861,1.989652999327518,93.13852300692815,-0.2549452402748926,-0.25426282869535655,-0.2542628290511679,0.2683882591244617,0.2683881188104655,1.7702636578853514e-10
907,0.0025135970000000002,0.002023327993811108,0.0937667880061781,2.5135970000000003,2.023327993811108,93.7667880061781,13.237447082259607,13.23813248943134,13.238132489913895,0.0051775216200675,0.005177525265063929,5.272526859556592e-11
908,0.00251117,0.002061293998849578,0.09476079899468459,2.51117,2.061293998849578,94.76079899468459,9.546087775723223,9.546639468817794,9.546639468696402,0.005778924577320634,0.005778923305819193,1.658412296379197e-11
909,0.0024376450000000004,0.0021135379938641563,0.09474283600866329,2.4376450000000003,2.1135379938641563,94.74283600866329,8.680533218815881,8.681801371863003,8.68180137129583,0.014607026731010272,0.014607020199069448,1.1393201659881669e-10
910,0.002421726,0.002008110997849144,0.09522678299981635,2.421726,2.008110997849144,95.22678299981635,2.3436698473400384,2.3443609547734887,2.3443609548742046,0.02947956593642935,0.029479570231253888,3.52296525285567e-11
911,0.002427303,0.0022503760119434446,0.09450238400313538,2.427303,2.2503760119434446,94.50238400313538,5.428452423876891,5.429479209488758,5.429479209280487,0.018911309395424052,0.018911305560224776,3.17620096890181e-11
912,0.002491933,0.0019354510004632175,0.0936432180023985,2.491933,1.9354510004632175,93.6432180023985,14.735618168715472,14.73611948823191,14.73611948847806,0.0034019778194551618,0.003401979489782234,7.183093009288655e-11
913,0.002488581,0.0019451730040600523,0.09365875599905849,2.488581,1.9451730040600523,93.65875599905849,10.409394156771558,10.410409047916538,10.410409047791443,0.009748811408930852,0.009748810207417967,3.172689888586433e-11
914,0.002502051,0.002029476992902346,0.10051375099283177,2.502051,2.029476992902346,100.51375099283177,5.371345658810419,5.3720783788060515,5.3720783790850035,0.013639413723427992,0.01363941891534638,4.084865778963831e-11
915,0.002526666,0.0019311680080136284,0.09645253400958609,2.526666,1.9311680080136284,96.45253400958609,3.0581693826342473,3.059125709823345,3.059125709353612,0.03126145440923299,0.031261439058904286,1.0886025414436062e-10
916,0.002492226,0.0019780310103669763,0.09686136798700318,2.492226,1.9780310103669763,96.86136798700318,10.904219750921712,10.906506183377573,10.906506183959348,0.020963931229836426,0.02096393656291611,8.683127827868731e-11
917,0.002509903,0.0020286570070311427,0.09784765999938827,2.509903,2.0286570070311427,97.84765999938827,5.472712606912186,5.473815827326828,5.473815827371666,0.02015450372177557,0.02015450454076115,2.6654567442108146e-11
918,0.002514723,0.00199727900326252,0.0931915149994893,2.514723,1.9972790032625198,93.1915149994893,7.771090712982591,7.77184920624218,7.771849206204841,0.009759495320364462,0.009759494839972014,2.6360025273675092e-11
919,0.002430796,0.001913787011289969,0.09286621100909542,2.430796,1.913787011289969,92.86621100909542,11.157810035819175,11.159012358327018,11.15901235840984,0.010774452695596298,0.010774453437704426,3.8536285273949034e-11
920,0.0025019720000000003,0.0019048579997615889,0.09327066800324246,2.5019720000000003,1.9048579997615889,93.27066800324246,9.534154885635512,9.535491580664008,9.535491580828229,0.014018102970233504,0.014018104692196292,7.595668538584732e-11
921,0.002476814,0.0019873710116371512,0.09343470800376963,2.476814,1.9873710116371512,93.43470800376963,6.674395183759721,6.676285443406293,6.6762854433722545,0.028313044170977877,0.028313043661279593,3.1617264362182596e-11
922,0.002512915,0.0018997680017491803,0.09358949899615254,2.512915,1.8997680017491803,93.58949899615254,11.890452959285795,11.891378080587835,11.891378079909728,0.007779765270009921,0.007779759567948308,1.3412720933914102e-10
923,0.002428542,0.0020306160004111007,0.09375229199940804,2.428542,2.0306160004111007,93.75229199940804,14.308135413038883,14.309786715912011,14.309786715619424,0.011539674950514864,0.011539672906085202,5.299216621068581e-11
924,0.002429509,0.0021186089870752767,0.0933917540096445,2.429509,2.1186089870752767,93.3917540096445,5.148678070984818,5.149399304735287,5.149399304879214,0.014006172522007646,0.014006175316651628,2.7178925776638607e-11
925,0.002503425,0.0020765029912581667,0.0937446970056044,2.503425,2.0765029912581667,93.7446970056044,-4.36262341360225,-4.361008478890604,-4.36100847887564,0.037031221550332255,0.03703122189359165,8.693268327419901e-11
926,0.00243127,0.001954679988557473,0.09366984199732542,2.43127,1.9546799885574728,93.66984199732542,8.802796424832014,8.804327320336153,8.804327321081878,0.01738798943336702,0.017387997901879892,1.776567226663417e-10
927,0.002422444,0.0020033979963045567,0.09389186999760568,2.422444,2.0033979963045567,93.89186999760568,12.338416260619084,12.338813181311487,12.338813181327772,0.0032168466008042273,0.0032168467327870634,4.279260279460573e-11
928,0.002501087,0.0020526670123217627,0.09373966600105632,2.501087,2.0526670123217627,93.73966600105632,5.288910150598021,5.289933822719249,5.289933822865962,0.019351321879142007,0.01935132465204008,1.1220413140278218e-10
929,0.002516746,0.001970393001101911,0.09261193100246601,2.516746,1.970393001101911,92.61193100246601,0.20109420519936805,0.20184239052161246,0.20184239049813257,0.3706779930176746,0.37067798142801306,2.1129542560061054e-11
930,0.002496753,0.0021126549982000142,0.09291309099353384,2.496753,2.1126549982000142,92.91309099353384,5.100725362044752,5.104132829766986,5.10413282990989,0.06675899385614355,0.0667589966540518,5.24609800045539e-11
931,0.002453661,0.0021234720043139532,0.09324109899171162,2.4536610000000003,2.123472004313953,93.24109899171162,-1.5843017717786019,-1.5834035052457374,-1.5834035050966868,0.05673010890076968,0.0567301183194116,4.50518650163545e-11
932,0.002477521,0.0020349199912743643,0.09340222399623599,2.477521,2.0349199912743643,93.40222399623599,10.187757538625938,10.189119826224438,10.189119825828428,0.013370022354568608,0.013370018468488202,6.711425859506903e-11
933,0.002495442,0.0020356560125947,0.09294930199394003,2.495442,2.0356560125947,92.94930199394003,3.687737731570863,3.6885048409402685,3.6885048411079318,0.02079729870193598,0.02079730324655106,3.745886933970155e-11
934,0.002447132,0.0019893029966624454,0.09309373699943535,2.447132,1.9893029966624454,93.09373699943535,5.011558641964584,5.012426333059111,5.012426333022091,0.017310799937429375,0.017310799199007187,1.113749092951366e-10
935,0.002478787,0.002051653995295055,0.09511817499878816,2.478787,2.051653995295055,95.11817499878816,7.343398962684258,7.3448974833662675,7.34489748343276,0.02040220010426194,0.020402201009366794,1.1562584223412387e-10
936,0.002405434,0.0020247740030754358,0.09380496198718902,2.405434,2.0247740030754358,93.80496198718902,-2.5418518598571644,-2.5406342401598216,-2.540634240182996,0.047925816242884375,0.047925815330298945,2.2322921289230635e-11
937,0.00251014,0.0020092510094400495,0.09283057399443351,2.5101400000000003,2.0092510094400495,92.83057399443351,8.426830829742954,8.427707730279558,8.427707730075042,0.01040497089680516,0.010404968470353717,5.653483237111345e-11
938,0.002509641,0.002081241997075267,0.09319388600124512,2.509641,2.081241997075267,93.19388600124512,5.671938927275342,5.672652538545769,5.672652538623719,0.012579851587565949,0.012579852961531378,9.633627229277408e-12
939,0.002463224,0.002108202999806963,0.0930378839984769,2.463224,2.108202999806963,93.0378839984769,13.043348203293867,13.04652393110689,13.046523931056377,0.02434156277789048,0.024341562390812758,4.833711209073499e-11
940,0.002416313,0.001974835991859436,0.09299700599513017,2.4163129999999997,1.974835991859436,92.99700599513017,9.625505261771753,9.626493194489594,9.62649319434231,0.010262643912806658,0.010262642382968817,7.556649750384281e-11
941,0.002452132,0.0021304120018612593,0.09335745499993209,2.452132,2.1304120018612593,93.35745499993209,3.3260681075174254,3.326786242913723,3.326786243578578,0.02158646044143659,0.021586480422020573,7.761696840802301e-11
942,0.002509503,0.002161096010240726,0.09321809701214079,2.509503,2.161096010240726,93.21809701214079,-0.048498327832589894,-0.04722654172386953,-0.0472265416442994,2.6929477838043114,2.692947956827589,1.3086134953432804e-10
943,0.002496312,0.0020106449956074357,0.09308863899786957,2.496312,2.0106449956074357,93.08863899786957,1.7978565099675095,1.7990536257734107,1.799053626249293,0.06654141870765898,0.06654144514187854,1.3652079466908162e-10
944,0.002508146,0.0020420299988472834,0.09476059299777262,2.508146,2.0420299988472834,94.76059299777262,8.775428286149697,8.776121819982567,8.776121820101114,0.007902509184528356,0.007902510535211316,4.247223406306233e-11
945,0.002510096,0.002045873014139943,0.0948565600119764,2.510096,2.045873014139943,94.8565600119764,5.487353051565275,5.488435416594115,5.488435416597447,0.019720830194465033,0.019720830255170643,8.32790780780357e-11
946,0.00241979,0.002064322994556278,0.09438041900284588,2.41979,2.064322994556278,94.38041900284588,10.421589047720065,10.423257196873784,10.4232571973549,0.01600410622333563,0.016004110838386227,8.289302577679791e-11
947,0.002490849,0.0020795260061277077,0.09457041499263141,2.490849,2.0795260061277077,94.57041499263141,0.48004427980833597,0.48093440816454347,0.4809344081290021,0.18508310927567398,0.18508310189929042,3.57084362079263e-11
948,0.0024428419999999998,0.001989715005038306,0.09365745700779371,2.4428419999999997,1.9897150050383061,93.65745700779371,10.482585296175444,10.483507527556466,10.483507527310696,0.008796973518622964,0.008796971174483793,1.2697709550479885e-10
949,0.002420803,0.002130389999365434,0.093774104010663,2.420803,2.130389999365434,93.774104010663,3.032554514159173,3.035839285353031,3.035839285439117,0.10819977229051406,0.10819977512309684,1.7223000803312516e-11
950,0.0025069569999999998,0.0020675819978350773,0.0948630180064356,2.506957,2.0675819978350773,94.8630180064356,12.230600716363046,12.232077930577724,12.232077930944897,0.012076559870377913,0.012076562871737282,1.0963258079144111e-10
951,0.002404593,0.0020453070028452203,0.09403914799622726,2.404593,2.0453070028452203,94.03914799622726,3.8555488040158075,3.8576087715917673,3.8576087718204306,0.053400116443374473,0.05340012236780117,4.6120107732861015e-11
952,0.002484989,0.0020895280031254515,0.09400005001225509,2.484989,2.0895280031254515,94.00005001225509,6.408059573660374,6.412137860234839,6.412137860079714,0.06360260280361364,0.06360260038590164,3.138705961802657e-11
953,0.002418347,0.001994456004467793,0.09385906600800809,2.418347,1.9944560044677928,93.85906600800809,3.332663151307081,3.333712529953644,3.33371252958991,0.031477778516723585,0.0314777676093813,8.59253779239566e-11
954,0.002485203,0.0021364040003390983,0.10091397899668664,2.4852030000000003,2.1364040003390983,100.91397899668664,4.374833927066476,4.376047293980783,4.376047294245264,0.02772746345716652,0.027727469499341524,4.943068176999077e-11
955,0.0024923569999999997,0.0021093779942020774,0.09314127000106964,2.4923569999999997,2.1093779942020774,93.14127000106964,10.121562331893642,10.12336752042189,10.123367520357721,0.017831897583551817,0.017831896949793615,3.6152303373171435e-11
956,0.002466192,0.002086659995256923,0.09444307800731622,2.466192,2.086659995256923,94.44307800731622,8.71635068887889,8.717934028147528,8.717934028050788,0.018161863390180156,0.018161862280710605,3.3183122916113916e-11
957,0.00242113,0.002014691010117531,0.09618320000299718,2.4211300000000002,2.014691010117531,96.18320000299718,3.5118742398709095,3.5127479112033484,3.512747911281984,0.024871449774475397,0.02487145201250126,1.1994610166210506e-11
958,0.002500077,0.0020479399972828105,0.09557178999239113,2.5000769999999997,2.0479399972828105,95.57178999239113,1.688955765721019,1.689465451018588,1.6894654510353249,0.030168435658847883,0.030168436649207583,1.7124635043330727e-11
959,0.0024899820000000004,0.001978015003260225,0.09485449799103662,2.4899820000000004,1.978015003260225,94.85449799103662,2.6420865831315723,2.642934213427523,2.642934213625111,0.032071562418935405,0.03207156989261195,4.833011768567985e-11
960,0.002490883,0.001977043997612782,0.09326766499725636,2.490883,1.9770439976127818,93.26766499725636,-0.41025268376570523,-0.40937668918541803,-0.4093766892157582,0.21398252597876571,0.213982518551597,4.951106191697363e-11
961,0.002430284,0.002104234998114407,0.09376041099312715,2.430284,2.104234998114407,93.76041099312715,12.333419119026914,12.338145703768355,12.338145703324432,0.038308712305101265,0.03830870870851405,5.5834463788539956e-11
962,0.002509198,0.001980571003514342,0.09252865199232474,2.5091979999999996,1.980571003514342,92.52865199232474,7.617793760314434,7.618190221962141,7.618190221913412,0.005204144766089879,0.005204144126482789,9.271050593895325e-11
963,0.002498645,0.0019224279967602342,0.09412489899841603,2.498645,1.9224279967602342,94.12489899841603,15.048650054261461,15.04953784676895,15.049537846791686,0.0058991346879022,0.005899134838976781,1.2265868876149e-11
964,0.002500332,0.0019784929900197312,0.0957053839956643,2.500332,1.9784929900197312,95.7053839956643,9.741601376746125,9.743215487290602,9.743215487466955,0.016566507705615168,0.016566509515325102,4.024131028401712e-11
965,0.002465141,0.0019360550068086013,0.09492234900244512,2.465141,1.9360550068086013,94.92234900244512,3.3238979190340103,3.324780176705616,3.3247801766820686,0.02653581965469516,0.02653581894664421,3.0761504454801525e-11
966,0.002489177,0.002061010993202217,0.09436330800235737,2.4891769999999998,2.061010993202217,94.36330800235737,2.6279530349913536,2.6286340525408107,2.6286340527773575,0.025907659105263735,0.025907668101780315,4.725708713237964e-11
967,0.002466332,0.0019458290043985471,0.0937944140023319,2.466332,1.9458290043985471,93.7944140023319,6.853858569074912,6.855836118417628,6.855836118520514,0.028844758079950517,0.028844759580233033,1.626399570575643e-10
968,0.002497084,0.002105986000970006,0.094159005995607,2.497084,2.105986000970006,94.159005995607,0.689645784625835,0.6902481286323088,0.690248128525532,0.08726485179572403,0.08726483633988626,1.9214185797977734e-11
969,0.0025265500000000002,0.0020239629957359284,0.09548788500251248,2.5265500000000003,2.0239629957359284,95.48788500251248,8.540289219435945,8.54126375272278,8.541263752733155,0.01140970838800775,0.011409708509450438,2.9064251005905817e-11
970,0.002444069,0.002029650000622496,0.09410439900238998,2.4440690000000003,2.029650000622496,94.10439900238998,0.5585724992138239,0.5595330414301536,0.5595330416128377,0.17166854237500637,0.1716685749683414,3.2312694187019986e-11
971,0.002504117,0.001956906999112107,0.09410641700378619,2.504117,1.9569069991121069,94.10641700378619,5.925948036692624,5.927573820340278,5.927573820402031,0.02742747196290099,0.027427473004411965,8.028903930590303e-11
972,0.0024249980000000003,0.0020120160043006763,0.09586872199724894,2.4249980000000004,2.0120160043006763,95.86872199724894,9.818653769020745,9.819289953703365,9.819289953585375,0.006478927556055744,0.006478926354527628,4.210179427310834e-11
973,0.002497505,0.0020460140076465905,0.09538304200395942,2.4975050000000003,2.0460140076465905,95.38304200395942,9.693008338921537,9.693539074582041,9.693539074499242,0.005475148513055509,0.005475147658929776,8.248723926129742e-11
974,0.002422009,0.0019334590033395216,0.0942254440014949,2.422009,1.9334590033395216,94.2254440014949,5.4907604122721025,5.491684788535434,5.491684788597652,0.016832289159436693,0.016832290292207498,9.297293490639902e-11
975,0.002461681,0.0020206960034556687,0.09451917599653825,2.461681,2.0206960034556687,94.51917599653825,0.596636764852839,0.5975923180500047,0.5975923181934206,0.15990051550256254,0.1599005394631488,9.005912682269468e-11
976,0.002489705,0.0019634959899121895,0.0942985079891514,2.489705,1.9634959899121895,94.2985079891514,0.6181743211177562,0.61888728816594,0.6188872883078815,0.11520143680712244,0.11520145971566388,6.262323992700658e-11
977,0.00244014,0.0020198990096105263,0.0943885640008375,2.44014,2.0198990096105263,94.3885640008375,10.148177837244344,10.14892391526758,10.148923915253818,0.00735130176820768,0.007351301632605116,2.3414381544739626e-11
978,0.002446433,0.0020640680013457313,0.10209878699970432,2.446433,2.0640680013457313,102.09878699970432,6.3677436998894805,6.37017088192102,6.3701708817046345,0.038102306461317084,0.038102303065761636,1.1257300647216084e-10
979,0.002418608,0.002109686000039801,0.09433131299738307,2.418608,2.109686000039801,94.33131299738307,9.128229770592291,9.129966906751037,9.129966906828887,0.019026751974977503,0.01902675282750855,1.717992414995706e-11
980,0.0024487420000000003,0.001994503996684216,0.09475858698715456,2.448742,1.994503996684216,94.75858698715456,4.421182613090398,4.423559009873042,4.423559009495964,0.05372137632481162,0.053721367805080064,6.954237186107548e-11
981,0.002509515,0.002036887002759613,0.09478998300619423,2.509515,2.036887002759613,94.78998300619423,6.993921730486875,6.994599530708882,6.994599530697204,0.009690336366386226,0.009690336199448316,1.4271805959253925e-11
982,0.002430237,0.0018889589991886169,0.09515211699181236,2.430237,1.8889589991886169,95.15211699181236,0.4127141341240623,0.41324627153383986,0.4132462707664466,0.12877004499094621,0.1287698595312962,7.76936709412368e-11
983,0.002485689,0.0019953870069002733,0.09634056698996574,2.4856890000000003,1.9953870069002733,96.34056698996574,5.438430114758674,5.440136467490962,5.440136467347095,0.03136599132181764,0.03136598867809692,4.35957936417708e-11
984,0.002495538,0.002042772001004778,0.09465027299302164,2.495538,2.042772001004778,94.65027299302164,2.405363839341426,2.4059604523855107,2.405960452495009,0.024797292220373218,0.02479729677036636,1.3958417754977859e-11
985,0.002435477,0.0019790590013144538,0.09645592598826624,2.435477,1.9790590013144538,96.45592598826624,2.0592218608101263,2.060094358007813,2.0600943579455198,0.04235229295664497,0.042352289934118416,2.6832425170653096e-11
986,0.0024823249999999996,0.001961675996426493,0.09487364899541717,2.4823249999999994,1.961675996426493,94.87364899541717,-4.683881337215663,-4.682966357258621,-4.682966356979609,0.019538469577586686,0.019538475536777126,7.682211464188349e-11
987,0.002422461,0.0019215209904359654,0.09547146600380074,2.4224609999999998,1.9215209904359654,95.47146600380074,11.408214175015605,11.409863450743575,11.409863450760792,0.014454824416528901,0.014454824567398033,3.670519443943476e-11
988,0.002491904,0.001958365988684818,0.09579183699679561,2.491904,1.9583659886848181,95.79183699679561,2.914419738112713,2.9156548390733157,2.9156548390670665,0.04236101420686054,0.042361013992617894,1.0145329021327143e-11
989,0.002504906,0.001995172002352774,0.09404279199952725,2.504906,1.9951720023527741,94.04279199952725,6.948964740489465,6.9509587263786266,6.950958726412885,0.028686487255261756,0.028686487747985014,1.8802515100446726e-11
990,0.0024207680000000002,0.0019057129975408316,0.09320507799566258,2.4207680000000003,1.9057129975408316,93.20507799566258,7.834851830373285,7.835831328737012,7.8358313291295865,0.012500248188525347,0.012500253197895408,8.840361775952488e-11
991,0.002424785,0.0022297429968602955,0.0941598490026081,2.424785,2.2297429968602955,94.1598490026081,4.454608121475701,4.455204092909671,4.455204092948492,0.013376972671549402,0.013376973542784668,3.5316805035989773e-11
992,0.002468427,0.002133898000465706,0.09427963099733461,2.468427,2.133898000465706,94.2796309973346,-1.0774339239935884,-1.0766396082162615,-1.0766396080663085,0.07377731334284732,0.0737773272809905,6.675382469012447e-11
993,0.002490123,0.002016094993450679,0.09322270700067747,2.490123,2.016094993450679,93.22270700067747,-1.1715250031926274,-1.1704834433963107,-1.1704834432719053,0.08898543607712063,0.0889854467151248,1.6324108731424758e-11
994,0.0025385019999999998,0.0020124769944231957,0.09328415899653919,2.538502,2.0124769944231957,93.28415899653919,11.155286159348904,11.15653651780325,11.156536518059156,0.011207406997240354,0.011207409290755354,4.264433250966704e-11
995,0.002420792,0.0018884680030168965,0.09343308099778369,2.420792,1.8884680030168965,93.43308099778369,0.6939978125066837,0.6950133551431321,0.6950133551203734,0.14611843483774314,0.14611843156796006,4.5303649720551675e-11
996,0.0024980569999999997,0.0019174129993189126,0.0934927299967967,2.4980569999999997,1.9174129993189126,93.4927299967967,0.5511009835198948,0.5519914250550428,0.5519914249621287,0.16131437821869507,0.16131436141331862,1.127409277046354e-11
997,0.0024058680000000002,0.0019702669960679486,0.09333804799825884,2.4058680000000003,1.9702669960679486,93.33804799825884,-2.310617354274928,-2.3098464863799286,-2.30984648657315,0.033373122393415576,0.03337311402550351,3.9479530755670567e-11
998,0.00247849,0.0019801710004685447,0.09370688399940263,2.47849,1.9801710004685447,93.70688399940263,6.310561907311197,6.311487025397113,6.311487025662807,0.01465768815168336,0.014657692360743754,4.886002713533344e-11
999,0.002444485,0.0019728229963220656,0.09303981400444172,2.4444850000000002,1.9728229963220656,93.03981400444172,1.077575898089389,1.0781581626633425,1.0781581627464014,0.054005487702763734,0.05400549540237958,2.640282437127439e-11
1000,0.0024393929999999998,0.002075103999231942,0.0941860359889688,2.439393,2.075103999231942,94.1860359889688,6.308373701238644,6.31214703249227,6.31214703245918,0.05977888718692061,0.05977888666300705,3.653988223106808e-11
1001,0.002489401,0.002020745989284478,0.09431010398839135,2.489401,2.020745989284478,94.31010398839135,0.7739491443329811,0.7750665593274135,0.775066559668673,0.14417019815718507,0.14417024212340532,8.380995897283583e-11
1002,0.002415514,0.0020230049995006993,0.09331995400134474,2.415514,2.0230049995006993,93.31995400134474,8.324118282786046,8.325788221704041,8.325788221938211,0.02005742727928417,0.020057430091306793,6.196258783841557e-11
1003,0.0024913129999999998,0.001875585992820561,0.09335354198992718,2.491313,1.875585992820561,93.35354198992718,2.7769128918025423,2.7776276019421147,2.77762760163737,0.02573095612502685,0.02573094515644848,1.032648411225523e-10
1004,0.002405802,0.0018804610008373857,0.09348713500367012,2.405802,1.8804610008373857,93.48713500367012,4.363602122754301,4.364724778160337,4.364724777952752,0.0257211041496393,0.025721099394891228,1.7085866055310817e-10
1005,0.002422338,0.0019230439938837662,0.09391111999866553,2.422338,1.9230439938837662,93.91111999866553,9.651102933120658,9.65180222029992,9.651802219939565,0.007245146173756429,0.007245142440472377,1.0720158094557064e-10
1006,0.002516973,0.001938157991389744,0.09481581300497055,2.516973,1.938157991389744,94.81581300497055,15.977949595162809,15.979034088566394,15.979034088565545,0.006786977220113581,0.006786977214800113,5.760492083339841e-11
1007,0.0025312990000000003,0.0018810869951266795,0.09369216099730693,2.531299,1.8810869951266795,93.69216099730693,4.30644518082125,4.307912187572018,4.307912187394209,0.034053775631753005,0.03405377150564253,8.001843632143846e-11
1008,0.0025089360000000002,0.001979057997232303,0.09307028100010939,2.5089360000000003,1.979057997232303,93.07028100010939,7.9554565421139,7.95667223022965,7.956672230059443,0.015278851265617238,0.015278849126771386,5.106481903993654e-11
1009,0.002516011,0.0019860169995808974,0.09504140799981542,2.5160109999999998,1.9860169995808974,95.04140799981542,10.355255523197673,10.356685200777015,10.35668520155707,0.013804393506472595,0.013804401037332463,9.458589467215006e-11
1010,0.002491398,0.001992261008126661,0.09411272800934967,2.4913980000000002,1.9922610081266612,94.11272800934967,2.0814719588309885,2.082210986156774,2.0822109861161557,0.035492432356699445,0.03549243040666847,6.661893259263252e-12
1011,0.0024912370000000003,0.002124431004631333,0.09529155099880882,2.4912370000000004,2.124431004631333,95.29155099880882,4.782466411256113,4.783673252348134,4.783673252254086,0.025228334552915867,0.025228332587403066,2.8131996732128073e-11
1012,0.0024406690000000003,0.00200157800281886,0.09632579800381791,2.440669,2.00157800281886,96.32579800381791,6.017329034942335,6.017963443296633,6.017963443363424,0.010541911068010822,0.010541912177754622,2.4097501771791485e-11
1013,0.00249809,0.0021394490031525493,0.09469074300432112,2.49809,2.1394490031525493,94.69074300432112,6.571280832703735,6.572732673151815,6.572732672572961,0.02208884067369399,0.02208883186873471,7.035549920431095e-11
1014,0.002428244,0.0020456589991226792,0.09574713400797918,2.428244,2.0456589991226792,95.74713400797918,-0.25714527188707237,-0.25566962767804213,-0.2556696277339725,0.5771683646711743,0.5771683426688801,3.241928947517181e-11
1015,0.002500198,0.0021110119996592402,0.09497268500854261,2.5001979999999997,2.1110119996592402,94.97268500854261,7.991218564820386,7.991834758367904,7.991834758292796,0.007710288890460566,0.00771028795072481,2.7798541246681907e-11
1016,0.002468503,0.00214130399399437,0.09339825699862558,2.468503,2.14130399399437,93.39825699862558,0.9539557646135997,0.954793470771012,0.954793470683736,0.08773689630866842,0.08773688717586706,7.007300295569507e-11
1017,0.0024307820000000003,0.002027902999543585,0.09384502700413577,2.430782,2.027902999543585,93.84502700413577,17.558074818627738,17.55942677138186,17.559426772621944,0.007699298910642902,0.007699305972299033,1.8802658041661147e-10
1018,0.002495775,0.0020942870032740757,0.09580067700881045,2.495775,2.0942870032740757,95.80067700881045,4.322844806558621,4.323503760621737,4.323503760524542,0.015241204809808069,0.015241202562086486,3.302080830991372e-11
1019,0.0024310390000000003,0.0021364640124375,0.09477317600976676,2.431039,2.1364640124375,94.77317600976676,5.871268891050807,5.872154103324483,5.872154103433271,0.01507474528257117,0.015074747134893913,6.279912700968282e-11
1020,0.0024247179999999998,0.0020507019944489002,0.09422607300803065,2.424718,2.0507019944489002,94.22607300803065,0.9146577571600929,0.9152092719121612,0.9152092718516229,0.06026105383700749,0.060261047226305216,1.7545881414449127e-11
1021,0.00249411,0.0019223029958084226,0.09505396999884397,2.49411,1.9223029958084226,95.05396999884397,1.6238820065879338,1.6247202063757449,1.6247202060587966,0.05159040827594839,0.05159038877814629,8.087364111730722e-11
1022,0.002426419,0.001981475012144074,0.0945895129989367,2.426419,1.9814750121440738,94.5895129989367,19.810445244030944,19.81312421824324,19.813124218323882,0.013521210399658439,0.013521210806621735,6.123515583489336e-11
1023,0.0024803900000000003,0.0019358969875611365,0.09454159600136336,2.4803900000000003,1.9358969875611365,94.54159600136336,8.105808750570738,8.10786370667143,8.107863707462784,0.02534522255230034,0.025345232310138157,8.775424831242162e-11
1024,0.002425492,0.0020100129913771525,0.0955196630093269,2.425492,2.0100129913771525,95.5196630093269,15.399126970858422,15.402382479697273,15.402382479730203,0.021136397847167795,0.02113639806092137,5.4243110003682204e-11
1025,0.002429946,0.0020055799977853894,0.09553290299663786,2.429946,2.0055799977853894,95.53290299663786,11.700735774384896,11.701614618104173,11.701614618123372,0.0075104483266608905,0.007510448490718787,5.254152668499046e-11
1026,0.002513295,0.0021870210039196536,0.0942968879971886,2.513295,2.1870210039196536,94.2968879971886,14.49864113406792,14.50080358697425,14.50080358702131,0.01491264186401388,0.01491264218849402,2.7994717655133172e-11
1027,0.002434527,0.0020895600027870387,0.09529753800597973,2.434527,2.0895600027870387,95.29753800597973,5.625225990600878,5.626173650973861,5.626173651015147,0.016843781080574355,0.016843781814272495,1.7362777882112823e-11
1028,0.002503419,0.0020970000041415915,0.09407887600536924,2.5034189999999996,2.0970000041415915,94.07887600536924,6.785462373660863,6.786461687136278,6.786461686999665,0.014725103028414727,0.014725101015696039,1.1017178835892594e-10
1029,0.002410618,0.0019613840122474357,0.0936847300035879,2.410618,1.9613840122474357,93.6847300035879,2.517321104424095,2.5182982548161377,2.5182982548048223,0.03880201204022774,0.038802011591075124,6.641021066400299e-12
1030,0.002471239,0.0020934269996359944,0.09403239098901395,2.471239,2.0934269996359944,94.03239098901395,7.553848380224199,7.554983478051554,7.55498347796021,0.015024491193824738,0.015024489984952505,6.791900375446858e-11
1031,0.002445486,0.0021017359977122396,0.09385466900130268,2.4454860000000003,2.1017359977122396,93.85466900130268,0.12147909185464556,0.1222823455292783,0.12228234585740339,0.6568844187245474,0.656884685295881,6.306000166489412e-11
1032,0.002407354,0.002016953003476374,0.0934165770013351,2.407354,2.016953003476374,93.4165770013351,2.9096317905245925,2.9105212409492687,2.9105212409731855,0.03055983279428143,0.030559833615768636,3.345157484346828e-11
1033,0.002480256,0.0021032110089436173,0.09381746900908183,2.4802560000000002,2.1032110089436173,93.81746900908183,8.800343467909137,8.80311271475819,8.803112714856141,0.031457587092001436,0.03145758820434725,4.190170432849527e-11
1034,0.0024629129999999997,0.0020688430086011067,0.09443121199728921,2.462913,2.0688430086011067,94.43121199728921,8.368416081745373,8.369734850277553,8.369734850338261,0.015756395582064008,0.015756396307286574,6.009132080819768e-11
1035,0.002400417,0.0020287219958845526,0.0945315249991836,2.400417,2.0287219958845526,94.5315249991836,0.928506527698655,0.9294025166588611,0.9294025164690751,0.09640483473479924,0.09640481433427325,7.104014598802166e-11
1036,0.002500529,0.0019726899918168783,0.09384797299571801,2.5005290000000002,1.9726899918168783,93.84797299571801,4.172243925028408,4.1729770517972895,4.172977052175444,0.017568435191038862,0.01756844425142803,1.1249907949650861e-10
1037,0.0024256160000000002,0.001975146005861461,0.09394151000014972,2.425616,1.9751460058614612,93.94151000014972,7.8361872949486155,7.837467125298904,7.837467125153431,0.016329642342704252,0.016329640486885157,5.664541058436612e-11
1038,0.002506644,0.0019318129925522953,0.09392902000399772,2.506644,1.9318129925522953,93.92902000399772,9.4153206608824,9.41816498362699,9.418164983501406,0.030200392003479466,0.030200390670449637,9.131811973261961e-11
1039,0.002407308,0.0020892379980068654,0.09297130499908235,2.407308,2.0892379980068654,92.97130499908235,5.935141812570727,5.935766556170925,5.93576655622104,0.010525070254809648,0.010525071099002293,3.9821035358045265e-11
1040,0.0024239970000000002,0.0019111800065729767,0.0937944570032414,2.4239970000000004,1.9111800065729767,93.7944570032414,2.626551863774072,2.6273224815038105,2.6273224816369165,0.029330915225052632,0.029330920289787944,3.691080774359534e-11
1041,0.0024979570000000003,0.0019419789896346629,0.09333699000126217,2.4979570000000004,1.9419789896346629,93.33699000126217,14.641201632831471,14.641870448935244,14.64187044862279,0.004567832409833034,0.004567830275954091,5.352585041862312e-11
1042,0.002421001,0.001972644997294992,0.0931812880007783,2.421001,1.9726449972949922,93.1812880007783,10.30455767230194,10.30652063812359,10.306520638171232,0.019045863202271484,0.019045863664433435,7.495598586260144e-11
1043,0.002431884,0.0021039270068285987,0.09380855101335328,2.431884,2.1039270068285987,93.80855101335328,12.317076900307804,12.318452847016612,12.318452845987125,0.011169801320803226,0.011169792964456636,1.0416756346387501e-10
1044,0.002481765,0.001985660011996515,0.09259910500259139,2.4817649999999998,1.985660011996515,92.59910500259139,2.4990177378762155,2.500089917321663,2.5000899175363855,0.04288563535331545,0.04288564393822175,2.788602682102237e-11
1045,0.002415959,0.0020827459957217798,0.09405817999504507,2.415959,2.0827459957217798,94.05817999504507,4.206771686511189,4.207689119651484,4.207689119520261,0.021803729177847776,0.021803726059879288,9.102107956238115e-11
1046,0.002504606,0.0019457460002740845,0.09486233399366029,2.504606,1.9457460002740845,94.86233399366029,5.373966108698092,5.374794715116291,5.374794714839993,0.015416522157936157,0.015416517018102644,5.602418529093711e-11
1047,0.002496835,0.0019435620051808655,0.09193136800604407,2.4968350000000004,1.9435620051808655,91.93136800604407,2.25831805218429,2.2591527473044692,2.25915274712521,0.036947263578141994,0.036947255646272714,7.395578593971663e-11
1048,0.00250202,0.0020656230044551194,0.09384663301170804,2.5020200000000004,2.0656230044551194,93.84663301170804,3.5329106870370097,3.5337450437371487,3.533745042979355,0.023611117661635272,0.02361109622220218,7.887451802801593e-11
1049,0.002509529,0.002014638012042269,0.09433593299763743,2.509529,2.014638012042269,94.33593299763743,7.716002986326892,7.716938474013212,7.716938473947749,0.01212252358198989,0.012122522733799034,1.0557732466054404e-10
1050,0.0024384660000000002,0.0022515229939017445,0.09489088000555057,2.438466,2.2515229939017445,94.89088000555057,-0.23453191424989228,-0.2334472027625445,-0.2334472030370911,0.46464959721583177,0.4646494790639398,4.303446488052032e-11
1051,0.002449952,0.0023208490019897,0.09581388899823651,2.449952,2.3208490019897,95.81388899823651,3.5581240817465094,3.5593201043818183,3.5593201044945673,0.033602558922321495,0.033602562088966566,1.826783169178725e-11
1052,0.0024226259999999998,0.0023069319868227467,0.09516492100374307,2.4226259999999997,2.3069319868227467,95.16492100374307,9.824993776496015,9.82674474470926,9.826744744913928,0.01781839519324941,0.01781839727564617,3.159869588209574e-11
1053,0.002485587,0.002148258005036041,0.09363104999647476,2.485587,2.148258005036041,93.63104999647476,7.003141134798263,7.003694240666391,7.0036942402691835,0.007897344588759268,0.007897338917805944,1.0537329342419355e-10
1054,0.0024963,0.00203948600392323,0.09476952199474908,2.4962999999999997,2.03948600392323,94.76952199474908,9.355096612566609,9.355846957480551,9.355846957648655,0.008020064002252875,0.008020065798886275,2.1612808764892577e-11
1055,0.002407084,0.002109209992340766,0.09523069499118719,2.407084,2.109209992340766,95.23069499118719,5.587430037634494,5.590351216855961,5.590351216777744,0.05225394806427948,0.05225394666587588,1.8028745163434223e-11
1056,0.002430601,0.001941039998200722,0.09380995099490974,2.4306010000000002,1.941039998200722,93.80995099490974,2.3927040164619306,2.393096940690519,2.393096940737891,0.016419068609695407,0.016419070588892547,1.382662873083973e-10
1057,0.002472145,0.0020779420010512695,0.0943648380052764,2.472145,2.0779420010512695,94.3648380052764,7.7689109023555005,7.771615144149081,7.77161514415813,0.03479639358642479,0.03479639370281776,2.3452684239089194e-11
1058,0.0024526780000000002,0.0020179929997539148,0.09471077199850697,2.452678,2.0179929997539148,94.71077199850697,12.201820076081567,12.204903544451057,12.204903544058865,0.025264176470210897,0.025264173257632583,6.678552155747752e-11
1059,0.0024919350000000002,0.0019869969983119518,0.09433048599748872,2.4919350000000002,1.9869969983119518,94.33048599748872,0.6422680769814555,0.6433423394890134,0.6433423395989593,0.1669814718569876,0.166981488918237,3.6675718018130965e-11
1060,0.0024350649999999997,0.002007525006774813,0.09426403199904598,2.435065,2.007525006774813,94.26403199904598,6.960461009103469,6.9611307304239105,6.961130730407888,0.009620869746272784,0.009620869516120562,9.141021273251226e-12
1061,0.002456213,0.001993819998460822,0.09489593000034802,2.456213,1.9938199984608218,94.89593000034802,2.3044750213612133,2.3051143366767057,2.3051143363726148,0.02773464662122327,0.027734633432869388,3.6371128331325053e-11
1062,0.002454965,0.0019085550011368468,0.0938375779951457,2.454965,1.9085550011368468,93.8375779951457,11.538873263403616,11.539402034196222,11.539402033889548,0.00458230670045857,0.004582304042957394,1.3387228825489927e-10
1063,0.00241041,0.0019353240058990195,0.09394192599575035,2.41041,1.9353240058990195,93.94192599575035,9.254847619813738,9.255539883037422,9.255539883550632,0.007479447254636767,0.007479452799126102,1.385784820229219e-10
1064,0.0025120290000000003,0.0018775050120893866,0.0933057939982973,2.512029,1.8775050120893866,93.3057939982973,1.8023377524099935,1.8034847746586458,1.8034847747664955,0.06360032891707475,0.06360033489334568,7.77838904397754e-11
1065,0.00241169,0.002011556993238628,0.09335391900094692,2.41169,2.011556993238628,93.35391900094692,3.7368703300377106,3.7394641257984915,3.739464125321703,0.06936276625536653,0.06936275351403094,7.875788909927905e-11
1066,0.002515635,0.0020657419954659417,0.09359030400810298,2.515635,2.0657419954659417,93.59030400810298,12.42785208751447,12.428814989795193,12.428814989959278,0.007747337791358947,0.007747339111460032,1.1600476135242843e-10
1067,0.002490051,0.002078769000945613,0.09380568799679168,2.4900510000000002,2.078769000945613,93.80568799679168,5.3938676204829825,5.397078638018719,5.397078638037655,0.05949547433156334,0.0594954746822104,4.2547521061919724e-11
1068,0.002433783,0.001866364007582888,0.09412259300006554,2.433783,1.866364007582888,94.12259300006554,1.297964156027227,1.2993390693457378,1.299339070388772,0.10581636086746185,0.1058164410567232,1.7995834336592686e-10
1069,0.002426488,0.0020022620010422543,0.09519711299799383,2.426488,2.0022620010422543,95.19711299799383,2.9275392397846502,2.9282870228386315,2.928287022820914,0.02553653546080253,0.02553653485591446,7.143274860510473e-11
1070,0.002439071,0.0019408719963394105,0.09460341600060929,2.439071,1.9408719963394105,94.60341600060929,5.480673642947515,5.4812352937934605,5.481235293971011,0.010246793210672149,0.010246796449581192,9.875944506632095e-11
1071,0.002470358,0.001989805998164229,0.0956652809982188,2.470358,1.989805998164229,95.6652809982188,14.880923987355164,14.881747312345418,14.881747312838261,0.005532448394489494,0.005532451706034994,4.720368540489517e-11
1072,0.002494942,0.0020289840031182393,0.0949313340097433,2.494942,2.0289840031182393,94.9313340097433,3.2790445294578063,3.280261990133326,3.280261990147679,0.03711473898065225,0.037114739418045245,4.8618886694384855e-11
1073,0.0024334129999999997,0.001946418997249566,0.09582415799377486,2.433413,1.946418997249566,95.82415799377486,6.662349175142875,6.662800424427068,6.662800424226852,0.006772666978571097,0.006772663973780928,1.1351264372905234e-10
1074,0.002488536,0.0021100459998706356,0.09453842400398571,2.488536,2.1100459998706356,94.53842400398571,7.123738706821307,7.124388916373533,7.124388916494354,0.009126530848591996,0.009126532544311606,4.7802428682075515e-11
1075,0.002418591,0.0023228490026667714,0.09526194000500254,2.4185909999999997,2.3228490026667714,95.26194000500254,6.705964192674028,6.708029279466604,6.708029279352463,0.030785297835504856,0.030785296134462098,4.8246462380774346e-11
1076,0.002464479,0.0023394250019919127,0.0950162920053117,2.464479,2.3394250019919127,95.0162920053117,3.5606937234767635,3.561173558694449,3.5611735584789983,0.01347407560392779,0.013474069554749482,4.309952394976335e-11
1077,0.002497212,0.002242354996269569,0.09412947901000734,2.4972119999999998,2.242354996269569,94.12947901000734,3.645301737124143,3.646173000513599,3.6461730005167503,0.02389528388623808,0.023895283972643854,3.035538487239364e-11
1078,0.002410491,0.002063516993075609,0.09454972398816608,2.410491,2.063516993075609,94.54972398816608,-0.7028561596093965,-0.7020609259472117,-0.702060926112992,0.11327131774381179,0.11327129410368972,4.867484193482596e-11
1079,0.0024988230000000003,0.0020502739935182035,0.09455320199776907,2.4988230000000002,2.0502739935182035,94.55320199776907,11.185588378897883,11.187020825381278,11.187020825324446,0.012804539347468726,0.012804538839509686,3.543854099063992e-11
1080,0.0024287510000000003,0.002074996998999268,0.09526412999548484,2.428751,2.074996998999268,95.26412999548484,15.274354583412475,15.276063423542226,15.27606342358115,0.01118639064510455,0.011186390899876844,3.670985737613819e-11
1081,0.002507189,0.0019553800084395334,0.09681381800328381,2.507189,1.9553800084395334,96.81381800328381,8.426701763437087,8.429166448294179,8.429166448942585,0.029239959516880902,0.02923996720703845,5.6366855627487666e-11
1082,0.002502837,0.002057327001239173,0.09456694099935703,2.502837,2.057327001239173,94.56694099935703,12.933470604252292,12.93619615052042,12.936196150420521,0.021069147656808215,0.021069146884728798,3.068845177978119e-11
1083,0.00249112,0.002132303998223506,0.09380855200288352,2.49112,2.132303998223506,93.80855200288352,13.514801364261224,13.51984475005052,13.519844749538002,0.03730357768551558,0.037303573896072355,4.7342130216065925e-11
1084,0.002509153,0.002003521003643982,0.09526193099736702,2.509153,2.003521003643982,95.26193099736702,8.286765065481717,8.288536415096253,8.288536415270546,0.0213710783885795,0.021371080490945025,6.593148249578462e-11
1085,0.0025084319999999997,0.0020611240033758804,0.09594170299533289,2.5084319999999996,2.0611240033758804,95.94170299533289,29.4894485296038,29.492092585601405,29.492092585570546,0.008965304818341444,0.008965304713716435,6.376592309731421e-11
1086,0.002421697,0.0020623629970941693,0.09541142100351863,2.421697,2.0623629970941693,95.41142100351863,2.39663227531128,2.3972969672243316,2.397296966973663,0.027726723978687643,0.027726713525276146,1.1440506875182166e-10
1087,0.002499769,0.002110175002599135,0.09451488999184221,2.499769,2.110175002599135,94.51488999184221,4.425280446622587,4.427834681054598,4.427834681053202,0.057685858122489164,0.05768585809097464,2.813760335840243e-11
1088,0.0024944760000000002,0.001902408999740146,0.09429012300097384,2.494476,1.902408999740146,94.29012300097384,15.638008017331146,15.63866415872343,15.63866415855906,0.004195635801270582,0.004195634750266781,2.940209187229925e-11
1089,0.002482668,0.002175286994315684,0.09455191000597551,2.482668,2.175286994315684,94.55191000597551,12.387287270892319,12.388455619976629,12.38845562028277,0.009430950234230592,0.009430952705176349,8.631084735810646e-11
1090,0.0025221669999999996,0.0020560510020004585,0.09526196800288744,2.5221669999999996,2.0560510020004585,95.26196800288744,13.211203143353195,13.212242135345715,13.212242135517393,0.007863858245074231,0.007863859544356222,3.275454560358604e-11
1091,0.002430415,0.002025492998654954,0.09650460400735028,2.430415,2.025492998654954,96.50460400735028,-3.169312929518867,-3.168084069872087,-3.1680840696675148,0.03878873223302383,0.038788738692818,1.0544676243284812e-10
1092,0.002493863,0.0020251759997336194,0.09590799600118771,2.4938629999999997,2.0251759997336194,95.90799600118771,10.665798849565192,10.667153055706173,10.667153055714287,0.0126951036880117,0.012695103764071054,1.8926082923087506e-11
1093,0.002511288,0.0020117870008107275,0.09464937000302598,2.511288,2.0117870008107275,94.64937000302598,13.191884155538716,13.194898469418575,13.194898468870388,0.022844540159558432,0.02284453600596798,1.0542508532829231e-10
1094,0.0024900540000000002,0.0020044249977217987,0.09784498100634664,2.490054,2.0044249977217987,97.84498100634664,-0.4029443876555625,-0.4016901609867176,-0.4016901615588715,0.31223733878967624,0.31223719590831817,8.186340494376054e-11
1095,0.002471299,0.0019230100006097928,0.09594489099981729,2.471299,1.9230100006097928,95.94489099981729,0.8696662439537306,0.8700943641175307,0.8700943645106385,0.049203877355799855,0.04920392251347014,6.423930831722657e-11
1096,0.00243939,0.001991404002183117,0.0965338440000778,2.43939,1.991404002183117,96.5338440000778,4.160946837204321,4.163477329339564,4.163477329027451,0.06077833347165903,0.06077832597976509,8.513517668617965e-11
1097,0.002411311,0.001950379999470897,0.09491634501318913,2.411311,1.950379999470897,94.91634501318913,4.750462147254108,4.751026735216669,4.751026735690928,0.011883493695712571,0.011883503676765557,9.374107046156155e-11
1098,0.002410323,0.002130159002263099,0.09582169099303428,2.410323,2.130159002263099,95.82169099303428,-1.8704003068281132,-1.8698082536708185,-1.8698082541444023,0.03166384339850847,0.03166381806255263,1.781680358803328e-10
1099,0.002510946,0.0021372280025389045,0.09648779800045304,2.510946,2.1372280025389045,96.48779800045304,13.813106091787716,13.814691908704631,13.814691908570644,0.011479205815047732,0.011479204845271034,2.468253379461771e-11
1100,0.0024021900000000002,0.0021857050014659762,0.09525199700146914,2.40219,2.1857050014659762,95.25199700146914,7.202090706500599,7.203499379290591,7.203499379324533,0.01955539545185559,0.019555395922959802,1.6663642687930746e-11
1101,0.002453521,0.0020585489983204752,0.09667955098848324,2.4535210000000003,2.058548998320475,96.67955098848324,12.556722448672787,12.559602435520574,12.559602435639981,0.022930557416710084,0.022930558367212514,6.177924838368654e-11
1102,0.0024974800000000003,0.0019073060102527961,0.09659671000554226,2.4974800000000004,1.9073060102527961,96.59671000554226,5.435282779744867,5.436136163350959,5.4361361634903105,0.015698348614688676,0.015698351177718027,9.502104658665189e-11
1103,0.0024239780000000002,0.001956829000846483,0.09420543200394604,2.4239780000000004,1.9568290008464828,94.20543200394604,11.488572121417853,11.491246465331031,11.49124646527397,0.02327287924113582,0.023272878744698335,5.326128427185495e-11
1104,0.0024800350000000002,0.00197440899501089,0.09612514299806207,2.4800350000000004,1.97440899501089,96.12514299806207,3.9931244428646337,3.9938218359731437,3.9938218361564424,0.01746179817608177,0.01746180276483685,3.0259794669973417e-11
1105,0.002433615,0.0019498740002745762,0.09585769599652849,2.433615,1.9498740002745762,95.85769599652849,12.478720046847506,12.47994088780749,12.479940888178973,0.009782425822040858,0.009782428798385569,6.321621004445888e-11
1106,0.002419164,0.002135739996447228,0.09391540600336157,2.4191640000000003,2.135739996447228,93.91540600336157,6.1225297867408095,6.126394967627284,6.126394967622762,0.0630906251865749,0.06309062511279985,3.8722580697481135e-11
1107,0.002477967,0.003842239995719865,0.09455661399988458,2.477967,3.842239995719865,94.55661399988458,8.848545803902113,8.850051300293075,8.850051300313012,0.017011160047310965,0.017011160272557543,2.123962117295264e-11
1108,0.00243303,0.001975738996407017,0.09526278999692295,2.43303,1.9757389964070171,95.26278999692295,8.775054359048301,8.776252202059258,8.776252201997863,0.013648684921285969,0.01364868422182948,5.234335187509487e-11
1109,0.0024992169999999998,0.0020259220036678016,0.09615260700229555,2.499217,2.0259220036678016,96.15260700229555,0.6770001317277732,0.677816914781868,0.6778169145668187,0.12050201703179401,0.12050198534327042,4.6685821875058764e-11
1110,0.00245618,0.002009950010688044,0.0939243429893395,2.4561800000000003,2.009950010688044,93.9243429893395,6.165150533214632,6.165681820287027,6.165681819981067,0.00861684219005111,0.008616837228177519,1.0175653375465998e-10
1111,0.002458334,0.0020432430028449744,0.09458969299157616,2.458334,2.0432430028449744,94.58969299157616,6.266826252709592,6.267908920089582,6.26790891992006,0.017273183031100425,0.017273180326976827,5.574063433044785e-11
1112,0.0024892739999999997,0.0019733549997908995,0.09387451200746,2.4892739999999995,1.9733549997908995,93.87451200746,3.456270706866569,3.457034721153409,3.4570347210984878,0.02210027808414541,0.022100276495811262,1.3361689532587206e-10
1113,0.00241867,0.001991974000702612,0.09382225599256344,2.41867,1.991974000702612,93.82225599256344,1.8635922280561097,1.8644705747256154,1.86447057480785,0.04710970939484871,0.04710971380338828,3.670652670706431e-11
1114,0.002484524,0.0020743009954458103,0.0930449359875638,2.484524,2.0743009954458103,93.0449359875638,2.0160004704988985,2.0169004981917418,2.0169004970104893,0.04462429820658854,0.044624239665014206,3.8216921294242923e-10
1115,0.002447504,0.002136137001798488,0.09509053399960976,2.447504,2.136137001798488,95.09053399960976,0.8375868933325883,0.8383652699912432,0.8383652700460296,0.09284457342358757,0.09284457995242808,8.215400582045618e-12
1116,0.002438684,0.0021151050023036078,0.09293604399135802,2.438684,2.1151050023036078,92.93604399135802,8.887923031133095,8.888550052800124,8.888550052726394,0.0070542626559350115,0.007054261826505404,1.1281864331635916e-11
1117,0.002498337,0.002084862004267052,0.09401918800722342,2.4983370000000003,2.084862004267052,94.01918800722342,3.6744711500815406,3.675215522863155,3.6752155228407233,0.020253853875612845,0.020253853265382215,1.7824658415932504e-11
1118,0.002425356,0.002032474003499374,0.0945138160022907,2.425356,2.032474003499374,94.5138160022907,15.606409670334394,15.607386931628806,15.607386931144212,0.00626153050919824,0.006261527404493029,6.894235182741681e-11
1119,0.002517011,0.002014853002037853,0.09669268100697082,2.517011,2.014853002037853,96.69268100697082,11.58689026475011,11.588055620606653,11.588055620485271,0.010056526260285175,0.010056525212915255,5.833722394044116e-11
1120,0.002503403,0.0020696579886134714,0.11066160499467514,2.503403,2.0696579886134714,110.66160499467514,7.603250297173492,7.607012573735076,7.607012573801764,0.049458003718495874,0.049458004594726934,5.206750308683894e-11
1121,0.0024728650000000003,0.0019408180087339133,0.09504061899497174,2.472865,1.9408180087339133,95.04061899497174,1.1278711513843085,1.1289480142699695,1.1289480146020665,0.09538640150382395,0.09538643089226671,6.265232777025176e-11
1122,0.002481727,0.0021541899914154783,0.0944241859979229,2.481727,2.1541899914154783,94.4241859979229,9.436764887866019,9.438154909510963,9.438154909446538,0.014727684153006845,0.014727683470506694,6.813705155650496e-11
1123,0.0024292389999999997,0.0021696869953302667,0.09289651199651416,2.429239,2.1696869953302667,92.89651199651416,19.42254274197465,19.423551052683152,19.42355105276065,0.005191175937747795,0.005191176336721561,1.2587639264260986e-11
1124,0.002514897,0.0021238140034256503,0.09365075999812689,2.514897,2.1238140034256503,93.65075999812689,4.372484039220581,4.373973468742882,4.373973468724714,0.03405209320416048,0.03405209278892268,2.7353008746899832e-11
1125,0.002430824,0.0020615350076695904,0.09353773300244939,2.430824,2.0615350076695904,93.53773300244939,5.681931615859845,5.683017827500997,5.683017827582127,0.019113289349459547,0.019113290776769216,1.3521406216909782e-11
1126,0.002508133,0.0019868520030286163,0.0933020379889058,2.508133,1.9868520030286163,93.3020379889058,9.288664808590937,9.289503262840789,9.289503262935046,0.009025824375408479,0.009025825389978757,3.5865421743608294e-11
1127,0.002496442,0.0020142089924775064,0.09437927798717283,2.496442,2.0142089924775064,94.37927798717283,8.87298325038677,8.874129129415664,8.874129128938904,0.012912580064843577,0.012912574693066855,9.596724803717649e-11
1128,0.002412234,0.0019949359993916005,0.09449195300112478,2.412234,1.9949359993916005,94.49195300112478,-0.7405107528891648,-0.7390416122357415,-0.7390416123762051,0.19878997733008097,0.19878995828611024,2.236766327712303e-11
1129,0.0025043770000000003,0.002086544001940638,0.094169507996412,2.5043770000000003,2.086544001940638,94.169507996412,5.425001176723743,5.426090727736899,5.426090727797238,0.020079852472534503,0.020079853584332594,1.1527813426059907e-11
1130,0.002497649,0.0019987300038337708,0.09394523699302226,2.497649,1.9987300038337708,93.94523699302226,8.231025498360303,8.232308743362672,8.23230874302645,0.015587911512721715,0.01558790742918552,6.786907147393606e-11
1131,0.00250755,0.0021301149972714484,0.09403388301143423,2.5075499999999997,2.1301149972714484,94.03388301143423,5.69541748955087,5.69589019143994,5.695890191458744,0.008298999334295128,0.008298999664409513,1.3365752948857335e-11
1132,0.002432121,0.002031185998930596,0.09471297300478909,2.432121,2.031185998930596,94.71297300478909,8.891058465514334,8.892755041737466,8.892755041617768,0.019078184602741098,0.019078183256980505,4.62875432427623e-11
1133,0.002440653,0.0019528909906512126,0.09412148800038267,2.440653,1.9528909906512126,94.12148800038267,9.474532787821023,9.475582789306543,9.475582789687728,0.011081128294349605,0.01108113231671562,1.3870232740131883e-10
1134,0.0025110980000000002,0.0019498120091157034,0.09375701600220054,2.511098,1.9498120091157034,93.75701600220054,13.116758266588057,13.118060757606248,13.11806075762728,0.009928990589826643,0.009928990750139794,1.49254775205776e-11
1135,0.002428436,0.0019616259960457683,0.09451257999171503,2.428436,1.9616259960457683,94.51257999171503,10.56878903417326,10.570186762023852,10.570186762292224,0.013223303259058062,0.013223305797674547,4.638989192784493e-11
1136,0.002494733,0.0019686540035763755,0.09457052098878194,2.4947329999999996,1.9686540035763755,94.57052098878194,9.3142458123037,9.31484499651144,9.314844996283874,0.006432573037601495,0.00643257059471722,3.05740988082448e-11
1137,0.0024366989999999996,0.001963614995474927,0.09371834200283047,2.4366989999999995,1.9636149954749271,93.71834200283047,10.489297606336564,10.490746272314453,10.490746271570984,0.013808988801041849,0.013808981715114872,1.061407628455413e-10
1138,0.002442185,0.0019966539985034615,0.09437918200273998,2.442185,1.9966539985034615,94.37918200273998,6.2161820598161235,6.217502306328029,6.217502306485308,0.02123435500075406,0.02123435752982811,5.3204662897599064e-11
1139,0.002521423,0.002066408997052349,0.094479056991986,2.521423,2.066408997052349,94.479056991986,7.594510788426003,7.596043553468704,7.596043553654052,0.02017846569613808,0.020178468135713674,8.574480014900132e-11
1140,0.002422756,0.002095549993100576,0.09412966600211803,2.4227559999999997,2.095549993100576,94.12966600211803,-0.8951126079756762,-0.8944384935664722,-0.8944384935944996,0.07536732978877027,0.07536732665289432,2.968492118782251e-11
1141,0.002444843,0.0019491660059429705,0.0954068770079175,2.444843,1.9491660059429705,95.4068770079175,-0.24366582073234966,-0.24301368377672006,-0.24301368379942545,0.26835400603563603,0.268353996667306,3.0728170008487155e-11
1142,0.002430752,0.002029235998634249,0.09498877098667435,2.430752,2.029235998634249,94.98877098667435,9.54104260911469,9.542794445037991,9.54279444485783,0.018357682682893475,0.018357680795306027,8.285061525725723e-11
1143,0.002414454,0.001984991002245806,0.09343678399454802,2.414454,1.9849910022458062,93.43678399454802,3.8353954376287405,3.8362167740709303,3.8362167738790163,0.02141006336610789,0.02141005836448878,6.877012848072184e-11
1144,0.002475209,0.002010452008107677,0.0937890079949284,2.475209,2.010452008107677,93.7890079949284,13.883277480614964,13.88499302470241,13.884993024697213,0.012355383142029972,0.012355383104601231,5.835704142143072e-11
1145,0.002406738,0.002036640013102442,0.0952756749902619,2.406738,2.036640013102442,95.2756749902619,19.3321546832979,19.33305236330994,19.33305236312595,0.004643239955949975,0.004643239004318595,3.3821667688727075e-11
1146,0.0024388359999999998,0.002138056996045634,0.09503358200890943,2.438836,2.138056996045634,95.03358200890943,0.9652886328789378,0.9660933189120442,0.9660933183683547,0.08329278521587735,0.08329272898562781,7.990746953012717e-11
1147,0.00243217,0.0020704320049844682,0.09430390199122485,2.43217,2.070432004984468,94.30390199122485,18.213282299147856,18.215009954095272,18.215009954490046,0.009484787281314029,0.00948478944840891,8.35737035131956e-11
1148,0.0024323749999999996,0.002097440999932587,0.09515395801281556,2.4323749999999995,2.097440999932587,95.15395801281556,5.972521714582655,5.974118494253737,5.9741184942587715,0.026728289246662804,0.026728289330907026,4.992117830227016e-12
1149,0.002500866,0.0019840570021187887,0.09540624100191053,2.500866,1.9840570021187887,95.40624100191053,10.48855812327185,10.489172408647022,10.489172408797973,0.005856375996496749,0.00585637743552745,2.2364332608049153e-11
1150,0.0024153200000000003,0.002030282004852779,0.09508620199630968,2.4153200000000004,2.030282004852779,95.08620199630968,8.92772830878797,8.92867065471583,8.92867065472715,0.010554157100229507,0.010554157226986912,8.598599610110114e-11
1151,0.002461377,0.0020403780072228983,0.09599872799299192,2.4613769999999997,2.0403780072228983,95.99872799299192,7.916826502702065,7.918013484454434,7.918013484464925,0.014990903396404744,0.014990903528882299,7.415182357028982e-11
1152,0.002495405,0.0020157989929430187,0.09593478700844571,2.495405,2.0157989929430187,95.93478700844571,11.936752357994024,11.93737310596255,11.937373106111252,0.005200038258130617,0.005200039503753501,4.598210701090011e-11
1153,0.002412741,0.0020715680002467707,0.0953569410048658,2.412741,2.0715680002467707,95.3569410048658,12.055265821198898,12.056553721109758,12.056553721503441,0.010682156283226388,0.010682159548183053,6.612688174811865e-11
1154,0.002424495,0.0019615339988376945,0.09446349000791088,2.424495,1.9615339988376945,94.46349000791088,6.44931473032084,6.449725018989291,6.449725018972703,0.006361335828169629,0.00636133557100262,3.29589688874421e-11
1155,0.002415747,0.001899316004710272,0.09551135799847543,2.415747,1.899316004710272,95.51135799847543,1.342220916392801,1.3428275838256525,1.3428275831794672,0.045178356488862904,0.04517830838936005,8.170300547227782e-11
1156,0.0024097249999999997,0.002196588000515476,0.0947468119993573,2.409725,2.196588000515476,94.7468119993573,-1.867386374673103,-1.8655657077885337,-1.865565707829095,0.09759328642074581,0.09759328424441308,3.11892733861896e-11
1157,0.002459678,0.0022234710049815476,0.09413085000414867,2.459678,2.2234710049815476,94.13085000414867,1.1993452516950107,1.1999981675190767,1.1999981670864663,0.05440973509283581,0.05440969906152996,1.8469009654964452e-10
1158,0.002434852,0.0020474190096138045,0.09553998499177396,2.434852,2.0474190096138045,95.53998499177396,11.260007686438037,11.261068146271242,11.26106814618769,0.009417044808100804,0.009417044066209796,2.363786943959667e-11
1159,0.0024143289999999998,0.00216162099968642,0.09481441999378148,2.414329,2.16162099968642,94.81441999378148,2.134115182516691,2.1377975547211676,2.137797554827042,0.17225074452650063,0.17225074947046976,2.6582069878600123e-11
1160,0.0024829279999999997,0.002023228007601574,0.09445956400304567,2.482928,2.023228007601574,94.45956400304567,11.497794201351574,11.49912922775593,11.499129227915098,0.011609804341817673,0.011609805725837244,8.871664514131794e-11
1161,0.002436344,0.001993956000660546,0.09517839200270828,2.436344,1.9939560006605461,95.17839200270828,10.449613418556247,10.450222006562772,10.450222005620567,0.005823684952748115,0.0058236759371533735,7.415859593074003e-11
1162,0.002500301,0.0020221369923092425,0.09541182599787135,2.500301,2.0221369923092425,95.41182599787135,11.61378946558224,11.615187356723332,11.61518735669766,0.012035028778792704,0.012035028557799112,5.6265769821095546e-11
1163,0.002420736,0.001993881000089459,0.09456272100214846,2.420736,1.9938810000894591,94.56272100214846,5.671065438237729,5.671710630813465,5.671710630766441,0.011375625763242232,0.011375624934244207,3.0875926815276955e-11
1164,0.002405384,0.00197870000556577,0.0943971730011981,2.405384,1.97870000556577,94.3971730011981,4.843773307832954,4.84468453803688,4.8446845382916806,0.01880886560871566,0.018808870867111697,6.320910461710127e-11
1165,0.00243071,0.001982348010642454,0.09647131599194836,2.43071,1.982348010642454,96.47131599194836,6.355491852732808,6.35640492888712,6.35640492935859,0.014364663115818375,0.014364670531995513,9.521927690769871e-11
1166,0.002423525,0.002068385001621209,0.09474185699946247,2.423525,2.068385001621209,94.74185699946247,7.512275833646623,7.51311161948869,7.5131116192807,0.011124363438170482,0.011124360670117212,6.161754440014988e-11
1167,0.002503635,0.0022139389911899343,0.09536301299522165,2.503635,2.2139389911899343,95.36301299522165,5.89451250008285,5.895154669307949,5.8951546692417836,0.010893170088347157,0.010893168966094463,6.152744980170155e-12
1168,0.0024277590000000003,0.0020754130091518164,0.15273714499198832,2.4277590000000004,2.0754130091518164,152.73714499198832,6.8655103669342985,6.8663494622747585,6.8663494623382455,0.012220399574332486,0.01222040049883007,3.631728251463073e-11
1169,0.0024273809999999997,0.001925978998770006,0.09546752501046285,2.4273809999999996,1.925978998770006,95.46752501046285,12.47041220911894,12.47157622590997,12.471576227882558,0.009333357467773758,0.009333373282962487,6.781911698894305e-10
1170,0.00249324,0.0020903889962937683,0.10206758600543253,2.4932399999999997,2.0903889962937683,102.06758600543253,1.1436647203082373,1.1446524924045285,1.1446524920109944,0.08629449573959512,0.08629446138903905,3.969413686633061e-11
1171,0.002423809,0.002161008000257425,0.09571890700317454,2.423809,2.161008000257425,95.71890700317454,5.016373727749887,5.0172946086076635,5.017294608591428,0.0183541316508879,0.018354131327348568,1.0651118875770749e-11
1172,0.002477386,0.0021016890095779672,0.09592038800474256,2.4773859999999996,2.1016890095779672,95.92038800474256,4.4636091883314535,4.464671140821562,4.464671140787946,0.023785682228606067,0.02378568147585676,1.6587509144017076e-11
1173,0.002473251,0.003963904993725009,0.09519878900027834,2.4732510000000003,3.9639049937250093,95.19878900027834,5.333401671376823,5.334618437352528,5.334618437383462,0.022808866088448346,0.022808866668179075,1.1538325850324327e-11
1174,0.002429753,0.0022106289980001748,0.09591170299972873,2.4297530000000003,2.2106289980001748,95.91170299972873,6.502482549312123,6.504328748944879,6.504328748712034,0.028384168513233856,0.028384164934405473,2.577801860859097e-11
1175,0.0024976630000000002,0.001977430991246365,0.09650453399808612,2.497663,1.977430991246365,96.50453399808612,3.0037706607991055,3.0045593347717414,3.0045593353412166,0.026249239397891602,0.026249258346615432,2.0089731093964058e-10
1176,0.002413612,0.0021151480032131076,0.09542569499171805,2.413612,2.1151480032131076,95.42569499171805,4.33983052067676,4.341015029407252,4.341015029497456,0.02728644619906867,0.027286448276435057,1.5606640979548558e-11
1177,0.002434991,0.002016340004047379,0.09427489999507088,2.434991,2.016340004047379,94.27489999507088,7.629449618138654,7.6304932134524535,7.630493213964453,0.01367664297190421,0.013676649680897887,6.307976363473244e-11
1178,0.002437393,0.0021659199992427602,0.09474858400062658,2.437393,2.1659199992427602,94.74858400062658,-2.5219378256907454,-2.521355146202364,-2.521355146162332,0.02310977449008992,0.02310977607817358,4.6692427702055284e-11
1179,0.002433873,0.001993653000681661,0.09431459200277459,2.433873,1.993653000681661,94.31459200277459,-1.3867972303207132,-1.3859410149117863,-1.385941015242011,0.061778632691765964,0.061778608850293563,7.450862149482873e-11
1180,0.002489147,0.002202823990955949,0.09378488799848128,2.489147,2.202823990955949,93.78488799848128,6.440643256655985,6.443994118078667,6.443994118015681,0.05199975917546159,0.05199975819853164,1.5584811219326866e-11
1181,0.002434837,0.001941135007655248,0.09554755700810347,2.434837,1.941135007655248,95.54755700810347,5.7428237991470255,5.743660772539165,5.743660772633998,0.01457212438696704,0.014572126037809089,8.35921887265556e-11
1182,0.002428922,0.0020856400078628212,0.09390911999798845,2.428922,2.085640007862821,93.90911999798845,6.7051427865537505,6.7077294124344355,6.707729412333169,0.038561869772058534,0.0385618682629413,9.296524661195349e-11
1183,0.002440162,0.00203903199872002,0.0938604430120904,2.440162,2.03903199872002,93.8604430120904,10.524714343868084,10.528211102475389,10.52821110213301,0.03321322657068476,0.03321322331975399,8.315681476744885e-11
1184,0.0024238790000000003,0.002154287009034306,0.09335097600705922,2.4238790000000003,2.154287009034306,93.35097600705922,4.072003051897404,4.072716765096089,4.072716765097979,0.017524253215981868,0.017524253262381176,7.68161922959365e-12
1185,0.002422692,0.0021534919942496344,0.09458151999569964,2.422692,2.1534919942496344,94.58151999569964,8.005133108120273,8.00716349044217,8.0071634905578,0.025357073379626907,0.025357074823344795,2.3833490736535623e-11
1186,0.0024206030000000003,0.0019872940029017627,0.09506930600036867,2.4206030000000003,1.9872940029017627,95.06930600036867,18.64698593757761,18.648522562427598,18.64852256238263,0.00823992809533642,0.008239927854228894,2.307474350482508e-11
1187,0.002429705,0.00201774800370913,0.09554688699427061,2.429705,2.01774800370913,95.54688699427061,-0.4944083098584251,-0.4933179688040994,-0.49331796898154323,0.22102196215737047,0.2210219261084044,4.3736125832083417e-11
1188,0.0024935680000000003,0.002203926007496193,0.09431190199393313,2.4935680000000002,2.203926007496193,94.31190199393313,15.50447118133344,15.506013221012758,15.506013221052967,0.00994478501558695,0.009944785274877419,3.046358998393117e-11
1189,0.0024053110000000003,0.0020959929970558733,0.09390683099627495,2.405311,2.0959929970558733,93.90683099627495,6.136060698425581,6.137587820231303,6.137587820643425,0.024881465658029147,0.024881472371079325,6.554889964149879e-11
1190,0.002419524,0.00216196000110358,0.09383381700899918,2.419524,2.16196000110358,93.83381700899918,10.331579673085425,10.332169146604315,10.332169147051623,0.005705225209977679,0.005705229539005225,1.0614437107037134e-10
1191,0.002423898,0.0020705130009446293,0.09461105898662936,2.423898,2.0705130009446293,94.61105898662936,-1.3141779151755557,-1.313344168003777,-1.3133441682837521,0.0634827634744068,0.06348274214314445,3.252756397564838e-11
1192,0.002402367,0.0020660300069721416,0.09476591099519283,2.402367,2.0660300069721416,94.76591099519283,11.429491471829671,11.430665513630707,11.430665513385136,0.010270983781619615,0.010270981633490514,4.058470226553368e-11
1193,0.002434316,0.001991867000469938,0.09382755399565212,2.4343160000000004,1.991867000469938,93.82755399565212,-3.6337701261403765,-3.632784015719377,-3.6327840156139324,0.027144757759685736,0.027144760663055826,2.3230251056105544e-11
1194,0.00242063,0.0022511549905175343,0.09325954999076203,2.42063,2.2511549905175343,93.25954999076203,7.868597364814502,7.869489895512647,7.869489894955393,0.01134165886221243,0.01134165178182216,7.001843549403475e-11
1195,0.002416663,0.0022791850060457364,0.09415409500070382,2.416663,2.2791850060457364,94.15409500070382,6.524799432761011,6.529473831557318,6.529473831492627,0.07158921096698426,0.07158920997693433,1.1224132734355408e-11
1196,0.002484081,0.002159378011128865,0.09368507900217082,2.4840809999999998,2.159378011128865,93.68507900217082,5.3354919958631974,5.336322153173818,5.336322153216297,0.01555673152391019,0.015556732319836442,1.5234813410813786e-11
1197,0.0024195180000000003,0.002103658000123687,0.0957073350000428,2.419518,2.103658000123687,95.7073350000428,-0.8010520059316306,-0.8003608172545817,-0.8003608170274532,0.08635963457329206,0.08635966297606751,8.614337021484175e-11
1198,0.002442432,0.0019367709901416674,0.09447772800922394,2.442432,1.9367709901416674,94.47772800922394,11.13991661706969,11.140697726050739,11.140697725994436,0.007011311142762703,0.007011310637413216,5.1809168066796474e-11
1199,0.002402403,0.0021329090086510405,0.09574922799947672,2.402403,2.1329090086510405,95.74922799947672,8.912872294781465,8.914034147082717,8.914034146884571,0.013033967360690223,0.01303396513813116,1.050102227395655e-10
1200,0.002423231,0.002055521006695926,0.09487669399823062,2.423231,2.055521006695926,94.87669399823062,6.354186073857992,6.354802746109591,6.354802746381459,0.00970403451116957,0.009704038788902337,4.493169725172663e-11
1201,0.0024810459999999998,0.0021051400108262897,0.09342283199657686,2.4810459999999996,2.1051400108262897,93.42283199657686,5.588711809289151,5.590671016968884,5.590671016851108,0.0350442312521293,0.03504422914621505,5.0187298761272814e-11
1202,0.0024233090000000002,0.0023070250026648864,0.09376408800017089,2.423309,2.3070250026648864,93.76408800017089,4.295417518044456,4.298781824815148,4.298781824982356,0.07826186365800389,0.07826186754463076,3.63484797816227e-11
1203,0.002427354,0.002152290995582007,0.09383983499719761,2.4273540000000002,2.152290995582007,93.83983499719761,5.629366476310153,5.6306432907839685,5.630643291129807,0.022676174068870222,0.02267618020956272,3.68816088780477e-11
1204,0.002430215,0.002055294011370279,0.09384205799142364,2.430215,2.055294011370279,93.84205799142364,3.9782233717675552,3.979382441890724,3.9793824419076813,0.029126884387072137,0.02912688481307199,1.5455969837319117e-11
1205,0.00247357,0.002130593013134785,0.09405270399292931,2.47357,2.130593013134785,94.05270399292931,-4.587185495217181,-4.586566077715695,-4.5865660776431945,0.01350503821357117,0.013505039794492888,5.0966231235349824e-11
1206,0.0024445170000000002,0.002147102990420535,0.09322247200179845,2.4445170000000003,2.147102990420535,93.22247200179845,6.981381235577171,6.981920140455813,6.981920140579874,0.007718576950190689,0.00771857872693954,3.3936409238322085e-11
1207,0.0024554750000000004,0.002055310003925115,0.09406371800287161,2.4554750000000003,2.055310003925115,94.06371800287161,11.440770671976765,11.442703250111443,11.442703250496418,0.01688917463326799,0.016889177997076166,5.613359777001392e-11
1208,0.002414632,0.0019984669925179332,0.09408272600558121,2.414632,1.9984669925179332,94.08272600558121,0.47474112154531056,0.47525891259195774,0.47525891258830555,0.10894925543284548,0.10894925466521954,8.340328427891563e-12
1209,0.0024914950000000003,0.002020818996243179,0.09363884000049438,2.4914950000000005,2.020818996243179,93.63884000049438,-0.31172798892154674,-0.31085520905989483,-0.3108552090430301,0.28076732710750285,0.28076733254800434,3.089525857369324e-11
1210,0.002427843,0.0020544279977912083,0.09454357301001437,2.4278429999999998,2.0544279977912083,94.54357301001437,7.666292515626715,7.667589259856236,7.667589259921481,0.016912020004902484,0.01691202085568557,2.550648581234327e-11
1211,0.002424484,0.0021121460013091564,0.09365790800075047,2.424484,2.1121460013091564,93.65790800075047,7.3685226447131384,7.370697743557095,7.3706977436278684,0.029510080587115347,0.02951008154703429,4.1573744447021e-11
1212,0.002458234,0.0020792139985132962,0.0945573869976215,2.458234,2.0792139985132962,94.5573869976215,2.879325358255336,2.8800578117537903,2.880057811726374,0.025431902632817475,0.02543190168112412,3.460171038582871e-11
1213,0.0024416579999999998,0.0020410769939189777,0.09446980099892244,2.441658,2.0410769939189777,94.46980099892244,8.282855910851357,8.283943075308958,8.283943075607855,0.013123755773283464,0.013123759380957707,5.806566338861785e-11
1214,0.002510557,0.0020262870093574747,0.09316078400297556,2.510557,2.0262870093574747,93.16078400297556,6.501134703801885,6.502253782138364,6.502253782175739,0.01721062225460526,0.017210622829300075,5.091038701721118e-11
1215,0.0024121230000000004,0.002269026997964829,0.09451678598998114,2.4121230000000002,2.269026997964829,94.51678598998114,0.1412170275350526,0.14546689263999824,0.14546689266192558,2.9215342596636074,2.9215342742969947,2.446703950553797e-11
1216,0.002423666,0.002033878001384437,0.09396040700084995,2.4236660000000003,2.033878001384437,93.96040700084995,-5.816735505786646,-5.815742265607984,-5.81574226568803,0.017078476543496843,0.017078475166890747,2.847388991256139e-11
1217,0.0024782930000000003,0.0021837179956492037,0.09554762099287473,2.4782930000000003,2.1837179956492037,95.54762099287473,1.1181109826789424,1.1188102260408996,1.118810226122097,0.062498835430888904,0.062498842683819014,5.306505235225245e-11
1218,0.002415802,0.0022971510043134913,0.09392374601156916,2.415802,2.2971510043134913,93.92374601156916,-0.5946536570455052,-0.5937898307546448,-0.59378983078674,0.14547677412437765,0.14547676871136705,3.5998315439655926e-11
1219,0.002482724,0.0021813719940837473,0.09311448100197595,2.482724,2.1813719940837473,93.11448100197595,-2.85057089864123,-2.8491785695296272,-2.8491785694934713,0.048867737757580416,0.04886773902719672,6.637512761642483e-11
1220,0.002414967,0.002231316000688821,0.09407535400532652,2.414967,2.231316000688821,94.07535400532652,0.8991364223301517,0.9000446862351055,0.9000446862180276,0.10091320118260731,0.10091319928707246,5.844369432850272e-11
1221,0.00241968,0.0021166469960007817,0.09338686500268523,2.41968,2.1166469960007817,93.38686500268523,10.864057063052975,10.867204798360206,10.867204798270123,0.028965454922736174,0.02896545409403628,1.7111756456245075e-11
1222,0.002487834,0.002128462991095148,0.09450099899549969,2.487834,2.128462991095148,94.50099899549969,3.697639209686699,3.698415582111373,3.698415581966607,0.02099202773288936,0.0209920238194409,6.557188125810853e-11
1223,0.002419267,0.0019834639970213175,0.09412938199238852,2.419267,1.9834639970213175,94.12938199238852,13.943869697970602,13.945109740625796,13.945109740595868,0.008892311916209601,0.008892311701615386,2.8968133447548894e-11
1224,0.002426505,0.0019472860003588721,0.09355185000458732,2.4265049999999997,1.9472860003588721,93.55185000458732,7.3795057578536785,7.38075114026914,7.380751142385428,0.016873383098735546,0.01687341176696266,3.803518333622691e-10
1225,0.002408734,0.002116853996994905,0.09454398200614378,2.408734,2.116853996994905,94.54398200614378,9.175641206571697,9.17633320168779,9.17633320160219,0.007541085321151335,0.007541084388397191,6.772482574746164e-11
1226,0.002410629,0.002079014986520633,0.09322647399676498,2.410629,2.079014986520633,93.22647399676498,7.154463858656555,7.155519440868449,7.15551944064574,0.01475199977607386,0.014751996664124963,8.338463253210193e-11
1227,0.002451509,0.0020849870052188635,0.0992473410005914,2.451509,2.0849870052188635,99.2473410005914,-0.6810675386467544,-0.6801104263011517,-0.6801104263687208,0.14072896232572793,0.14072895237673316,2.18724899303524e-11
1228,0.002512304,0.0020654690015362576,0.09479117799492087,2.512304,2.0654690015362576,94.79117799492087,7.0532772352551945,7.054148132230694,7.054148132612809,0.012345884423945843,0.012345889840170305,7.463196727286459e-11
1229,0.00242617,0.002145885009667836,0.09463431700714864,2.42617,2.145885009667836,94.63431700714864,3.4762687450587286,3.4775010610373442,3.477501061054543,0.035436825380809944,0.03543682587520497,1.0318579324319899e-11
1230,0.0024851219999999998,0.00201924100110773,0.09440479701152071,2.4851219999999996,2.01924100110773,94.40479701152071,4.795001923372318,4.795998326027558,4.795998326325837,0.020775708987056617,0.02077571520508976,1.1035106162182728e-10
1231,0.002453978,0.0019713239889824763,0.09437388699734583,2.4539779999999998,1.9713239889824763,94.37388699734583,1.8504349003242027,1.8517316488212359,1.8517316489495528,0.07002896439441876,0.07002897131912912,1.798317050827336e-11
1232,0.0024188120000000002,0.0019962459919042885,0.09328591900703032,2.4188120000000004,1.9962459919042885,93.28591900703032,4.2472793286133665,4.248601712194883,4.248601712264712,0.03112514825103849,0.031125149894093262,4.245515050627091e-11
1233,0.002415343,0.0019688460015458986,0.09560934899491258,2.415343,1.9688460015458986,95.60934899491258,1.6620619126984266,1.6625547316578562,1.6625547316283225,0.029642269817975596,0.029642268042096954,5.333986030642279e-11
1234,0.0024154859999999997,0.001958070002729073,0.09313945200119633,2.4154859999999996,1.9580700027290732,93.13945200119633,3.912212853001293,3.9131379811679423,3.913137981226299,0.023641593296775038,0.02364159478772881,5.471018083014201e-11
1235,0.002491961,0.002055573000689037,0.09408800699748099,2.491961,2.055573000689037,94.08800699748099,14.119668436567526,14.121582240310644,14.121582240259826,0.013552332242596044,0.013552331882784173,2.9736019202530883e-11
1236,0.002502825,0.0019952329894294962,0.09297318500466645,2.502825,1.9952329894294962,92.97318500466645,5.76788078497243,5.768863428110386,5.768863427560525,0.017033565626941655,0.017033556097041224,6.476108538322478e-11
1237,0.002450049,0.0020327870006440207,0.09337267900991719,2.4500490000000004,2.0327870006440207,93.37267900991719,15.373230166621958,15.374848369538185,15.37484836950264,0.01052500081518016,0.010525000584015868,3.1053715154882866e-11
1238,0.002423354,0.002071799011901021,0.09556905199133325,2.423354,2.071799011901021,95.56905199133325,5.313132841290546,5.313991899191645,5.3139918992413335,0.01616596181168191,0.016165962746576466,2.2064627902551592e-11
1239,0.002418692,0.002037692000158131,0.09501930698752403,2.418692,2.037692000158131,95.01930698752403,10.925602179967363,10.927805877353904,10.927805877066376,0.02016596388400292,0.020165961253371997,9.573686288177896e-11
1240,0.002487202,0.001974126003915444,0.09498097699542996,2.487202,1.974126003915444,94.98097699542996,1.3426848373092533,1.343105081390469,1.3431050814202976,0.03128899495940456,0.031288997179577165,2.0392132427105025e-11
1241,0.002461824,0.0019431550026638433,0.09555413700581994,2.461824,1.9431550026638433,95.55413700581994,-0.30317792834821944,-0.30213418732464703,-0.3021341872174901,0.34545611432277135,0.34545614991196805,7.860223583122661e-11
1242,0.002421381,0.0021438550029415637,0.0956229729927145,2.421381,2.1438550029415637,95.6229729927145,11.08437762959785,11.085536385313723,11.085536385248574,0.010452861057848581,0.01045286047021032,5.248146361935824e-11
1243,0.002485454,0.001979631997528486,0.09524598500865977,2.485454,1.979631997528486,95.24598500865977,5.000543468205468,5.002634599325592,5.002634599437101,0.04180059683764445,0.041800599065718695,1.1756151607755783e-10
1244,0.002415858,0.002081842001643963,0.09543771999597084,2.415858,2.081842001643963,95.43771999597084,8.940429093229092,8.941769624826762,8.941769624531489,0.014991793055681104,0.014991789753998272,6.826966769679643e-11
1245,0.002495542,0.002106758998706937,0.09548546999576502,2.495542,2.106758998706937,95.48546999576502,-0.7326682895296059,-0.7315146288720555,-0.7315146290708903,0.15770848757040826,0.15770846034630392,7.45815631475466e-11
1246,0.002424438,0.002130458000465296,0.09416676199180074,2.4244380000000003,2.130458000465296,94.16676199180074,14.055968441492936,14.059019840501431,14.059019840303009,0.021704208708094364,0.021704207297046172,3.6294751926124746e-11
1247,0.002470977,0.0020188780035823584,0.09402835099899676,2.470977,2.0188780035823584,94.02835099899676,17.307352762596288,17.30844181900575,17.30844181894846,0.006292053443346229,0.006292053112366373,3.977027041024428e-11
1248,0.002478295,0.0020299999887356535,0.09403086199017707,2.478295,2.0299999887356535,94.03086199017707,1.437459810634774,1.4379781445309874,1.4379781446917477,0.03604602046176603,0.036046031637342435,1.0387990467819463e-10
1249,0.002441672,0.0020525730069493875,0.09414423799898941,2.441672,2.0525730069493875,94.14423799898941,9.302357841278262,9.304890947637663,9.304890947417395,0.027223385783409628,0.027223383416823226,6.433925614501845e-11
1250,0.00248938,0.0020785319939022884,0.0982015139888972,2.4893799999999997,2.0785319939022884,98.2015139888972,4.796885561021519,4.797824853122599,4.797824853492891,0.01957745707346295,0.019577464789871095,6.321959622468398e-11
1251,0.0024187469999999997,0.0020968430035281926,0.09741533199849073,2.4187469999999998,2.0968430035281926,97.41533199849073,0.04254920360679648,0.04347019435418176,0.04347019395898144,2.1186717958547097,2.1186709059867703,7.880152086414682e-11
1252,0.002506451,0.0021681790094589815,0.10425441300321836,2.5064509999999998,2.1681790094589815,104.25441300321836,11.89186206265984,11.895013451181207,11.895013451151272,0.026493358198380525,0.02649335794678573,2.0330848116145717e-11
1253,0.002492694,0.002019862993620336,0.09519231200101785,2.492694,2.019862993620336,95.19231200101785,-0.815935428854722,-0.8136567375493762,-0.8136567376369825,0.2800556057839536,0.2800555949868067,2.4980573165578335e-11
1254,0.002441781,0.001970155004528351,0.09456004000094254,2.441781,1.9701550045283511,94.56004000094254,3.332445955485724,3.3332322573207023,3.3332322574246653,0.023589770357320256,0.023589773475570886,4.199351977263177e-11
1255,0.002417018,0.0019887550006387755,0.09361653900123201,2.417018,1.9887550006387755,93.61653900123201,4.238803015259645,4.240101848110228,4.240101848112484,0.030632114442304875,0.03063211449549421,7.29109550512419e-11
1256,0.002512261,0.0019966969994129613,0.09318672100198455,2.512261,1.9966969994129613,93.18672100198455,12.873322318791544,12.874103985875237,12.874103985815836,0.006071623194520537,0.006071622733146556,7.013478686701546e-11
1257,0.002456098,0.002203088006353937,0.09408643700589892,2.456098,2.203088006353937,94.08643700589892,5.259872026618883,5.260784976161705,5.260784976084338,0.01735386538243783,0.017353863912048524,1.808261873570416e-11
1258,0.002418977,0.0020634940010495484,0.09576715900038835,2.418977,2.0634940010495484,95.76715900038835,3.5165247297356252,3.518558353758319,3.518558353474994,0.05779708102671412,0.057797072979054225,8.46898662310025e-11
1259,0.002408286,0.0020392719889059663,0.09454633000132162,2.408286,2.0392719889059663,94.54633000132162,4.458136939021692,4.459499207439006,4.459499207518665,0.03054756496068297,0.030547566746412902,2.8919755479250853e-11
1260,0.002499304,0.001973137987079099,0.09521563499583863,2.499304,1.9731379870790988,95.21563499583863,0.269354002188841,0.27068161198167573,0.27068161163770554,0.490469146801381,0.4904690203490831,1.2116330161404676e-10
1261,0.0024294219999999997,0.0019934860029025003,0.09523861399793532,2.4294219999999997,1.9934860029025003,95.23861399793532,8.457456224554782,8.45816363419285,8.458163634491875,0.008363631500435129,0.008363635035479006,1.0477042497458733e-10
1262,0.0024817809999999997,0.002025748006417416,0.09386410999286454,2.481781,2.025748006417416,93.86410999286454,4.1062831011200664,4.107297713060635,4.1072977131687445,0.024702663684266907,0.02470266631573847,1.9551804619766244e-11
1263,0.00243217,0.0020346809906186536,0.09570899201207794,2.43217,2.0346809906186536,95.70899201207794,6.418551304928613,6.419611795466224,6.419611795443757,0.0165195431032172,0.016519542753294952,2.277170119135974e-11
1264,0.002430381,0.002000444001168944,0.0941918119933689,2.430381,2.000444001168944,94.1918119933689,5.335170581517392,5.336270475949661,5.336270476144438,0.02061166946514109,0.020611673114457246,5.261008295676106e-11
1265,0.0025104560000000003,0.0020276760042179376,0.09360240500245709,2.5104560000000005,2.0276760042179376,93.60240500245709,4.654233414378417,4.656202804472407,4.6562028040951375,0.04229605489044066,0.04229604679134755,5.6853077801122254e-11
1266,0.0024348069999999998,0.002246880001621321,0.09323739900719374,2.4348069999999997,2.246880001621321,93.23739900719374,13.446277698082099,13.447948216304752,13.447948215308706,0.012422104813191346,0.012422097407435712,1.2601228394082398e-10
1267,0.002450988,0.002088616995024495,0.09417931200005114,2.4509879999999997,2.088616995024495,94.17931200005114,14.741114989972708,14.7460796312164,14.746079631476071,0.03366753311966607,0.033667534880025274,4.224820493448078e-11
1268,0.0024265120000000005,0.0021038429986219853,0.09333309500652831,2.4265120000000007,2.1038429986219853,93.33309500652831,3.604759950179396,3.6054996344400223,3.605499634462607,0.02051544406108607,0.02051544468735066,7.835876392192631e-11
1269,0.002442393,0.0020680089946836233,0.09528639999916777,2.442393,2.0680089946836233,95.28639999916777,3.9882679718926966,3.989009188119116,3.9890091882325898,0.018581461998813657,0.018581464842943228,2.2501223106985435e-11
1270,0.002510879,0.0020819579949602485,0.0949220949987648,2.510879,2.0819579949602485,94.9220949987648,9.035352109353411,9.036049430008056,9.03604942986371,0.007717096503799917,0.007717094906468933,6.572417957095844e-11
1271,0.0024132560000000003,0.002035187993897125,0.09578198101371527,2.4132560000000005,2.035187993897125,95.78198101371527,4.403517661258348,4.4044153590585395,4.404415358559678,0.02038176981525641,0.020381758491171843,1.0256678839581923e-10
1272,0.002471463,0.002045464003458619,0.0944307879981352,2.471463,2.045464003458619,94.4307879981352,7.293909640667778,7.2953726111899115,7.295372611101332,0.020053403713607254,0.020053402499659017,5.2680415585371065e-11
1273,0.002420016,0.0020954709907528013,0.09505753799749073,2.420016,2.0954709907528013,95.05753799749073,6.508839874862954,6.509608092548692,6.509608092599677,0.011801289337494808,0.01180129012062916,1.1654698039986755e-11
1274,0.002411956,0.002013755001826212,0.0946844330028398,2.411956,2.013755001826212,94.6844330028398,-0.40383434883763414,-0.40327279904545676,-0.40327279889584133,0.13924812025669903,0.1392481574086637,1.7419149456188165e-11
1275,0.002483851,0.002157494003768079,0.09486658099922352,2.483851,2.157494003768079,94.86658099922352,10.42089112007092,10.421776355452579,10.421776355412796,0.008494093055414226,0.008494092673714341,1.0674169881319528e-11
1276,0.0024259259999999997,0.0020731159893330187,0.09501463900960516,2.4259259999999996,2.0731159893330187,95.01463900960516,5.3968608868016545,5.398547512310277,5.398547512536453,0.031242209219722226,0.03124221340799227,1.0302387415395131e-10
1277,0.002432874,0.0021742980025010183,0.09386126599565614,2.432874,2.1742980025010183,93.86126599565614,22.198453384532307,22.199430337672304,22.19943033779642,0.004400802746451159,0.004400803305529212,4.843681011834633e-11
1278,0.002491409,0.002039650993538089,0.09363194400793873,2.491409,2.039650993538089,93.63194400793873,19.436138508772856,19.436755980047696,19.436755980193304,0.0031768226934244395,0.003176823442537844,5.8025251270521494e-11
1279,0.002409418,0.0021083769970573485,0.09346071499749087,2.409418,2.1083769970573485,93.46071499749087,7.482271817874498,7.484414461024006,7.484414460861185,0.028628066506284956,0.02862806433144207,3.158739936282018e-11
1280,0.002431948,0.0020677599968621507,0.093556552004884,2.431948,2.0677599968621507,93.556552004884,11.317418163997193,11.319685242216927,11.319685242179332,0.020027749634586887,0.020027749302534485,3.197148101818925e-11
1281,0.00243182,0.0020525489962892607,0.09343239299778361,2.43182,2.0525489962892607,93.43239299778361,10.618218114703481,10.620944462414144,10.62094446248733,0.02566954116285093,0.025669541851745553,4.5800974124432514e-11
1282,0.002433045,0.002058586003840901,0.09340173901000526,2.433045,2.058586003840901,93.40173901000526,4.955880097999987,4.957218121977874,4.957218121816165,0.02699142835685818,0.026991425095649637,3.749889287973929e-11
1283,0.002486933,0.0020030889863846824,0.09344780599349178,2.486933,2.0030889863846824,93.44780599349178,12.128114631398319,12.131017217408314,12.131017216651447,0.023926979559716153,0.023926973322106717,6.412326225557763e-11
1284,0.002425509,0.0019336480036145076,0.093003255999065,2.4255090000000004,1.9336480036145076,93.003255999065,12.364076799261667,12.364563689580319,12.364563689728701,0.003937788108621569,0.003937789308638005,4.9376169819481674e-11
1285,0.0024189619999999998,0.0020647719939006492,0.09371436601213645,2.4189619999999996,2.0647719939006492,93.71436601213645,6.463290609914463,6.464535971774762,6.46453597158936,0.01926452054310558,0.01926451767567318,8.45003719773807e-11
1286,0.002486157,0.002038343998719938,0.09381237499474082,2.486157,2.038343998719938,93.81237499474082,3.797214136551723,3.7979467827743463,3.7979467828126943,0.01929058684934911,0.019290587858857563,4.6033177270032866e-11
1287,0.002419261,0.001949070006958209,0.09330302299349569,2.4192609999999997,1.949070006958209,93.30302299349569,-4.688141467766634,-4.687649079157698,-4.6876490795664125,0.010503956260842752,0.010503947540954295,7.468008156319428e-11
1288,0.002490808,0.0019967430125689134,0.09385220700642094,2.4908080000000004,1.9967430125689134,93.85220700642094,2.043524466337093,2.045074800605466,2.0450748003989148,0.0758081938085555,0.07580818371627732,3.926836633638686e-11
1289,0.00240864,0.0021416489908006042,0.09363710400066338,2.40864,2.1416489908006042,93.63710400066338,1.2852633043551123,1.2860963627997641,1.286096362770607,0.06477418557022774,0.06477418330459385,1.1539907918134418e-11
1290,0.002427139,0.002000228996621445,0.09391217300435528,2.427139,2.000228996621445,93.91217300435528,5.289156474212902,5.289980537989777,5.289980537742004,0.01557782246942253,0.015577817786328557,7.060341200570974e-11
1291,0.002499681,0.0021709629945689812,0.09402165899518877,2.4996810000000003,2.1709629945689812,94.02165899518877,14.341161262014396,14.341859595672112,14.341859595831394,0.004869198816638574,0.004869199927196158,3.6871727893128536e-11
1292,0.002438712,0.002065812994260341,0.09315711200179067,2.438712,2.065812994260341,93.15711200179067,16.20864943563429,16.214603855436927,16.214603855709132,0.036722573401886845,0.036722575080037054,9.89435200438038e-11
1293,0.002504018,0.0020060560054844245,0.09339100899524055,2.5040180000000003,2.0060560054844245,93.39100899524055,0.21981486165994468,0.2208291973724421,0.22082919734174666,0.4593304348186745,0.4593304209824368,2.825253919702675e-11
1294,0.002412215,0.001904734002891928,0.09328535399981774,2.412215,1.904734002891928,93.28535399981774,7.234443746132705,7.235276769675444,7.235276769729868,0.011513361122974216,0.011513361875091329,4.7692697013879126e-11
1295,0.002416422,0.002071730006719008,0.09264638100285083,2.4164220000000003,2.071730006719008,92.64638100285083,0.6062841262130654,0.6070361986172266,0.6070361986425539,0.12389251347355393,0.12389251764067233,1.593884746409202e-11
1296,0.0024655550000000004,0.002073388997814618,0.09341653498995584,2.465555,2.073388997814618,93.41653498995584,-3.0533816499576893,-3.0521481711116323,-3.0521481708578513,0.04041346543171981,0.040413473749912235,8.838796361487766e-11
1297,0.002414028,0.002113633992848918,0.09273838100489229,2.414028,2.113633992848918,92.73838100489229,6.311442720417965,6.312983722705226,6.312983722739858,0.02441004689619505,0.024410047444642518,1.5987211554602254e-11
1298,0.002457219,0.001997229002881795,0.09357002700562589,2.4572190000000003,1.9972290028817952,93.57002700562589,16.794316703688235,16.795299975601147,16.79529997576622,0.00585444686513426,0.005854447847930783,6.005551611565352e-11
1299,0.002421311,0.002087368004140444,0.09302124500391074,2.421311,2.087368004140444,93.02124500391074,6.106480174323853,6.107236624937613,6.107236624652053,0.012386135665215587,0.012386130990029939,6.631933890943742e-11
1300,0.002420013,0.002055932010989636,0.09319699999468867,2.420013,2.055932010989636,93.19699999468867,12.236484054270793,12.23722860629383,12.237228606167825,0.006084318982594739,0.006084317952979017,3.4790392788863755e-11
1301,0.002443028,0.002024839006480761,0.09473536600125954,2.443028,2.024839006480761,94.73536600125954,11.865180935197216,11.865647836812318,11.865647837047387,0.0039349020089190605,0.0039349039899284986,1.0443867992648848e-10
1302,0.0024380039999999997,0.002244782997877337,0.0937353950139368,2.438004,2.244782997877337,93.7353950139368,4.748655371680787,4.750171795368253,4.750171795354344,0.031923554616376006,0.031923554323661674,7.101652599317276e-12
1303,0.0024121389999999998,0.0022082700015744194,0.09521587999188341,2.412139,2.2082700015744194,95.21587999188341,3.5129842439788668,3.5137364266623266,3.513736426754214,0.021406918223922444,0.02140692083845311,1.980937636147928e-11
1304,0.0024448539999999998,0.0020837189949816093,0.09397217800142244,2.444854,2.0837189949816093,93.97217800142244,3.8237506192031354,3.8244574141598626,3.8244574141299843,0.018480921087272013,0.018480920306172974,6.417422149240792e-12
1305,0.002407341,0.0019867789960699156,0.09353146598732565,2.4073409999999997,1.9867789960699156,93.53146598732565,7.038970273652346,7.039652330330121,7.039652330648622,0.009688783561599306,0.009688788085543208,7.398393009339088e-11
1306,0.0024224199999999998,0.001935706997755915,0.09418862000165973,2.42242,1.935706997755915,94.18862000165973,9.405266792028527,9.406055582174986,9.406055581949396,0.008385982195908965,0.00838597979775925,4.9668713586470403e-11
1307,0.0024268370000000003,0.0019386010098969564,0.09431930600840133,2.4268370000000004,1.9386010098969564,94.31930600840133,4.712589060672549,4.714692805125431,4.7146928056150195,0.04462102919185973,0.044621039571546686,8.617795366205883e-11
1308,0.002435778,0.0020012110035168007,0.09463997599959839,2.435778,2.0012110035168007,94.63997599959839,5.8624710902284,5.863030896722009,5.863030896812457,0.00954807340213312,0.009548074944678315,4.7181036855192815e-11
1309,0.00248801,0.0020924170094076544,0.09394215300562792,2.48801,2.0924170094076544,93.94215300562792,10.765112384414689,10.766733252544526,10.766733252521185,0.015054409650710365,0.015054409433951815,2.8870641988198997e-11
1310,0.002421225,0.0019770710059674457,0.09410668100463226,2.4212249999999997,1.9770710059674457,94.10668100463226,9.942702052546593,9.944209929093404,9.944209929007283,0.015163361972064323,0.015163361106150653,4.0765626985184156e-11
1311,0.002423976,0.0020270740060368553,0.09535824898921419,2.423976,2.0270740060368553,95.35824898921419,0.19940377999554926,0.20086228561450525,0.2008622854864015,0.7261221859016178,0.7261221225878107,2.2377988351252043e-11
1312,0.002410042,0.0019373560062376782,0.09423063299618661,2.410042,1.9373560062376782,94.23063299618661,-2.112881036709588,-2.112097601631362,-2.112097601627017,0.03709274976785989,0.037092749973654374,5.7486015947461055e-11
1313,0.002427752,0.002089522997266613,0.09428424699581228,2.427752,2.089522997266613,94.28424699581228,12.610530268108157,12.614143318535,12.61414331859531,0.028642852198562208,0.028642852676546256,7.59832752272871e-11
1314,0.002476835,0.002085680011077784,0.09398209700884763,2.4768350000000003,2.085680011077784,93.98209700884763,9.03588150221518,9.036910205606592,9.036910205572816,0.01138335302672654,0.011383352653016907,8.141376461878735e-11
1315,0.0024306220000000003,0.002064927000901662,0.09307881600398105,2.4306220000000005,2.064927000901662,93.07881600398105,2.385062918605634,2.3866995164502285,2.3866995164162184,0.06857159157717617,0.06857159015316756,3.599024203659873e-11
1316,0.002449283,0.002065356995444745,0.09305822399619501,2.449283,2.065356995444745,93.05822399619501,7.015587493957138,7.018107355704551,7.018107355725526,0.035905146782404945,0.03590514708117054,6.953759790206959e-11
1317,0.002430519,0.0019782510062213987,0.09392235899576917,2.430519,1.9782510062213987,93.92235899576917,7.7632415538926836,7.765129567905763,7.765129568292693,0.02431400527923052,0.024314010260931315,7.668310431085956e-11
1318,0.0024276289999999997,0.002159603012842126,0.0946042380091967,2.4276289999999996,2.159603012842126,94.6042380091967,6.128678778017331,6.1307037293238835,6.130703729316227,0.03302967156717495,0.03302967144233497,1.1497691687623046e-11
1319,0.002400163,0.001857854993431829,0.09316760300134774,2.400163,1.857854993431829,93.16760300134774,-3.0556207124795947,-3.0551577040493036,-3.055157704520745,0.015154976441227272,0.015154961007883237,9.871645861858624e-11
1320,0.002405727,0.0020067500008735806,0.09456157599925064,2.4057269999999997,2.0067500008735806,94.56157599925064,6.561104092577729,6.561709842718031,6.561709842837068,0.009231589857242855,0.009231591671194373,1.7089218928845185e-11
1321,0.002424019,0.0020111569901928306,0.09530723499483429,2.424019,2.0111569901928306,95.30723499483429,1.3379908392576318,1.3388677774385904,1.338867777382724,0.06549849027185192,0.06549848610192328,7.036032867446806e-11
1322,0.0024242730000000002,0.0019934820011258125,0.09446164699329529,2.4242730000000003,1.9934820011258125,94.46164699329529,-0.5345119641192149,-0.5336393856768957,-0.5336393854133732,0.1635146253705234,0.16351467483340829,6.780620509516666e-11
1323,0.00241783,0.0020223689934937283,0.095555379986763,2.4178300000000004,2.0223689934937283,95.555379986763,20.68881494350618,20.69290641040733,20.692906410926206,0.019772316271096848,0.01977231877811438,7.950162750347545e-11
1324,0.0024003979999999998,0.002058995989500545,0.09349230999941938,2.4003979999999996,2.058995989500545,93.49230999941938,6.456670823708816,6.4573489886569995,6.45734898903541,0.010502219244693165,0.01050222510422548,6.681721842483057e-11
1325,0.002441016,0.00201897400256712,0.09548955599893816,2.441016,2.01897400256712,95.48955599893816,5.761346452798357,5.763148625048117,5.7631486248613015,0.031270619014197504,0.03127061577365158,4.1949610452007846e-11
1326,0.002435143,0.002141005010344088,0.09570900199469179,2.435143,2.141005010344088,95.70900199469179,3.1338961179293854,3.134413895345169,3.1344138952775644,0.016519114356676495,0.016519112200183348,1.7309764732686972e-11
1327,0.0025034009999999997,0.0020636920089600608,0.09404950399766676,2.5034009999999998,2.0636920089600608,94.04950399766676,12.806089137604157,12.80703099457061,12.807030994942288,0.007354217904616901,0.007354220806542147,4.2255692868364836e-11
1328,0.002429012,0.0019645600114017725,0.09317162999650463,2.4290119999999997,1.9645600114017725,93.17162999650463,7.511548402941198,7.512546581680304,7.5125465822791995,0.013286822627367694,0.013286830598241152,9.61208890259968e-11
1329,0.00241303,0.001997031009523198,0.09367547799774911,2.41303,1.997031009523198,93.67547799774911,4.345225973076403,4.346124126570679,4.346124126842547,0.02066561994364699,0.02066562619776377,6.352129933162587e-11
1330,0.002430104,0.0019288440089439973,0.09345655499782879,2.430104,1.9288440089439973,93.45655499782879,9.391339109178428,9.391880529860604,9.391880530139971,0.005764773949732916,0.005764776924126962,1.455079390311198e-10
1331,0.0024133009999999996,0.0020039779919898137,0.09400534600717947,2.4133009999999997,2.0039779919898137,94.00534600717947,6.014775791814493,6.0163798894569105,6.016379889670024,0.0266621734646148,0.026662177005884895,4.3515857583997786e-11
1332,0.002418651,0.002131417000782676,0.09378415399987716,2.418651,2.131417000782676,93.78415399987716,-1.609852303574396,-1.6092586334750543,-1.6092586332017085,0.03689090659465083,0.036890923586738025,4.1802672434698707e-11
1333,0.002427673,0.001975854000193067,0.09318341099424288,2.427673,1.975854000193067,93.18341099424288,2.4527132413261583,2.453369666914881,2.453369666857075,0.02675608154673872,0.026756079191172892,8.457112787851884e-11
1334,0.002423042,0.0019836760038742796,0.09380214400880504,2.4230419999999997,1.9836760038742796,93.80214400880504,8.876028661252082,8.876950218326563,8.876950218227673,0.01038146043196403,0.010381459318073372,1.452030162774065e-11
1335,0.002419039,0.0019275749946245924,0.0934762949909782,2.419039,1.9275749946245924,93.4762949909782,5.535528437297547,5.536046515996649,5.536046515866559,0.009358279371477629,0.009358277021830778,6.55924203840641e-11
1336,0.002394967,0.002011625998420641,0.09314022399485111,2.394967,2.011625998420641,93.14022399485111,-0.374359125341023,-0.37357561892156355,-0.37357561899353087,0.20973167941775198,0.2097316601128896,1.7828960530152926e-11
1337,0.00241351,0.002027768990956247,0.09419778700976167,2.4135099999999996,2.027768990956247,94.19778700976167,11.83657679390025,11.838034008181854,11.83803400819954,0.01230959702089998,0.012309597170276403,6.425586278335782e-11
1338,0.0024764490000000004,0.002136741008143872,0.09371367499988992,2.4764490000000006,2.136741008143872,93.71367499988992,-1.617159751614622,-1.616607918840561,-1.6166079187978575,0.034135226459659364,0.03413522910211799,3.912181689713634e-11
1339,0.002422666,0.0019763019954552874,0.09373609800240956,2.422666,1.9763019954552874,93.73609800240956,3.5089213223437454,3.51030147892876,3.51030147903154,0.0393173234065249,0.03931732633332754,9.456976868271738e-11
1340,0.002448593,0.002039484999841079,0.09350519999861717,2.4485930000000002,2.039484999841079,93.50519999861717,13.675842927732507,13.677002765317997,13.677002765381747,0.008480202902578282,0.008480203368648877,1.3853841684952073e-11
1341,0.002426021,0.002021853011683561,0.09379327300121076,2.426021,2.021853011683561,93.79327300121076,7.850096419917193,7.850943380773689,7.850943381074053,0.01078801381461957,0.010788017640042327,3.0120739236139116e-11
1342,0.002433664,0.0020180660067126155,0.09354133500892203,2.433664,2.0180660067126155,93.54133500892203,9.408711910937996,9.409574705573121,9.409574705540653,0.00916932658618863,0.009169326241164821,9.645328979956957e-11
1343,0.002467176,0.002002915003686212,0.09376583000994287,2.4671760000000003,2.002915003686212,93.76583000994287,-3.3280066406838458,-3.3271828430690746,-3.3271828429460157,0.024759613571800187,0.02475961727130728,2.945943489152114e-11
1344,0.0024211420000000003,0.001960996989510022,0.09395500700338744,2.421142,1.960996989510022,93.95500700338744,5.703250923313341,5.704565262222758,5.704565261939795,0.02304012398842579,0.02304011902927854,6.638067873154796e-11
1345,0.002412351,0.0019335440010763705,0.09385134300100617,2.412351,1.9335440010763705,93.85134300100617,6.03208167093544,6.032965930211773,6.0329659306818115,0.014657123652974367,0.014657131442995757,6.556020171188948e-10
1346,0.002425713,0.0020505709981080145,0.09285371800069697,2.425713,2.0505709981080145,92.85371800069697,8.667074009501523,8.667965909995228,8.667965910203243,0.010289616998575257,0.010289619398140932,3.528966008303769e-11
1347,0.00241801,0.002028172995778732,0.09422476099280175,2.4180099999999998,2.028172995778732,94.22476099280175,-1.5780897027002645,-1.5756140603307323,-1.5756140603850355,0.15712238370179205,0.15712238024989653,4.597781183557359e-11
1348,0.002477761,0.0019675319927046075,0.09379190800245851,2.477761,1.9675319927046075,93.79190800245851,-0.24646000511885546,-0.2454511111311426,-0.24545111138632336,0.4110366349793473,0.4110365305880286,1.1871181815337195e-10
1349,0.002418705,0.0019948020053561777,0.09452651599713136,2.418705,1.9948020053561777,94.52651599713136,3.8069443416376636,3.807657931736035,3.8076579314740506,0.018740919251795628,0.018740912372629523,2.997307957386397e-11
1350,0.002421366,0.0020721030014101416,0.09422008499677759,2.421366,2.0721030014101416,94.22008499677759,12.260956337391686,12.262285541466323,12.26228554156549,0.010839774283037045,0.01083977509166401,4.59368099114954e-11
1351,0.002431781,0.0020281949982745573,0.09392255400598515,2.431781,2.0281949982745573,93.92255400598515,-0.10256106388962394,-0.10191481679185799,-0.10191481701464511,0.6341051459532032,0.634104925965734,6.212835801377992e-11
1352,0.002453705,0.0020217010023770854,0.09405213700665627,2.4537050000000002,2.0217010023770854,94.05213700665627,0.3098771082771705,0.3105456046312369,0.3105456041659451,0.21526511536372378,0.21526496585582933,7.261177770168104e-11
1353,0.0024339419999999997,0.002057865000097081,0.09444710898969788,2.4339419999999996,2.057865000097081,94.44710898969788,2.85360575187779,2.8541542437882406,2.854154244231868,0.019217318462872134,0.01921733400310107,5.8164362215507026e-11
1354,0.0024263669999999996,0.0019008050003321841,0.0939617330004694,2.4263669999999995,1.9008050003321841,93.9617330004694,9.757389007843162,9.759049254559361,9.759049254966108,0.017012381768881254,0.01701238593606423,1.3813838961596048e-10
1355,0.0024328320000000002,0.0020568140025716275,0.09425278101116419,2.4328320000000003,2.0568140025716275,94.25278101116419,10.514229149014522,10.515476798120822,10.515476797992989,0.011864883830312364,0.011864882614784255,3.726197128628428e-11
1356,0.002424841,0.0020765269873663783,0.09362185100326315,2.4248410000000002,2.0765269873663783,93.62185100326315,1.2321660400488845,1.233173070067167,1.2331730700888315,0.08166169394435907,0.08166169569972959,4.9529325085728715e-11
1357,0.002432765,0.0021129640081198886,0.09418900299351662,2.432765,2.1129640081198886,94.18900299351662,10.447270268924576,10.447967535540926,10.447967535823082,0.006673705809070245,0.00667370850947766,9.421555202671072e-11
1358,0.002435058,0.002026282003498636,0.0937148490047548,2.4350579999999997,2.026282003498636,93.7148490047548,1.7678509794615813,1.7685952426468319,1.768595242651557,0.04208216596448126,0.0420821662315362,6.541134300874774e-11
1359,0.002428975,0.002178285998525098,0.09595478700066451,2.428975,2.178285998525098,95.95478700066451,6.481300342810584,6.4821567582938115,6.482156758332913,0.013211890967174697,0.0132118915703073,8.810084606292179e-12
1360,0.0024206979999999998,0.002055958000710234,0.09507068300445098,2.420698,2.055958000710234,95.07068300445098,4.124929604546171,4.125870121797561,4.125870121801356,0.02279560974111177,0.022795609833054394,1.0604406242009645e-11
1361,0.002427162,0.002119467011652887,0.09476142399944365,2.427162,2.119467011652887,94.76142399944365,15.248802984942515,15.250069211418285,15.25006921144309,0.008303086748109464,0.008303086910751266,1.837763274892268e-11
1362,0.002419358,0.003497577999951318,0.09582860699447338,2.419358,3.497577999951318,95.82860699447338,4.860419369800596,4.861891842119935,4.861891842191866,0.030285994982085982,0.030285996461140042,8.12939715544303e-11
1363,0.002407046,0.002048216003458947,0.09623933398688678,2.407046,2.048216003458947,96.23933398688678,4.933150371819895,4.933931809997013,4.9339318098404625,0.01583804169190767,0.01583803851947765,2.6353585980132266e-11
1364,0.0024322149999999997,0.001996015998884104,0.09562728500168305,2.432215,1.9960159988841042,95.62728500168305,11.092129569670636,11.094053247234065,11.094053247630825,0.017339718140514996,0.017339721716224905,4.716799173465347e-11
1365,0.002426574,0.0020631710067391396,0.09526089100108948,2.426574,2.0631710067391396,95.26089100108948,4.9233671579355125,4.9241118541876965,4.924111854223963,0.0151234633622439,0.015123464098632869,1.462868715051968e-11
1366,0.002409538,0.002061605002381839,0.09403352100343909,2.409538,2.061605002381839,94.03352100343909,7.963076020419468,7.9647791805995105,7.96477918057866,0.021383645942013123,0.021383645680280595,2.633959717002199e-11
1367,0.00242751,0.0022375150001607835,0.09469813499890734,2.42751,2.2375150001607835,94.69813499890734,7.141453630716857,7.142814919153054,7.14281491959126,0.01905815076555679,0.01905815689930668,9.630431868634659e-11
1368,0.0024240950000000002,0.0020669630030170083,0.09507087300880812,2.4240950000000003,2.0669630030170083,95.07087300880812,6.957577734938198,6.959788465461042,6.959788465603147,0.03176433499114072,0.031764337032292644,9.648554177843494e-11
1369,0.002427396,0.002075092008453794,0.09491760400123894,2.427396,2.075092008453794,94.91760400123894,12.35059948437964,12.351723276862288,12.351723276524115,0.009098264731636971,0.009098261994032011,4.4860559711423775e-11
1370,0.002429793,0.0021586100046988577,0.0946341570088407,2.429793,2.1586100046988577,94.6341570088407,0.9596041767558958,0.9602035558398647,0.9602035553121482,0.062422085434232465,0.062422030509719575,7.982359218061674e-11
1371,0.002411203,0.0019795049884123728,0.09457779300282709,2.411203,1.9795049884123728,94.5777930028271,17.136204274209028,17.137265545225222,17.137265545246116,0.006192767529881947,0.006192767651792967,4.852462875959418e-11
1372,0.002431765,0.002047105008387007,0.09457404100976419,2.431765,2.047105008387007,94.57404100976419,10.039830364966992,10.040967363710052,10.040967363610086,0.01132359763631769,0.011323596640846496,4.756600668898159e-11
1373,0.0024243539999999997,0.0021042659936938435,0.09430921499733813,2.4243539999999997,2.1042659936938435,94.30921499733813,0.9601551503414996,0.9610008122371845,0.9610008119915499,0.08799804172030137,0.08799801618250089,3.407907289698642e-11
1374,0.0024111799999999997,0.001974008002434857,0.09378073300467804,2.41118,1.9740080024348572,93.78073300467804,11.335091825874393,11.336221183594013,11.336221183759012,0.009962382537615696,0.009962383992970534,1.5783396811741568e-10
1375,0.00241876,0.002126573002897203,0.09396615899458993,2.41876,2.126573002897203,93.96615899458993,2.8174460070422995,2.820199223335898,2.820199223398671,0.09762488659725621,0.09762488882091527,1.0599798816457451e-11
1376,0.002438278,0.0019846840004902333,0.09352747999946587,2.438278,1.9846840004902333,93.52747999946587,5.015035720880036,5.016355351409398,5.016355351472974,0.02630655998068011,0.026306561247717276,2.2896989859688688e-11
1377,0.00241261,0.0020658190042013302,0.09363669699814636,2.41261,2.0658190042013302,93.63669699814636,15.148123315510517,15.149123430710286,15.149123430744513,0.006601802436580171,0.006601802662498087,7.72873431920118e-11
1378,0.0024201400000000003,0.0020775700104422867,0.09335573499265593,2.4201400000000004,2.0775700104422867,93.35573499265593,9.673829320082838,9.675429049002641,9.675429049048073,0.016533932621501827,0.01653393309098582,4.0882408569586914e-11
1379,0.002441004,0.002041239000391215,0.09479121200274676,2.441004,2.041239000391215,94.79121200274676,9.037611964154898,9.038670764424516,9.038670764504168,0.011714114798665807,0.011714115679796586,2.075911664789487e-11
1380,0.002502808,0.0020989070035284385,0.0948461399966618,2.502808,2.0989070035284385,94.8461399966618,7.851625313332114,7.854910832138188,7.854910832278172,0.04182757610221385,0.04182757788358954,8.158940190128305e-11
1381,0.002423629,0.002021350010181777,0.09537624099175446,2.423629,2.021350010181777,95.37624099175446,0.4294556450072129,0.42988180988594493,0.4298818098491495,0.09913535975041772,0.09913535119946779,3.3794300691170065e-11
1382,0.0024329879999999996,0.002041209998424165,0.09422244501183741,2.4329879999999995,2.041209998424165,94.22244501183741,8.995175626410017,8.996720474446391,8.996720474239496,0.01717123523802164,0.01717123293873594,3.6611769171912556e-11
1383,0.002417013,0.0019953169976361096,0.09458650699525606,2.417013,1.9953169976361096,94.58650699525606,4.296406036733497,4.297592989351305,4.297592989574767,0.02761900954205062,0.027619014740319046,1.2159695472746535e-10
1384,0.002431046,0.001991665005334653,0.09361768000235315,2.4310460000000003,1.991665005334653,93.61768000235315,5.048812623447553,5.049274989087305,5.049274989341601,0.009157069891247295,0.009157074927076283,3.9886510760922533e-11
1385,0.002414606,0.0020385999960126355,0.09402940400468651,2.414606,2.0385999960126355,94.02940400468651,12.09871518514661,12.099458403356316,12.099458403479886,0.006142574195718364,0.00614257521694504,7.112321842583924e-11
1386,0.002418458,0.0021306130074663088,0.09487802900548559,2.418458,2.1306130074663088,94.87802900548559,5.580232618413326,5.580810780865605,5.58081078082914,0.010359828974323125,0.01035982832099018,3.043787444312329e-11
1387,0.002426579,0.0019753759988816455,0.09478015100467019,2.426579,1.9753759988816455,94.78015100467019,6.0198574836689005,6.020604795257498,6.020604795505591,0.01241256674389034,0.012412570864112732,6.40392183726135e-11
1388,0.002418862,0.0021576430008281022,0.09422574400377925,2.418862,2.1576430008281022,94.22574400377925,4.715646264791523,4.718181924823469,4.718181924719335,0.053742311601101926,0.05374230939521777,2.285099887089359e-11
1389,0.002418292,0.00198415300110355,0.09387260900984984,2.4182919999999997,1.9841530011035502,93.87260900984984,8.539334217921045,8.540843030631201,8.540843030490379,0.01766585224368468,0.01766585059516372,1.185890274868484e-10
1390,0.002405262,0.0020648920035455376,0.09337505800067447,2.405262,2.0648920035455376,93.37505800067447,9.19208640796198,9.193172502362941,9.193172502227597,0.011814141425950457,0.011814139953899426,2.4061863612701018e-11
1391,0.002423034,0.0020711250108433887,0.0949514289968647,2.423034,2.0711250108433887,94.9514289968647,5.890993146280621,5.892237182892757,5.892237183031035,0.02111314554253219,0.021113147888831608,3.442790497132364e-11
1392,0.00242131,0.002074998992611654,0.09346722000918817,2.42131,2.074998992611654,93.46722000918817,8.305018637795868,8.306454459335892,8.306454459408407,0.01728561261671086,0.017285613489549018,9.171552406428418e-12
1393,0.002429899,0.001904851000290364,0.09364175700466149,2.4298990000000003,1.904851000290364,93.64175700466149,7.205018416613157,7.205721342017103,7.205721342352074,0.009755101128419812,0.00975510577664959,8.128231421267174e-11
1394,0.002408395,0.002294652003911324,0.09448333199543413,2.4083949999999996,2.294652003911324,94.48333199543413,5.659989833500475,5.665000720159963,5.66500072030156,0.0884534161073518,0.08845341860464555,1.299393925791037e-11
1395,0.0024185400000000003,0.002046113004325889,0.09426621400052682,2.41854,2.046113004325889,94.26621400052682,6.728947619052725,6.731353694421493,6.731353694333571,0.03574430163670942,0.03574430033101171,2.9934887901816865e-11
1396,0.002416863,0.0020444719993975013,0.09333175199571997,2.416863,2.0444719993975013,93.33175199571997,15.321719736003615,15.322182422469428,15.322182422431709,0.003019716467637859,0.0030197162214717376,3.325548170174386e-11
1397,0.002431662,0.002043714004685171,0.09486443000787403,2.4316619999999998,2.043714004685171,94.86443000787403,11.888593232345837,11.894896035605491,11.894896035825514,0.052987459838133175,0.05298746168688011,3.154165817420562e-11
1398,0.00241363,0.0020410750003065914,0.09417329500138294,2.41363,2.0410750003065914,94.17329500138294,2.9805159376701127,2.982116964590894,2.982116964114603,0.053687596421985506,0.05368758045898663,7.419720393642137e-11
1399,0.002424109,0.0020015469926875085,0.09339491999708116,2.4241089999999996,2.0015469926875085,93.39491999708116,3.579342709043196,3.579834792469967,3.5798347923623446,0.013745981457184529,0.013745978451247998,5.227063226698192e-11
1400,0.0024066,0.0020498509984463453,0.09435608799685724,2.4066,2.0498509984463453,94.35608799685724,6.888239397557353,6.889358939933285,6.889358939838395,0.01625031277500336,0.016250311397893954,2.3948620864189252e-11
1401,0.002413009,0.0020624080061679706,0.09363255700736772,2.4130089999999997,2.0624080061679706,93.63255700736772,3.4616309081168417,3.4630537420144734,3.463053742010853,0.041086105028332,0.041086104923836714,9.263767530853784e-11
1402,0.002465194,0.00199489199439995,0.09394818400323857,2.465194,1.99489199439995,93.94818400323857,6.112353109328609,6.113447919437817,6.113447919420974,0.01790822664453135,0.017908226369066516,4.7569836958416545e-11
1403,0.002428068,0.002077619996271096,0.09472504899895284,2.4280679999999997,2.077619996271096,94.72504899895284,7.263451259951708,7.264509066188452,7.264509066263809,0.014561290062500414,0.014561291099674935,6.371259075876878e-11
1404,0.002410766,0.0020587180042639375,0.09478141998988576,2.4107659999999997,2.0587180042639375,94.78141998988576,-0.8347460265702011,-0.8339714657204134,-0.8339714655924766,0.09287618121546677,0.09287619657038002,6.185207380993152e-11
1405,0.002495418,0.0020497510122368112,0.09455996099859476,2.495418,2.049751012236811,94.55996099859476,1.4004419573840252,1.4011751247228332,1.40117512476343,0.05232517519557338,0.052325178091401026,2.6379232132001107e-11
1406,0.002446193,0.0020629879873013124,0.09502272099780384,2.446193,2.0629879873013124,95.02272099780384,3.048379860502486,3.0488615036522013,3.0488615037905227,0.015797475521222685,0.015797480057325845,7.174971727863522e-11
1407,0.002403074,0.002203748997999355,0.09411848599847872,2.4030739999999997,2.203748997999355,94.11848599847872,10.744959685736688,10.746470097480483,10.746470097739728,0.014054956930912693,0.014054959342947815,3.5226502270724325e-11
1408,0.0024030790000000002,0.0021228510013315827,0.09454393798660021,2.4030790000000004,2.1228510013315827,94.54393798660021,3.0336470351321942,3.034236202120386,3.034236202209321,0.01941730797952281,0.019417310910007014,3.0601687850406734e-11
1409,0.002411596,0.0021885500027565286,0.09522899199509993,2.411596,2.1885500027565286,95.22899199509993,10.365605715429922,10.367451180470255,10.367451180475094,0.017800566486478264,0.017800566533142912,3.6407321601927833e-11
1410,0.00249314,0.0021161619952181354,0.09526958700735122,2.49314,2.1161619952181354,95.26958700735122,10.11207583746086,10.113346036195018,10.113346036504794,0.012559628926093712,0.012559631988743884,1.0086320667568316e-10
1411,0.002450094,0.002012277996982448,0.09396199700131547,2.450094,2.012277996982448,93.96199700131547,8.020418319284062,8.021382051481652,8.021382051413049,0.012014540529361118,0.012014539674213485,1.5629081362433794e-11
1412,0.002418403,0.002040444000158459,0.09424039399891626,2.418403,2.040444000158459,94.24039399891626,4.839549237154966,4.840675325621021,4.840675325755445,0.02326304472631905,0.023263047502641514,5.1689985625102963e-11
1413,0.002510887,0.0020849060092587024,0.09398237499408424,2.510887,2.0849060092587024,93.98237499408424,6.082025827007957,6.084138258541678,6.084138258500545,0.03472030785551916,0.03472030717967921,1.3908721396838075e-11
1414,0.002429656,0.001977931009605527,0.09314701998664532,2.429656,1.977931009605527,93.14701998664532,1.8604788138615973,1.8611993687678492,1.8611993685474886,0.03871454710028796,0.03871453526516107,7.913142363591419e-11
1415,0.002501553,0.0019678190001286566,0.0933902870019665,2.501553,1.9678190001286566,93.3902870019665,9.784419292351057,9.78490435411107,9.784904354057922,0.004957245798826828,0.004957245255684453,3.805322723593463e-11
1416,0.002428872,0.002000879991101101,0.09292708999419119,2.4288719999999997,2.000879991101101,92.92708999419119,5.339264139928506,5.339947968978933,5.3399479689568885,0.012805912237338186,0.012805911824567022,1.3096501660925242e-10
1417,0.0024306790000000003,0.0020074130006833,0.09342281099816319,2.4306790000000005,2.0074130006833,93.42281099816319,4.734598902054568,4.735561822178763,4.735561822229119,0.02033380959541439,0.020333810658560145,3.207079046774197e-11
1418,0.002499032,0.001974262995645404,0.09461560199270025,2.499032,1.9742629956454039,94.61560199270025,4.783448076728877,4.7839311091336825,4.7839311089029195,0.010096976603255153,0.010096971780032181,4.221362148726371e-11
1419,0.002425069,0.0019577049970394,0.09370681300060824,2.425069,1.9577049970394,93.70681300060824,9.33233816925991,9.332832658786863,9.332832658575352,0.005298386299558198,0.005298384033369465,6.898925875020723e-11
1420,0.002426691,0.0019248819880886003,0.09274719300447032,2.426691,1.9248819880886003,92.74719300447032,7.362536564459521,7.3633612070695875,7.363361207060336,0.011199268742574575,0.011199268616949469,4.0500408582389014e-11
1421,0.002412421,0.0021782030089525506,0.09357745500165038,2.412421,2.1782030089525506,93.57745500165038,9.52161020865249,9.523749220532043,9.523749220171311,0.022459766947050232,0.022459763160192128,4.20212753482474e-11
1422,0.0024321460000000005,0.001984654998523183,0.0934708520071581,2.4321460000000004,1.9846549985231832,93.4708520071581,13.887316598277522,13.888595733604511,13.888595733650533,0.009209968750793237,0.009209969082127055,7.956273140319325e-11
1423,0.002517068,0.0020318730094004422,0.0927987079921877,2.517068,2.0318730094004422,92.7987079921877,2.664035460760701,2.6661607303741874,2.6661607301686914,0.07971273409267808,0.07971272639125725,3.27039506586857e-11
1424,0.002416631,0.0020364450028864667,0.09434212000633124,2.4166309999999998,2.0364450028864667,94.34212000633124,7.117477394728926,7.118425762730297,7.11842576301801,0.013322720963618378,0.013322725004885969,4.4619197225870266e-11
1425,0.002433027,0.0020707959920400754,0.09373054800380487,2.433027,2.0707959920400754,93.73054800380487,12.604131746429132,12.605253963629352,12.605253963523825,0.008902773426518875,0.008902772589432529,1.6259105173332955e-11
1426,0.002500994,0.002033229000517167,0.09334338399639819,2.500994,2.033229000517167,93.34338399639819,10.47023269417808,10.471618322977378,10.471618322999419,0.013232231700591238,0.013232231911046954,5.6500026879291454e-11
1427,0.002421391,0.0019457200105534866,0.09452834699186496,2.4213910000000003,1.9457200105534866,94.52834699186496,13.395341680372852,13.3963539789202,13.396353979036594,0.0075565228340552,0.007556523702837933,6.784690057627706e-11
1428,0.00245303,0.001883792006992735,0.09413365300861187,2.45303,1.883792006992735,94.13365300861187,4.153386064830542,4.154411864969525,4.154411864981412,0.024691825758359823,0.024691826044427868,4.063760439265707e-11
1429,0.002417587,0.001989905009395443,0.09449900301115122,2.417587,1.989905009395443,94.49900301115122,8.749752847781,8.750894029516015,8.750894029489665,0.013040744536112392,0.013040744235034117,2.7614355246896594e-11
1430,0.0024264720000000003,0.002024286994128488,0.09524327999679372,2.4264720000000004,2.024286994128488,95.24327999679372,3.6866794350691805,3.6877843861808977,3.6877843861914172,0.029962465155438586,0.029962465440608006,7.539968649439288e-12
1431,0.002481897,0.001943743001902476,0.09426990400243085,2.481897,1.943743001902476,94.26990400243085,3.797114704508285,3.7977529350427517,3.797752935090582,0.01680547801247001,0.016805479271692157,6.286049458736898e-11
1432,0.00240587,0.0020118190004723147,0.09369260400126223,2.40587,2.0118190004723147,93.69260400126223,-3.5352754628663554,-3.5345920512640667,-3.5345920511852214,0.01933494990020926,0.019334952131318767,5.754224874365832e-11
1433,0.00242683,0.002125330996932462,0.09416041999065783,2.4268300000000003,2.125330996932462,94.16041999065783,5.673647687197974,5.674376198057065,5.6743761981015695,0.01283860698802616,0.01283860777223801,1.7762230575257831e-10
1434,0.0024097750000000003,0.0020915679924655706,0.09360710700275376,2.4097750000000002,2.0915679924655706,93.60710700275376,3.5707419900097044,3.5716144261322,3.571614426616698,0.024426940268590023,0.02442695383050823,2.8163092691269043e-10
1435,0.002488937,0.002037115002167411,0.09410442899388727,2.488937,2.037115002167411,94.10442899388727,3.144404086014731,3.145070056714861,3.145070056767331,0.021175067267829896,0.021175068935802843,1.5730416969006455e-11
1436,0.002479365,0.0020240960002411157,0.09402492200024426,2.479365,2.0240960002411157,94.02492200024426,8.542871859355778,8.54388905971756,8.543889059680794,0.01190558953508739,0.011905589104807265,8.974043730347603e-12
1437,0.002418092,0.002000656008021906,0.09346688800724223,2.418092,2.000656008021906,93.46688800724223,-2.9882369589034816,-2.9873249957962074,-2.987324995767878,0.030527750029125857,0.0305277509777333,7.144274061232636e-11
1438,0.002430528,0.0020386590040288866,0.0936613700032467,2.430528,2.0386590040288866,93.6613700032467,18.504622366027206,18.506633146189586,18.50663314623889,0.010865186263193646,0.010865186529580314,2.5748514431711556e-11
1439,0.0025030950000000003,0.002276441009598784,0.09384860299178399,2.5030950000000005,2.276441009598784,93.84860299178399,11.329318335313381,11.330185727767809,11.330185727581423,0.007655589019178954,0.007655587374265507,6.66977584273809e-11
1440,0.002424814,0.0020651590020861477,0.09386941499542445,2.424814,2.0651590020861477,93.86941499542445,8.785050738378366,8.786932714175133,8.78693271412251,0.021417892431689515,0.021417891832942192,3.0928315464251455e-11
1441,0.002425122,0.0020493040065048262,0.0946782379905926,2.425122,2.0493040065048262,94.6782379905926,8.577669839272474,8.578902165717189,8.57890216590398,0.014364617067662924,0.01436461924468035,4.427741506773941e-11
1442,0.002419692,0.002051755989668891,0.0941290719929384,2.4196920000000004,2.051755989668891,94.1290719929384,19.01103009773439,19.011920054137782,19.01192005432333,0.0046810443177588285,0.004681045293667054,3.6428970950908024e-11
1443,0.002413644,0.0019052769930567592,0.09372664500551764,2.413644,1.9052769930567592,93.72664500551764,6.302135162576999,6.302772376219817,6.302772376570346,0.010110053239785607,0.010110058800720313,8.732729123162031e-11
1444,0.0024105800000000003,0.001981862005777657,0.09409724599390756,2.4105800000000004,1.981862005777657,94.09724599390756,0.9399613629000676,0.9403268089547829,0.9403268091574368,0.03886372814591399,0.038863749688970384,7.275097191339341e-11
1445,0.0024334969999999997,0.00203715699899476,0.09390526900824625,2.4334969999999996,2.03715699899476,93.90526900824625,7.953117073488926,7.954605364542676,7.954605364836393,0.018709803762033773,0.01870980745375804,4.995048819012027e-11
1446,0.002400005,0.0019761550065595657,0.09396654399461113,2.400005,1.9761550065595657,93.96654399461113,8.069375304836292,8.07013194950363,8.070131949900354,0.009375864881413848,0.009375869796912593,6.46144249216718e-11
1447,0.0024223129999999997,0.0020632609957829118,0.09397835799609311,2.422313,2.0632609957829118,93.97835799609311,10.216076434273567,10.216700299605652,10.216700299670112,0.0061063289887081295,0.006106329619601656,6.836531341036789e-12
1448,0.002417886,0.002093101997161284,0.0940398050006479,2.417886,2.093101997161284,94.0398050006479,2.486309377692205,2.4869757702246638,2.4869757702577324,0.026795296537956044,0.026795297867273297,2.0096285746618037e-11
1449,0.002434628,0.0020316070003900677,0.09462539700325578,2.434628,2.0316070003900677,94.62539700325578,5.220906388931898,5.221623439232623,5.221623439347539,0.013732324995664529,0.01373232719613527,4.085087823568756e-11
1450,0.002417531,0.002029611001489684,0.09433134199935012,2.4175310000000003,2.029611001489684,94.33134199935012,3.584117763126052,3.5850016549138317,3.5850016549403634,0.024655268612444596,0.02465526935233615,2.4055424319158192e-11
1451,0.0024370959999999997,0.0021006499882787466,0.09580135699070524,2.4370959999999995,2.1006499882787466,95.80135699070524,3.9684646681303235,3.9699057749834843,3.969905775016663,0.03630078230677364,0.03630078314222795,1.339206523454095e-11
1452,0.0025135979999999997,0.0020265519997337833,0.09459161300037522,2.5135979999999996,2.0265519997337833,94.59161300037522,7.120805973086799,7.121271088480498,7.121271088530772,0.0065313535732503085,0.006531354279180009,7.845135652218005e-11
1453,0.002433799,0.002007803996093571,0.09468280999863055,2.433799,2.007803996093571,94.68280999863055,6.097123143495885,6.098591738989235,6.098591739055166,0.024080895331307556,0.024080896412137138,4.9088899611859915e-11
1454,0.002419875,0.0020382420043461025,0.09354293999786023,2.419875,2.0382420043461025,93.54293999786023,11.64358315687204,11.643983464203071,11.643983464708725,0.003437889896197994,0.0034378942386706786,1.387848724831997e-10
1455,0.0024366,0.0019235630024923012,0.09337572399817873,2.4366000000000003,1.9235630024923012,93.37572399817873,0.4593748736280432,0.4600501683339644,0.46005016940458177,0.14678718809444852,0.146787420470375,2.0803342382080814e-10
1456,0.002440661,0.001952103993971832,0.09328241800540127,2.440661,1.952103993971832,93.28241800540127,11.320360823777065,11.32116971203768,11.321169711478596,0.00714491771777306,0.007144912779736494,4.5354650590745393e-11
1457,0.00248226,0.0018812080088537186,0.09306202198786195,2.48226,1.8812080088537186,93.06202198786195,8.064576639735563,8.065875014202401,8.065875014787181,0.01609713099387291,0.016097138242758994,1.0402012584620479e-10
1458,0.0024129570000000003,0.0021396770025603473,0.09375335200456902,2.4129570000000005,2.1396770025603473,93.75335200456902,8.65706556550613,8.664410482039564,8.664410481725774,0.08477110530092143,0.08477110168239618,6.780070949119477e-11
1459,0.0024223020000000003,0.0019411059911362827,0.09356782400573138,2.422302,1.9411059911362827,93.56782400573138,1.0591800232471122,1.0597322726301854,1.0597322726530471,0.05211216052735117,0.052112162683537154,4.737726877479531e-11
1460,0.0024168370000000002,0.001992950987187214,0.09366221701202448,2.416837,1.9929509871872142,93.66221701202448,8.641350099992561,8.642208910670696,8.642208910634945,0.00993739779970979,0.009937397386072428,1.2112741365477575e-11
1461,0.002430082,0.0019238400127505884,0.0940383270062739,2.430082,1.9238400127505884,94.0383270062739,14.616818858836126,14.617656422638394,14.617656422572118,0.005729809061393734,0.005729808608023685,1.3521739283817169e-11
1462,0.002429911,0.00197835399012547,0.09321435600577388,2.4299109999999997,1.9783539901254699,93.21435600577388,11.593913185843125,11.594933189096558,11.594933189303994,0.00879697396094284,0.00879697574980695,3.692712802205733e-11
1463,0.002443868,0.0020190529903629795,0.09563808499660809,2.443868,2.0190529903629795,95.63808499660809,7.652050594221041,7.6535484029443595,7.653548403123892,0.01957012152352702,0.01957012386881431,1.2821543826646575e-10
1464,0.002428164,0.001956341991899535,0.09370274499815423,2.428164,1.956341991899535,93.70274499815423,8.042034014977158,8.042889089179148,8.04288908916898,0.010631430975970406,0.010631430849563273,6.777159389237397e-11
1465,0.0024305769999999997,0.0020251829992048442,0.09338234800088685,2.4305769999999995,2.0251829992048442,93.38234800088685,15.905244873070437,15.907672239841695,15.907672239944887,0.015259094697577967,0.01525909534617302,1.6882828468567368e-11
1466,0.00246502,0.002056523007922806,0.09751422300178092,2.46502,2.056523007922806,97.51422300178092,6.324387542578073,6.325219084502617,6.325219083975963,0.013146452532869743,0.013146444207702938,6.860559342847239e-11
1467,0.002418856,0.0019207360019208863,0.09522340600960888,2.418856,1.9207360019208863,95.22340600960888,-4.601790754019561,-4.601109173517891,-4.601109173791009,0.014813395552378933,0.014813389615574032,9.940392953211585e-11
1468,0.002432937,0.0020583080040523782,0.09414013799687382,2.432937,2.0583080040523782,94.14013799687382,15.245931344659173,15.250164181314464,15.250164181747294,0.027756007115498457,0.027756009952913965,7.330358542390059e-11
1469,0.002472771,0.002047328991466202,0.0941965940000955,2.472771,2.047328991466202,94.1965940000955,2.808159464068865,2.8092399983858627,2.8092399990842694,0.03846358152449,0.038463606375981285,8.868160372710321e-11
1470,0.0025002979999999998,0.0019522530055837706,0.09746749300393276,2.500298,1.9522530055837706,97.46749300393276,7.556285083000422,7.557716480584002,7.5577164815515445,0.018939551215737788,0.018939564015361125,1.0131856464923317e-10
1471,0.0024223129999999997,0.0020240439916960895,0.09701954800402746,2.422313,2.0240439916960895,97.01954800402746,3.6434683096250566,3.6443242687206165,3.644324269045672,0.023487457000098546,0.023487465917504537,4.966715927423593e-11
1472,0.0025091690000000003,0.00205186998937279,0.0950393359962618,2.5091690000000004,2.05186998937279,95.0393359962618,4.405642974172867,4.406551335225004,4.406551335093585,0.02061387654502746,0.02061387356330023,2.0233259512281165e-11
1473,0.002426925,0.002017394988797605,0.09536581899737939,2.4269249999999998,2.017394988797605,95.36581899737939,13.079272606379693,13.080537283201267,13.080537282562045,0.009668385894194083,0.009668381007848878,9.602357797788841e-11
1474,0.0024589959999999998,0.0020024859986733645,0.09497805200226139,2.458996,2.0024859986733645,94.97805200226139,7.979173770576054,7.980033216238656,7.980033216010707,0.010769950942725441,0.01076994808653852,3.0124791550179e-11
1475,0.002428931,0.0019215829961467534,0.09447774500586092,2.428931,1.9215829961467534,94.47774500586092,-0.7191825233374907,-0.7185674878967703,-0.7185674880659647,0.08559188261085741,0.08559185904462935,1.3614481764179232e-10
1476,0.002456096,0.0019407130021136254,0.09812502100248821,2.456096,1.9407130021136254,98.12502100248821,12.549493145510684,12.549997179511884,12.549997179463151,0.004016208083475244,0.004016207695183394,9.236528208944605e-11
1477,0.002504924,0.001974240003619343,0.09414826300053392,2.504924,1.974240003619343,94.14826300053392,13.165826895716997,13.166690748559624,13.166690748567014,0.006560895665617176,0.006560895721737273,4.324729463434096e-11
1478,0.002412257,0.002006143011385575,0.09432914899662137,2.4122570000000003,2.006143011385575,94.32914899662137,-0.9866981609816889,-0.9860757134624194,-0.9860757137367351,0.06312370447538301,0.06312367663889584,8.839262655158109e-11
1479,0.002503371,0.0019563249952625483,0.0941181499947561,2.503371,1.9563249952625483,94.1181499947561,17.509831917852523,17.510759201110368,17.510759201398546,0.005295505735615598,0.005295507381250183,7.747799624091556e-11
1480,0.002427237,0.001911497995024547,0.09465821000048891,2.427237,1.911497995024547,94.6582100004889,10.69336948727171,10.693851952342275,10.69385195365118,0.004511611650462086,0.004511623889699523,1.5243761808392264e-10
1481,0.00248892,0.0019928440015064552,0.09509188600350171,2.48892,1.9928440015064552,95.09188600350171,6.162671510971688,6.163353566890191,6.163353567661236,0.0110663117262499,0.011066324235026412,1.0141945616659598e-10
1482,0.00245806,0.0021004070003982633,0.09447081100370269,2.45806,2.1004070003982633,94.47081100370269,7.71337661759414,7.71406262308043,7.714062623225498,0.008892920887600433,0.008892922767998142,8.850531418858054e-11
1483,0.0024378760000000003,0.0020496590004768223,0.095143063008436,2.437876,2.0496590004768223,95.143063008436,12.408771991831465,12.409772427860347,12.409772428656996,0.008061679089584009,0.008061685508602878,6.021605436501432e-11
1484,0.002500576,0.0019101210054941475,0.09601046699390281,2.500576,1.9101210054941475,96.01046699390281,4.706284259239773,4.708646203317148,4.708646203282697,0.05016185067612549,0.05016184994484559,1.152494211176247e-10
1485,0.002424115,0.0019718190014827996,0.09443910099798813,2.424115,1.9718190014827996,94.43910099798813,0.39377381889546115,0.39430318755351124,0.39430318741274917,0.1342542172521108,0.13425418160109553,8.601458087453828e-11
1486,0.002486093,0.001937670007464476,0.0947802890004823,2.486093,1.937670007464476,94.7802890004823,5.858311724616129,5.85936702015151,5.85936702008825,0.018010401665415877,0.018010400585978012,3.7572500666271935e-11
1487,0.0024282,0.0019718679977813736,0.09417875899816863,2.4282000000000004,1.9718679977813736,94.17875899816863,9.94722164400648,9.947833779277818,9.947833779412449,0.0061534529518821246,0.006153454305159666,3.2764874147162004e-11
1488,0.0024415319999999997,0.001898393005831167,0.09412075599539094,2.4415319999999996,1.898393005831167,94.12075599539094,5.818806681513376,5.819503732484634,5.81950373331016,0.011977842154599757,0.011977856338411154,8.640821391736608e-11
1489,0.002505877,0.0019900300103472546,0.09479428299528081,2.505877,1.9900300103472546,94.79428299528081,2.6358480845892203,2.6365586706925583,2.6365586708107287,0.026951272172957945,0.026951276653742508,7.559225467801411e-11
1490,0.0024318739999999997,0.0019637390068965033,0.09397660598915536,2.4318739999999996,1.9637390068965033,93.97660598915536,15.75113933806935,15.754001173750503,15.754001173777777,0.018165770394383884,0.01816577056747787,5.363265387359206e-11
1491,0.002506024,0.0018671880097826943,0.09462630499911029,2.506024,1.8671880097826943,94.62630499911029,12.066921492154023,12.07125378615801,12.071253785657511,0.0358893457194559,0.035889341574736715,6.196732016405804e-11
1492,0.002415849,0.002071025999612175,0.09463786899868865,2.4158489999999997,2.071025999612175,94.63786899868865,6.085435164613038,6.0858151714642865,6.085815171784333,0.006244140522539896,0.006244145781099654,8.936995588015861e-11
1493,0.002484791,0.002032537988270633,0.09471061298972927,2.484791,2.032537988270633,94.71061298972927,15.036096538152702,15.037008411993064,15.037008412068609,0.006064197181900178,0.006064197684262885,1.2483664102447278e-10
1494,0.002502288,0.0019707629980985075,0.09375012799864635,2.502288,1.9707629980985075,93.75012799864635,10.355250871928806,10.356002126321375,10.356002126022993,0.0072542896709057595,0.007254286789870059,9.405637380055509e-11
1495,0.002427019,0.0020534299983410165,0.09500319701328408,2.427019,2.0534299983410165,95.00319701328408,10.782470217814431,10.783874929190105,10.783874929345313,0.013026035491858035,0.013026036930925033,2.8765712034584112e-11
1496,0.002433714,0.002063829990220256,0.09393177399761043,2.433714,2.063829990220256,93.93177399761043,12.14076324661108,12.141847291189126,12.14184729121877,0.008928168441332002,0.008928168685456275,7.257544565320018e-11
1497,0.0025185779999999996,0.0020483679982135072,0.09317506800289266,2.5185779999999998,2.0483679982135072,93.17506800289266,8.809532236719132,8.811638692161807,8.811638692389895,0.023905376925506715,0.02390537951337094,6.848988043373083e-11
1498,0.002539438,0.002019674997427501,0.09385016000305768,2.539438,2.019674997427501,93.85016000305768,12.000957228798494,12.003151060751826,12.003151060854307,0.01827713358123658,0.018277134434869495,8.354639202678982e-11
1499,0.002511441,0.0019680080004036427,0.09890801599249244,2.511441,1.9680080004036427,98.90801599249244,-3.5123284511094433,-3.5116269800058646,-3.5116269800007487,0.01997567246101644,0.019975672606730367,3.9377945348917365e-11
1500,0.002493716,0.002066475004539825,0.09735675700358115,2.493716,2.066475004539825,97.35675700358115,0.3759037812957047,0.3787270866360082,0.3787270868795751,0.7454722516366947,0.7454723154692614,5.901845678835116e-11
1501,0.002507025,0.0020641449955292046,0.09821273401030339,2.507025,2.0641449955292046,98.2127340103034,9.207095890280936,9.208563387934255,9.208563387829301,0.01593622795975051,0.015936226820185764,1.6103535172007355e-11
1502,0.002508852,0.0019375399861019105,0.09406520999618806,2.5088519999999996,1.9375399861019105,94.06520999618806,-2.703392728015775,-2.7024962248409885,-2.7024962247613793,0.03317315179002844,0.0331731547367714,1.7051604572770884e-10
1503,0.0025100269999999997,0.0019943369989050552,0.09449576599581633,2.5100269999999996,1.9943369989050552,94.49576599581633,8.3691176636532,8.369508361443991,8.369508360602829,0.0046681092116657875,0.004668099161821708,9.691603075623334e-11
1504,0.002523224,0.001952049002284184,0.09417652701085899,2.523224,1.952049002284184,94.17652701085899,4.997611711597582,4.9987669483560495,4.998766948476447,0.023110434441190764,0.02311043684918639,5.316323770099274e-11
1505,0.0024920990000000002,0.0019293829973321408,0.0937383470009081,2.492099,1.9293829973321408,93.7383470009081,-4.459636993666461,-4.458994834961306,-4.4589948349961475,0.014401422942226839,0.014401422160739485,6.325751034097493e-11
1506,0.0024986599999999998,0.0021299200016073883,0.7340546869963873,2.4986599999999997,2.1299200016073883,734.0546869963873,0.28507844721938014,0.28593361311637366,0.28593361261905414,0.2990784775784572,0.2990783041703228,8.632294185018097e-11
1507,0.002499155,0.0020727549999719486,0.11800975700316485,2.499155,2.0727549999719486,118.00975700316485,2.626163262342434,2.6267580389893546,2.626758039026548,0.02264299330551879,0.022642994721139766,1.6457085694199236e-11
1508,0.002499275,0.0019697499956237152,0.09627736300171819,2.499275,1.9697499956237152,96.27736300171819,-6.021950101529633,-6.021179434204658,-6.0211794338642335,0.012799275181819789,0.01279928083632906,7.161102266728392e-11
1509,0.002507331,0.0020444460096769035,0.09603595700173173,2.5073309999999998,2.0444460096769035,96.03595700173173,8.783123936544897,8.784789290617457,8.784789290577063,0.018957245500917177,0.018957245041182794,2.0074220064003612e-11
1510,0.002492742,0.0019649409950943664,0.09543016100360546,2.4927420000000002,1.9649409950943664,95.43016100360546,7.927433155054349,7.928815944992479,7.92881594588566,0.017440055964519797,0.017440067227549177,1.3223348457880313e-10
1511,0.002495866,0.0020889479928882793,0.09639003399934154,2.495866,2.0889479928882793,96.39003399934154,9.494291965697776,9.495741163965977,9.495741163740654,0.01526156034770994,0.015261557975179266,3.2031974295243515e-11
1512,0.0025073409999999997,0.0021709290012950078,0.09462333700503223,2.507341,2.1709290012950078,94.62333700503223,11.315365319235582,11.316661112683544,11.316661113187834,0.011450315910847256,0.011450320366509534,7.797607004533802e-11
1513,0.002500517,0.0019290760101284832,0.09418569000263233,2.500517,1.9290760101284832,94.18569000263233,-1.6374975664270401,-1.636831234559665,-1.6368312349612069,0.0407086481065622,0.04070862356491339,6.636097227286086e-11
1514,0.002491932,0.0020552720088744536,0.09373105700069573,2.4919320000000003,2.0552720088744536,93.73105700069573,8.709291266576628,8.7102634526894,8.710263452739007,0.011161385853054802,0.011161386422509498,2.7348873166133103e-11
1515,0.002490961,0.002002383000217378,0.09424977800517809,2.490961,2.002383000217378,94.24977800517809,10.18749871106893,10.188065913786119,10.188065913211219,0.005567324769871201,0.005567319127307383,8.172129639660852e-11
1516,0.0025229609999999998,0.0019858759915223345,0.09558984299656004,2.5229609999999996,1.9858759915223345,95.58984299656004,5.800803399208853,5.801569323194194,5.801569323133094,0.013202013846131804,0.013202012793114937,6.773123728542885e-11
1517,0.002509457,0.0019761059957090765,0.0942685519985389,2.5094570000000003,1.9761059957090765,94.2685519985389,9.700356805345656,9.701181150950958,9.701181151069424,0.008497373592714593,0.00849737481375324,1.6951218206884278e-11
1518,0.002527153,0.0019867399969371036,0.09417703800136223,2.5271529999999998,1.9867399969371036,94.17703800136223,-2.630107101233854,-2.6296218509039946,-2.629621850443275,0.01845323614467755,0.018453253668280045,7.573830451690355e-11
1519,0.002500408,0.0019692630012286827,0.09426061299745925,2.500408,1.9692630012286827,94.26061299745925,5.922408013616881,5.923054211970321,5.923054211999968,0.010909884163040305,0.01090988466352806,6.190797874339182e-11
1520,0.00248357,0.001969018005183898,0.09469128299679141,2.48357,1.969018005183898,94.69128299679141,-5.610883631863253,-5.610216848161368,-5.610216848293078,0.011885168076935905,0.011885165728980173,4.926450913878e-11
1521,0.002518543,0.0020335930021246895,0.09467265199054964,2.5185429999999998,2.0335930021246895,94.67265199054964,8.318337203707415,8.319077085046239,8.319077087597552,0.008893791117207929,0.008893821782711944,7.550481351259464e-10
1522,0.00251652,0.002027347989496775,0.09416330500971526,2.51652,2.027347989496775,94.16330500971526,14.730116416514228,14.731197111864304,14.731197111947747,0.007336099991532785,0.007336100557925755,1.5020429344758668e-11
1523,0.002498307,0.0019425859936745837,0.0942940009990707,2.498307,1.9425859936745837,94.2940009990707,1.1678964562404701,1.16884196581902,1.1688419659031197,0.08089285003445665,0.0808928572237782,5.939355951500858e-11
1524,0.002497494,0.0019528410048224032,0.09464737999951467,2.4974939999999997,1.9528410048224032,94.64737999951467,-2.0631514166303155,-2.0619456432375607,-2.061945642952132,0.05847745776952717,0.058477471620303596,7.245398725430618e-11
1525,0.002507496,0.0020437549974303693,0.09480602999974508,2.507496,2.0437549974303693,94.80602999974508,4.299611980933296,4.30122073363286,4.301220733344106,0.03740223529996085,0.037402228589170416,2.92020296832618e-11
1526,0.0025269330000000003,0.0020368240075185895,0.0934408320026705,2.526933,2.0368240075185895,93.4408320026705,6.512694777968768,6.514019156456506,6.514019156029402,0.02033120345408857,0.020331196898737105,5.194145114018056e-11
1527,0.002598505,0.001989707991015166,0.09447274000558536,2.5985050000000003,1.989707991015166,94.47274000558536,7.395933318193407,7.396577555552465,7.396577555734094,0.008709938538729128,0.00870994099409599,2.2943980049205948e-11
1528,0.0026035029999999996,0.0018803080020006746,0.09426534500380512,2.6035029999999995,1.8803080020006746,94.26534500380512,-4.202429861897944,-4.201597450050254,-4.201597450795344,0.019811794384996907,0.019811776648006443,1.1348044726133821e-10
1529,0.002584869,0.0019758359994739294,0.09463104899623431,2.584869,1.9758359994739294,94.63104899623431,12.832171276468735,12.833229837964318,12.8332298384476,0.00824859765584029,0.008248601421399618,6.138947683531626e-11
1530,0.002586887,0.002218880006694235,0.09497655599261634,2.586887,2.218880006694235,94.97655599261634,5.4597838084523325,5.460637281320494,5.460637281175462,0.015629546959312846,0.01562954430376634,7.024492099105828e-11
1531,0.002560683,0.002138416006346233,0.09373704600147903,2.5606829999999996,2.138416006346233,93.73704600147903,-2.1617323355041798,-2.1610720961821386,-2.1610720964131644,0.03055147133719376,0.030551460643591852,5.169598082943594e-11
1532,0.002510541,0.002082149003399536,0.09459232700464781,2.510541,2.082149003399536,94.59232700464781,3.4110856693934757,3.412754766865042,3.4127547669046123,0.04890762992325259,0.04890763108216305,4.660778707421542e-11
1533,0.002511175,0.0020358159963507205,0.0946207119995961,2.511175,2.0358159963507205,94.6207119995961,7.485886471872732,7.4865387007532185,7.486538700939828,0.008712021757411606,0.008712024249799458,3.564706863024014e-11
1534,0.002482382,0.0020415409962879494,0.09392348099208903,2.482382,2.0415409962879494,93.92348099208903,6.611919597270756,6.613120409569131,6.613120409628529,0.018158028646167283,0.01815802954418563,7.34534932878006e-11
1535,0.0025052,0.0020990099874325097,0.09333491099823732,2.5052,2.0990099874325097,93.33491099823732,7.976594942696167,7.978516181363904,7.978516181367894,0.0240801500437514,0.024080150093744864,8.799461159725297e-12
1536,0.002493403,0.0020093040075153112,0.09362783399410546,2.493403,2.0093040075153112,93.62783399410546,10.127565121070656,10.128724120112338,10.128724119920562,0.011442695328034486,0.011442693434868693,6.110764672051516e-11
1537,0.0025162120000000003,0.0020473139884416014,0.094188318005763,2.5162120000000003,2.0473139884416014,94.188318005763,11.001270655045534,11.002189996092685,11.00218999513951,0.008355982286050079,0.008355973623268674,2.463287906984135e-10
1538,0.002499822,0.002146329003153369,0.09355497200158425,2.499822,2.146329003153369,93.55497200158425,6.732785972243271,6.733872741966721,6.733872742106961,0.016138851521165298,0.016138853603431955,6.535494367909678e-11
1539,0.00249895,0.0021332600008463487,0.0937584950006567,2.4989500000000002,2.1332600008463487,93.7584950006567,11.598545969402668,11.599388409812466,11.599388409471352,0.007262800244582838,0.007262797304005133,5.542466485763953e-11
1540,0.00250499,0.001968512005987577,0.093773329994292,2.50499,1.9685120059875771,93.773329994292,7.244949608137237,7.2470331362720835,7.247033136507071,0.02875008428509243,0.028750087526689064,9.82534054116968e-11
1541,0.002488453,0.0019868659874191508,0.09437316599360202,2.488453,1.9868659874191508,94.37316599360202,0.23400168523344078,0.2349015727620305,0.23490157316700788,0.38309131693271214,0.38309148867526216,9.643053022756476e-11
1542,0.002428367,0.0019552129961084574,0.09379574899503496,2.4283669999999997,1.9552129961084574,93.79574899503496,8.198580929678577,8.199817905596145,8.19981790550667,0.015085407161584172,0.015085406070564867,1.961253381921324e-11
1543,0.00240016,0.00200392899569124,0.09462310100207105,2.40016,2.00392899569124,94.62310100207105,1.5011739123156715,1.5026394128722877,1.5026394128828606,0.09752842525372797,0.09752842595666204,3.5200842241067676e-11
1544,0.0024159209999999997,0.0021159600000828505,0.09425144699343946,2.4159209999999995,2.1159600000828505,94.25144699343946,2.7597110361295805,2.7603370685033894,2.760337068806855,0.022679562614011016,0.022679573605308992,4.345901416513698e-11
1545,0.0024142060000000003,0.0019608930015238,0.09412690800672863,2.4142060000000005,1.9608930015238002,94.12690800672863,2.2776649363293586,2.278174812469306,2.2781748124410868,0.02238090497518488,0.0223809037367861,6.947054043138223e-11
1546,0.0024185020000000003,0.001966811003512703,0.09396145299251657,2.418502,1.9668110035127029,93.96145299251657,-3.1454828948919236,-3.1447351369958696,-3.1447351371292918,0.023778088248420613,0.02377808400469637,3.8026692905646087e-11
1547,0.0024300660000000003,0.0019980630022473633,0.09410817199386656,2.430066,1.9980630022473633,94.10817199386656,0.7495776251362365,0.7500155681230112,0.7500155680667824,0.05839118618173253,0.05839117868909249,4.976430378889063e-11
1548,0.00240663,0.002155312991817482,0.09406053500424605,2.40663,2.155312991817482,94.06053500424605,13.22315801939644,13.23014153034567,13.230141530237198,0.05278485444174302,0.05278485362229451,3.783529045620071e-11
1549,0.002438956,0.0019614399934653193,0.0941455370048061,2.438956,1.9614399934653193,94.1455370048061,8.875479252332482,8.8759017317334,8.875901731657997,0.004759847660402673,0.0047598468109204635,2.236499874186393e-11
1550,0.002414867,0.0019382129976293072,0.09406246300204657,2.4148669999999997,1.9382129976293072,94.06246300204657,7.551767787650981,7.552662855087153,7.552662855233116,0.01185101802299027,0.011851019955367581,1.466864407717594e-10
1551,0.0024111180000000003,0.0019501920032780617,0.09398675500415266,2.411118,1.9501920032780617,93.98675500415266,9.730735867530946,9.732840518436731,9.732840518184222,0.021624220614717537,0.021624218020875368,1.2307077579265524e-10
1552,0.0024051520000000002,0.001968825003132224,0.09572523599490523,2.405152,1.968825003132224,95.72523599490523,6.404592173205042,6.405150903062854,6.405150903282362,0.008723133401028548,0.008723136827783402,1.8262560907977843e-10
1553,0.002414686,0.0020546080049825832,0.09673655199003406,2.414686,2.0546080049825832,96.73655199003406,8.297499761727494,8.299691662722196,8.299691662119233,0.02640942680494424,0.026409419541978358,1.1226482937720661e-10
1554,0.002418949,0.002076463002595119,0.09796592299244367,2.418949,2.076463002595119,97.96592299244367,13.733493203690582,13.735295533327637,13.735295533130092,0.01312188465608077,0.013121883218039854,4.284439469870449e-11
1555,0.002424276,0.0019668550085043535,0.09781356400344521,2.424276,1.9668550085043535,97.81356400344521,3.480306232622887,3.4807111231176506,3.480711123363456,0.011632407299607178,0.011632414360709126,4.141009757319125e-11
1556,0.002464698,0.0019597139908000827,0.0967769200069597,2.464698,1.9597139908000827,96.7769200069597,5.275975643150591,5.27796532985538,5.277965329842775,0.03769798739552481,0.03769798715679122,1.5439871603462052e-11
1557,0.00242412,0.001998135994654149,0.09480861898919102,2.4241200000000003,1.9981359946541488,94.80861898919102,7.413303460431816,7.414076293862379,7.414076293895022,0.010423866708830632,0.010423867149059858,3.0131674932931674e-11
1558,0.002411364,0.0020112530037295073,0.09435916400980204,2.411364,2.0112530037295073,94.35916400980204,5.210610015633701,5.212676899035124,5.212676898905638,0.039651093698229084,0.03965109121515915,4.4035219914917434e-11
1559,0.0024313570000000003,0.0020401719957590103,0.09427092300029472,2.431357,2.0401719957590103,94.27092300029472,2.393697503706065,2.394563110302446,2.3945631107617302,0.03614883202104915,0.03614885119440642,8.494632774969091e-11
1560,0.0024172819999999998,0.0020711130055133253,0.09490050098975189,2.4172819999999997,2.0711130055133253,94.90050098975189,13.735217139048569,13.737228922914788,13.737228923069576,0.014644757523576381,0.014644758650190161,3.451638974638627e-11
1561,0.002406342,0.0019358409917913377,0.09364883300440852,2.406342,1.9358409917913377,93.64883300440852,2.806964723065825,2.807642274646245,2.8076422743339293,0.02413240413632871,0.02413239301524892,6.48992942720028e-11
1562,0.0024604859999999996,0.0020383000082802027,0.09427009800856467,2.4604859999999995,2.0383000082802027,94.27009800856467,5.86441307806593,5.865854482947064,5.865854482956728,0.024572803251854083,0.024572803416553133,6.329248236625062e-11
1563,0.002402141,0.0022017599985701963,0.0942846280086087,2.402141,2.2017599985701963,94.2846280086087,4.589529151090463,4.590025352486421,4.590025352456621,0.010810428218853904,0.010810427569686667,3.371164458698672e-11
1564,0.002409497,0.002034977005678229,0.09393795000505634,2.409497,2.034977005678229,93.93795000505634,0.9690375420914847,0.9698736872786924,0.9698736873113702,0.08621176119889755,0.08621176456528316,3.668559900305013e-11
1565,0.0024077409999999997,0.002015851001488045,0.09497968699724879,2.4077409999999997,2.015851001488045,94.97968699724879,8.208088419139443,8.209227760685778,8.2092277606374,0.01387879078944414,0.013878790200221994,3.860045616477237e-11
1566,0.0024351190000000003,0.0020777489989995956,0.09469341600197367,2.4351190000000003,2.0777489989995956,94.69341600197367,13.45885825458819,13.459798881202342,13.459798881115098,0.006988415075548899,0.0069884144274122255,3.00756086701881e-11
1567,0.002407679,0.002053069998510182,0.09403827099595219,2.407679,2.053069998510182,94.03827099595219,3.7344882480261106,3.738451104006849,3.7384511043242803,0.10600261633731003,0.10600262481929683,6.526590379252184e-11
1568,0.002422861,0.001971630990738049,0.09378024000034202,2.422861,1.9716309907380491,93.78024000034202,10.975789432527836,10.97624697066005,10.976246970455463,0.0041684387517555346,0.004168436887930473,7.890266218169018e-11
1569,0.002435212,0.002048876995104365,0.09376152900222223,2.435212,2.048876995104365,93.76152900222223,8.962044433941301,8.964551580366606,8.964551580387898,0.02796733782865602,0.027967338066096324,1.3541251453474956e-11
1570,0.002432638,0.0020275919960113242,0.09450248299981467,2.432638,2.0275919960113242,94.50248299981467,5.356423096245177,5.356931723288589,5.356931723329005,0.009494745680657255,0.009494746435041211,6.466749358224888e-11
1571,0.0024120219999999998,0.00198457099031657,0.09411223699862603,2.412022,1.9845709903165698,94.11223699862603,7.624087460857506,7.6264405684498335,7.626440568517943,0.030854598173386365,0.03085459906617585,6.272621311254056e-11
1572,0.0024265320000000003,0.0020307109953137115,0.09435694200510625,2.4265320000000004,2.0307109953137115,94.35694200510625,-0.7337665996587504,-0.7322854142904553,-0.7322854144618312,0.20226886121037785,0.2022688377601713,7.136498336723918e-11
1573,0.0025759199999999998,0.0020898209913866594,0.09341261199733708,2.57592,2.0898209913866594,93.41261199733708,11.200588090739839,11.207276024089253,11.207276023981457,0.05967492310388121,0.05967492214261184,4.07793798729017e-11
1574,0.0024296170000000002,0.0021249550045467913,0.09499226800107863,2.4296170000000004,2.1249550045467913,94.99226800107863,11.880188674792013,11.881192367385331,11.881192367620134,0.008447742972950803,0.00844774494903668,4.363642780447208e-11
1575,0.002417005,0.0020087709999643266,0.09503090499492828,2.4170049999999996,2.0087709999643266,95.03090499492828,8.290236549700463,8.290930068587748,8.29093006838912,0.008364789975888987,0.008364787580354919,7.311892671196807e-11
1576,0.002414905,0.0020305090001784265,0.09494434999942314,2.414905,2.0305090001784265,94.94434999942314,0.14655994953416496,0.14714229059793382,0.14714229102976972,0.39576729531831994,0.39576758763865294,1.1523770826471491e-10
1577,0.0024202140000000004,0.0021744930127169937,0.095514782005921,2.4202140000000005,2.1744930127169937,95.514782005921,3.067184087067094,3.068004446355637,3.068004446357225,0.026739181865183828,0.026739181916932073,8.430700582096051e-12
1578,0.0024168559999999998,0.0020839489880017936,0.09438357499311678,2.4168559999999997,2.0839489880017936,94.38357499311678,14.522620076836905,14.525735182717423,14.525735182532948,0.021445426626145646,0.021445425356433,1.049809128517154e-10
1579,0.002424074,0.0020551799971144646,0.09421057099825703,2.424074,2.0551799971144646,94.21057099825703,6.910493182455955,6.911584737780103,6.911584737783187,0.015793126548554273,0.015793126593164425,5.087266718994954e-11
1580,0.002435086,0.002034093005931936,0.09360743399884086,2.435086,2.034093005931936,93.60743399884086,4.56483354184353,4.566385468179373,4.566385468024492,0.03398588110130649,0.0339858777107054,4.189776303675785e-11
1581,0.002440129,0.002038581995293498,0.09344975800195243,2.440129,2.038581995293498,93.44975800195243,2.371792828821256,2.37265782982756,2.3726578296441403,0.03645704810147307,0.036457040373741326,4.471945036499392e-11
1582,0.0024231950000000004,0.002031842988799326,0.09344421300920658,2.423195,2.031842988799326,93.44421300920658,7.575877187954845,7.5772011663749375,7.577201166478062,0.017473185560495028,0.01747318692124286,3.9853231825759394e-11
1583,0.002470204,0.001988082003663294,0.09546084298926871,2.4702040000000003,1.988082003663294,95.46084298926871,11.435768385684352,11.437912772357688,11.437912771833275,0.018748059335780054,0.01874805475177765,1.0815270901076701e-10
1584,0.002414628,0.0019146520062349737,0.09830936598882545,2.414628,1.9146520062349737,98.30936598882545,1.7779210893111568,1.7784803571617793,1.7784803570560328,0.03144638895619093,0.03144638301216862,1.1273237898734578e-10
1585,0.0024097479999999998,0.0020288630039431155,0.09864069099421613,2.4097479999999996,2.0288630039431155,98.64069099421613,2.7110951152614327,2.712080174807003,2.7120801750924173,0.03632118086775826,0.03632119138775305,1.0882950096657851e-10
1586,0.0024546969999999996,0.002077940007438883,0.09597264499461744,2.4546969999999995,2.077940007438883,95.97264499461744,0.3625517917010441,0.36332457592272505,0.3633245758592487,0.21269803170300391,0.21269801426919221,4.854043555990728e-11
1587,0.002420711,0.0020596270042005926,0.09389903400733601,2.420711,2.0596270042005926,93.89903400733601,2.248644071477532,2.2491463069024036,2.249146306813323,0.022330046886247016,0.02233004292648456,2.2103013863628007e-11
1588,0.002418158,0.002323309992789291,0.09450591100903694,2.418158,2.323309992789291,94.50591100903694,6.778325311918181,6.780557656728835,6.780557656466961,0.032922731782078794,0.03292272792121844,3.924360836293772e-11
1589,0.002438169,0.002083560000755824,0.09590339899295941,2.438169,2.083560000755824,95.90339899295941,9.694060749778814,9.695060314543227,9.695060314800841,0.010310041732425274,0.010310044389322764,9.361000863350455e-11
1590,0.0024743480000000003,0.0020492789917625487,0.09412113299185876,2.4743480000000004,2.0492789917625487,94.12113299185876,5.107394048795939,5.107877705431136,5.107877705323343,0.009468837413288666,0.009468835303162207,4.5528247838433344e-11
1591,0.002517628,0.002034613993600942,0.09432946699962486,2.517628,2.034613993600942,94.32946699962486,11.318110656563018,11.321586660853761,11.321586660936497,0.030702448295182518,0.030702449025735545,3.405742354800623e-11
1592,0.002410028,0.00208834299701266,0.09426567499758676,2.4100279999999996,2.08834299701266,94.26567499758676,-0.3288710923731806,-0.3286182925125516,-0.32861829282687793,0.07692811580759067,0.07692802008311186,6.493186543998775e-11
1593,0.002431444,0.0020557090028887615,0.09392721099720802,2.431444,2.0557090028887615,93.92721099720802,4.822004061117852,4.8227881391948735,4.822788139321368,0.016257775676468515,0.01625777829888944,4.481773285824886e-11
1594,0.002414764,0.00216256600106135,0.09472267598903272,2.414764,2.16256600106135,94.72267598903272,2.9272320371393086,2.930505680377216,2.9305056805408682,0.11170915858747216,0.11170916416566945,2.464174003735664e-11
1595,0.00241417,0.0020934990025125444,0.09479985800862778,2.4141700000000004,2.0934990025125444,94.79985800862778,7.673372143451214,7.676402094845191,7.676402094647376,0.03947098336616986,0.039470980790262344,9.594478683760954e-11
1596,0.002423185,0.0020982720016036183,0.09359446899907198,2.423185,2.0982720016036183,93.59446899907198,9.111054768810416,9.112376396172507,9.112376396346907,0.014503652007253405,0.014503653920847182,8.176515020608122e-11
1597,0.002424546,0.002119160009897314,0.09427988700917922,2.424546,2.119160009897314,94.27988700917922,11.249689464250768,11.250699990476367,11.250699990724815,0.008981896472703511,0.008981898680797745,4.4087344885923585e-11
1598,0.002414268,0.002011964999837801,0.09379734098911285,2.414268,2.011964999837801,93.79734098911285,2.474767202136235,2.475456071048825,2.4754560711320224,0.027827959487814993,0.027827962847773495,4.4440340296603154e-11
1599,0.002415086,0.0019965430110460147,0.09374665800714865,2.415086,1.9965430110460147,93.74665800714865,8.13056004849486,8.133389051082286,8.13338905127641,0.034782580418295996,0.034782582804217844,6.137236552294922e-11
1600,0.002468545,0.002071152994176373,0.09392707800725475,2.4685449999999998,2.071152994176373,93.92707800725475,10.80787470361286,10.808635011013877,10.808635010974182,0.007034259184823493,0.007034258817601566,5.7948978948729746e-11
1601,0.002409762,0.001994177990127355,0.09402678000333253,2.409762,1.9941779901273549,94.02678000333253,-2.1557155017850427,-2.154863361025072,-2.1548633612138133,0.03954500203509426,0.03954499327277048,1.581804687234012e-10
1602,0.002423786,0.002337137993890792,0.09332719500525855,2.4237859999999998,2.337137993890792,93.32719500525855,0.16447741098133406,0.16533969240053636,0.1653396925364703,0.521521122171573,0.5215212039577458,2.3662349857289655e-11
1603,0.0024385889999999997,0.0019967059924965724,0.09352628700435162,2.438589,1.9967059924965724,93.52628700435162,7.235850170525541,7.236524237331629,7.236524237456873,0.009314786822801955,0.009314788553358575,8.430722786556544e-11
1604,0.002423559,0.0020028770086355507,0.09383126499596983,2.423559,2.0028770086355507,93.83126499596983,12.394003320278607,12.394956350448858,12.394956350786508,0.007688854589767521,0.007688857313649212,8.715528299063635e-11
1605,0.002423382,0.002000441003474407,0.09363793100055773,2.423382,2.000441003474407,93.63793100055773,0.2911175468670848,0.2919035952190896,0.2919035952395177,0.2692835459648332,0.2692835529442245,2.315903024907584e-11
1606,0.002425769,0.0020034390036016703,0.09367323099286295,2.425769,2.0034390036016703,93.67323099286295,0.7242640513020007,0.7250924010959139,0.725092401056834,0.1142405840498729,0.11424057866639276,5.331624031157389e-11
1607,0.002405211,0.0020722460030810907,0.09391376200073864,2.405211,2.0722460030810907,93.91376200073864,11.630234583325617,11.63103345726649,11.631033457272778,0.006868469115906315,0.006868469169967472,3.484301736023099e-11
1608,0.002411712,0.0019930549897253513,0.09373645600862801,2.411712,1.9930549897253513,93.73645600862801,4.779658448767222,4.781154218792967,4.781154218824309,0.03128470568603336,0.031284706341361206,3.7748686121386044e-11
1609,0.00242425,0.002196260989876464,0.09375835800892673,2.4242500000000002,2.196260989876464,93.75835800892673,6.950919204503794,6.9518791341544315,6.951879134209985,0.013808203970652752,0.01380820476966136,1.2985279518318293e-11
1610,0.0023975760000000002,0.0020135859958827496,0.09441165800672024,2.3975760000000004,2.0135859958827496,94.41165800672024,6.486323575885969,6.486806479093886,6.486806478939538,0.00744439054060809,0.007444388161376399,7.511749555710878e-11
1611,0.002439587,0.0020876210037386045,0.09427964698988944,2.439587,2.0876210037386045,94.27964698988944,6.65079653337148,6.652625221539335,6.65262522148095,0.02748821866492771,0.02748821778754103,5.2808424300110346e-11
1612,0.002426348,0.0019820260058622807,0.09367981299874373,2.426348,1.9820260058622807,93.67981299874373,-1.7763504290110887,-1.7756941132425474,-1.7756941133009576,0.03696108263505046,0.036961079344407434,2.067682136619453e-11
1613,0.002415361,0.002029911003774032,0.0951977169897873,2.415361,2.029911003774032,95.1977169897873,1.8087475972874358,1.811064401478653,1.8110644013468011,0.12792500307143093,0.12792499580039235,4.374112183569423e-11
1614,0.002429921,0.0019840239983750507,0.09383378099300899,2.4299209999999998,1.9840239983750507,93.83378099300899,8.259417971097093,8.25997078594359,8.25997078592303,0.006692697357205944,0.006692697108316709,2.275124533213102e-11
1615,0.002413249,0.0019429230014793575,0.09310149299562909,2.413249,1.9429230014793575,93.10149299562909,2.2034390133986363,2.2044648563165907,2.204464856422721,0.04653478212705303,0.04653478693914282,3.93574062229618e-11
1616,0.002422166,0.0019743500015465543,0.0951520230009919,2.422166,1.9743500015465543,95.1520230009919,9.428711342422726,9.429915063881946,9.429915064212153,0.012764923661191883,0.012764927162441046,8.643175064548814e-11
1617,0.002412058,0.002000540989683941,0.09521592200326268,2.412058,2.000540989683941,95.21592200326268,3.9994409735923497,4.000681656280172,4.000681656683486,0.03101178235149917,0.031011792429522733,9.791098487532679e-11
1618,0.0024001070000000003,0.001957389002200216,0.09338255498732906,2.400107,1.957389002200216,93.38255498732906,0.15934267024784532,0.16040590076285,0.16040590084018191,0.662837532751738,0.6628375806423288,3.2400526706055643e-11
1619,0.002411481,0.0020986340095987543,0.09442122900509275,2.411481,2.0986340095987543,94.42122900509275,6.28550527127754,6.286305691783966,6.286305691846451,0.01273276461041601,0.012732765604277512,3.029210215999001e-11
1620,0.00242732,0.0018955790001200512,0.09326430399960373,2.4273200000000004,1.8955790001200512,93.26430399960373,12.415736315936968,12.416364254397521,12.41636425334373,0.005057345674528076,0.005057337187837406,1.853986408839603e-10
1621,0.002421065,0.002069998998194933,0.09379372699186206,2.421065,2.069998998194933,93.79372699186206,11.401709326081178,11.40305814956735,11.403058149217227,0.011828611837983134,0.011828608767911346,3.743005905221253e-11
1622,0.002439895,0.0020400700013851747,0.09519780200207606,2.439895,2.0400700013851747,95.19780200207606,10.588276038806917,10.59063772572074,10.59063772588313,0.022299761119074647,0.022299762652077487,5.997263796686525e-11
1623,0.002422265,0.0020501340040937066,0.0930326309899101,2.422265,2.0501340040937066,93.0326309899101,8.3304488481503,8.331353330126998,8.331353330208408,0.010856363196436734,0.010856364173488032,9.050671323507231e-11
1624,0.0024323039999999997,0.0019136769988108426,0.09400955200544558,2.432304,1.9136769988108426,94.00955200544558,4.988159652745509,4.989129978213043,4.9891299797107855,0.01944879110730115,0.019448821121573936,1.9755574953705946e-10
1625,0.00241546,0.001978343992959708,0.09336924200761132,2.41546,1.978343992959708,93.36924200761132,1.2635025797279127,1.264459658036781,1.2644596581171044,0.07569069545123722,0.07569070179881073,3.3766933693613055e-11
1626,0.002420622,0.0020294860005378723,0.09374730200215708,2.420622,2.0294860005378723,93.74730200215708,10.155005291113813,10.155696555352563,10.155696555546879,0.006806664958746093,0.00680666687198215,4.1254943905499886e-11
1627,0.002417551,0.001946142001543194,0.09443090599961579,2.417551,1.946142001543194,94.43090599961579,3.3464863977940382,3.347429728783087,3.3474297288004635,0.028180755549180984,0.028180756068129167,1.7903623028558968e-11
1628,0.002410602,0.0019618730002548546,0.0939087959995959,2.410602,1.9618730002548546,93.9087959995959,9.555789688407351,9.55692344650679,9.556923447123395,0.01186321210779412,0.011863218558952672,1.283962935971772e-10
1629,0.002424257,0.002030001996899955,0.09647529199719429,2.424257,2.030001996899955,96.47529199719429,7.961262504621818,7.9665101897344925,7.966510189612702,0.06587181824529506,0.06587181671752006,7.45781908451093e-11
1630,0.00242728,0.0020605469908332452,0.09430340000835713,2.42728,2.060546990833245,94.30340000835713,6.3125342016753905,6.317001194743213,6.317001194677662,0.07071382338093865,0.0707138223439788,1.1565179369732448e-11
1631,0.002427773,0.002003651999984868,0.09762251299980562,2.4277729999999997,2.003651999984868,97.62251299980562,2.7230592189215983,2.724398143111756,2.724398143362567,0.04914568722428006,0.0491456964258597,5.554656734574337e-11
1632,0.002431667,0.0019514900050126016,0.10136787500232458,2.431667,1.9514900050126016,101.36787500232458,6.868361089577352,6.869151546146959,6.8691515464063,0.011507339214996401,0.011507342990006287,1.0074335810017487e-10
1633,0.002439347,0.0020151179924141616,0.09877269199932925,2.439347,2.0151179924141616,98.77269199932925,8.140060987955739,8.141407337788635,8.141407337982848,0.016537065117078583,0.0165370675021764,4.8796550133900496e-11
1634,0.00240571,0.0019988840067526326,0.0937784109992208,2.40571,1.9988840067526326,93.7784109992208,0.3863235730883403,0.3887071787228038,0.3887071789838572,0.6132136901344181,0.6132137568819853,4.127162500644488e-11
1635,0.002419559,0.0019518100016284734,0.09363936299632769,2.419559,1.9518100016284734,93.63936299632769,4.30777178830164,4.309811130190315,4.309811130113591,0.04731859070087463,0.0473185889214904,6.974226751665924e-11
1636,0.0024253729999999998,0.002089617002638988,0.09359708298870828,2.4253729999999996,2.089617002638988,93.59708298870828,7.957775144096587,7.959415065225688,7.9594150652905995,0.02060353827086716,0.020603539086231817,1.6982970585388557e-11
1637,0.002403227,0.0019308889895910397,0.09462751800310798,2.403227,1.9308889895910397,94.62751800310798,9.117329668710514,9.118179684345066,9.118179684433759,0.009322207545554429,0.009322208518174314,2.0283497104145454e-11
1638,0.002430471,0.0019513309962349012,0.09416880199569277,2.430471,1.9513309962349012,94.16880199569277,7.858758002927541,7.859674016272958,7.859674016285034,0.01165459716930762,0.011654597322930612,6.756467607615946e-11
1639,0.0024265909999999996,0.0019087879918515682,0.09407815300801303,2.4265909999999997,1.9087879918515682,94.07815300801303,-0.3136317196869136,-0.31320665124240676,-0.3132066506970972,0.1357150120601578,0.13571518640180763,1.217199674385938e-10
1640,0.002419159,0.0019283180008642375,0.09305887699883897,2.419159,1.9283180008642375,93.05887699883897,-0.0619778282990211,-0.06122966444416278,-0.061229664705305,1.2218976890533066,1.221897257345717,6.002365271484678e-11
1641,0.002423282,0.001966751995496452,0.09431429700634908,2.423282,1.9667519954964519,94.31429700634908,19.989647484671348,19.991829881426685,19.99182988142283,0.010916443208457494,0.010916443189178249,5.978101347281495e-11
1642,0.002414302,0.0020561409910442308,0.09381156400195323,2.414302,2.0561409910442308,93.81156400195323,7.846692445810223,7.847068210512603,7.847068210720771,0.004788599924188865,0.004788602576870496,8.25823853745078e-11
1643,0.002435265,0.0022552779992111027,0.09447973199712578,2.435265,2.2552779992111027,94.47973199712578,4.054326648032291,4.05484539970627,4.05484539981903,0.012793377375549284,0.012793380156053656,3.468031417597217e-11
1644,0.002426701,0.0022059879993321374,0.09451709198765457,2.426701,2.2059879993321374,94.51709198765457,8.896217758977926,8.898354706208782,8.898354705972757,0.024015082578857237,0.024015079927042833,5.6040283524794177e-11
1645,0.0024250829999999998,0.00208923700847663,0.09372865100158378,2.425083,2.08923700847663,93.72865100158378,11.00222924645081,11.002921425988667,11.00292142555973,0.0062908704975614144,0.006290866599415772,7.608409735571087e-11
1646,0.0024182699999999997,0.0020404060051077977,0.09358044200052973,2.4182699999999997,2.0404060051077977,93.58044200052973,6.780227961846396,6.780899206303175,6.780899206349954,0.009899047845379465,0.009899048535169255,5.83898485118084e-11
1647,0.002420944,0.0020538399985525757,0.09381941599713173,2.420944,2.0538399985525757,93.81941599713173,12.433942354331027,12.435556715220589,12.435556715381026,0.01298181437736427,0.012981815667344068,1.0886513912566897e-10
1648,0.002420656,0.002163198994821869,0.09349164098966867,2.420656,2.163198994821869,93.49164098966867,9.890415934882508,9.89495593267091,9.894955932659872,0.04588194044818703,0.04588194033668358,5.731881635995251e-11
1649,0.002407727,0.0021523900068132207,0.09498892999545205,2.407727,2.1523900068132207,94.98892999545205,6.827162884318582,6.829986851171427,6.8299868512108795,0.04134659281752359,0.041346593394926946,1.302143115555765e-11
1650,0.002423728,0.0022851660032756627,0.09455040999455377,2.423728,2.2851660032756627,94.55040999455377,9.51603902049542,9.522039922183374,9.522039922220525,0.06302117757324802,0.06302117796315726,4.708194945024502e-11
1651,0.002434196,0.0022299840056803077,0.09352913199109025,2.434196,2.2299840056803077,93.52913199109025,9.140134373967946,9.141100908090333,9.141100908392307,0.010573498007573673,0.01057350131069472,6.982886491258e-11
1652,0.002402739,0.0019047550013056025,0.09360604599351063,2.402739,1.9047550013056025,93.60604599351063,9.532356032210064,9.533287704191583,9.53328770422689,0.009772829798362768,0.009772830168680116,5.35748320706908e-11
1653,0.002425529,0.0020035689958604053,0.09340272600820754,2.425529,2.0035689958604053,93.40272600820754,18.94709909460517,18.948122914817844,18.94812291505184,0.005403280405534198,0.005403281640396835,5.202621666811069e-11
1654,0.002429349,0.0018849729967769235,0.0934212600113824,2.4293489999999998,1.8849729967769235,93.4212600113824,4.975147268755741,4.975716963733177,4.975716963713829,0.011449505299205277,0.011449504910399732,4.0033776294023937e-10
1655,0.002436354,0.0021392269991338253,0.09373166000295896,2.436354,2.1392269991338253,93.73166000295896,4.015122476152662,4.0173214088842855,4.017321408943467,0.05473629087183532,0.05473629234417734,2.2376656083622493e-11
1656,0.002434029,0.0019652109913295135,0.09324278800340835,2.4340289999999998,1.9652109913295135,93.24278800340835,8.322094482482541,8.323300933867223,8.32330093406162,0.01449486681147536,0.014494869146717241,7.534801949038439e-11
1657,0.0024265420000000003,0.0018466089968569577,0.09355578001122922,2.4265420000000004,1.8466089968569577,93.55578001122922,12.95246091771794,12.953023744719204,12.953023744076248,0.004345139886690688,0.004345134923154867,7.781275623841566e-11
1658,0.002434268,0.0020918950031045824,0.09395088200108148,2.434268,2.0918950031045824,93.95088200108148,7.027843381947971,7.028490585051099,7.028490585126082,0.009208280146301574,0.009208281213055086,4.459116409449848e-11
1659,0.002411913,0.0019323739979881793,0.09346116699452978,2.4119129999999998,1.9323739979881793,93.46116699452978,3.2096471737599117,3.2111384595865644,3.2111384597095665,0.046441031597395,0.04644103542609723,5.07230646373813e-11
1660,0.0024344659999999997,0.0020972900092601776,0.09342070900311228,2.4344659999999996,2.0972900092601776,93.42070900311228,4.989933503950084,4.9903706409774955,4.990370641072332,0.008759610434983914,0.00875961233520012,2.5303259487685636e-11
1661,0.0024334450000000002,0.001942160990438424,0.09398243900795933,2.4334450000000003,1.942160990438424,93.98243900795933,11.642954546712875,11.643784811190525,11.643784811434827,0.007130537802891019,0.007130539900876682,6.448708234074729e-11
1662,0.002422888,0.0019979320059064776,0.09381382900755852,2.4228880000000004,1.9979320059064776,93.81382900755852,4.356533951023618,4.35765649895664,4.357656498989961,0.025760358424095763,0.02576035918855065,2.9103386367523854e-11
1663,0.002412753,0.0020798680052394047,0.09321115800412372,2.412753,2.0798680052394047,93.21115800412372,4.339425220158915,4.340290983333595,4.340290983346797,0.019947122854308164,0.01994712315841797,1.565983454021591e-11
1664,0.0024176560000000002,0.0020070540049346164,0.09403980599017814,2.417656,2.0070540049346164,94.03980599017814,7.9286158656592995,7.931070024337991,7.931070024034458,0.03094360119328977,0.030943597367333455,4.2453041082524123e-11
1665,0.002422093,0.0020181500003673136,0.0942720500024734,2.4220930000000003,2.0181500003673136,94.2720500024734,8.525067210257046,8.525969005323514,8.525969005282828,0.010577038995865574,0.010577038518718947,9.519376953370795e-11
1666,0.0024058910000000003,0.0019403079932089895,0.09340895898640156,2.4058910000000004,1.9403079932089895,93.40895898640156,3.593734336938173,3.594564053530121,3.594564053573116,0.023082537397911423,0.023082538593745355,2.1427082330660596e-11
1667,0.002431645,0.0018945549963973463,0.09514221499557607,2.431645,1.8945549963973463,95.14221499557607,5.145382589320832,5.147907068305841,5.147907068616025,0.04903893857275826,0.049038944595240094,1.1244921660491514e-10
1668,0.002432874,0.002041490006376989,0.09701105000567622,2.432874,2.041490006376989,97.01105000567622,9.80906472748024,9.81223076588704,9.812230766120706,0.03226624487681959,0.03226624725742133,9.816109036719922e-11
1669,0.0024134150000000004,0.0018294579931534827,0.0967184890032513,2.4134150000000005,1.8294579931534827,96.7184890032513,14.903366579088495,14.904102442617315,14.90410244395063,0.004937322000125601,0.004937330945648184,2.917415198311346e-10
1670,0.002419994,0.0020442890090635046,0.09706237899081316,2.419994,2.0442890090635046,97.06237899081316,11.189749389502602,11.1909923428279,11.190992342836871,0.011106730191766218,0.011106730271916445,5.872841102316784e-11
1671,0.002421815,0.0020694629929494113,0.09477238799445331,2.421815,2.0694629929494113,94.77238799445331,4.448790146997048,4.449573038317933,4.4495730382858945,0.017594751544536304,0.017594750824630495,3.124661640541149e-11
1672,0.0024283209999999998,0.0019653149938676506,0.09455612899910193,2.428321,1.9653149938676506,94.55612899910193,2.322688868398245,2.3234118515828612,2.3234118517849893,0.0311173063924724,0.031117315089389183,6.947148412095316e-11
1673,0.0024071479999999996,0.0021072200033813715,0.09440639898821246,2.4071479999999994,2.1072200033813715,94.40639898821246,2.814688365555149,2.8177522609368992,2.817752260789277,0.108735442225548,0.10873543699223338,1.8220563946513835e-11
1674,0.002411288,0.0021374359930632636,0.0939043429971207,2.4112880000000003,2.1374359930632636,93.9043429971207,8.690592168363324,8.692511507394201,8.692511507460026,0.022080373770509098,0.022080374527599204,2.9272723134354806e-11
1675,0.002403995,0.0019736959948204458,0.09446541700162925,2.403995,1.9736959948204458,94.46541700162925,3.063933240461033,3.064669192801116,3.064669192688349,0.024014087452299656,0.02401408377361208,2.2535195931538965e-11
1676,0.002413086,0.0020625550096156076,0.09478662699984852,2.413086,2.0625550096156076,94.78662699984852,12.007597788318805,12.008608392549121,12.008608393288,0.008415664807118235,0.008415670959513037,8.275322094242199e-11
1677,0.002411233,0.001894783999887295,0.09700208800495602,2.411233,1.894783999887295,97.00208800495602,6.144468740264486,6.145483180496367,6.145483180889233,0.016507086620955683,0.016507093012663576,6.81268375046784e-11
1678,0.002416798,0.0019455409928923473,0.09783224501006771,2.416798,1.9455409928923473,97.83224501006771,14.40906271038924,14.41004739192104,14.410047392046899,0.0068332983578715065,0.006833299231219325,5.080236231691515e-11
1679,0.002422781,0.0020041909883730114,0.0981457070010947,2.422781,2.0041909883730114,98.1457070010947,-1.6021180211286605,-1.6005568864720239,-1.6005568866887714,0.09753696790357351,0.0975369543483591,5.951883430554972e-11
1680,0.002410252,0.0020032530010212213,0.09513165699900128,2.410252,2.0032530010212213,95.13165699900128,9.588751798890723,9.589665372046998,9.589665372125427,0.009526642701611174,0.009526643519389817,1.5741408176950245e-11
1681,0.002427053,0.001959415996680036,0.0941588570130989,2.4270530000000003,1.9594159966800362,94.1588570130989,3.0127564199087793,3.0136482935181164,3.0136482939044633,0.029594482251142185,0.029594495067256723,1.4335460596370808e-10
1682,0.002421083,0.0020343649957794696,0.09766602001036517,2.421083,2.0343649957794696,97.66602001036517,6.260640459003309,6.2613929195998885,6.261392919679956,0.01201746330635859,0.012017464584954058,1.8726575845562365e-11
1683,0.002425039,0.0019638910016510636,0.09463782300008461,2.425039,1.9638910016510636,94.63782300008461,19.94144622750632,19.942568031726573,19.942568031690143,0.005625174342991554,0.005625174160329637,1.0634537694897972e-10
1684,0.002434219,0.0018938289867946878,0.09396584900969174,2.434219,1.8938289867946878,93.96584900969174,7.3089799455817825,7.309686806019915,7.309686805722372,0.009670187750729045,0.009670183680588175,1.1689954559912508e-10
1685,0.002428819,0.0020121419947827235,0.09365275999880396,2.428819,2.0121419947827235,93.65275999880396,-4.680029802086665,-4.679452371602487,-4.679452371970186,0.012339702134422361,0.012339694275722153,6.212996783716562e-11
1686,0.002408921,0.0020597769907908514,0.09476428599737119,2.408921,2.0597769907908514,94.76428599737119,1.5325108005332453,1.5328756759965714,1.5328756761890787,0.02380333050094681,0.023803343056532575,3.5078051574544133e-11
1687,0.002421529,0.002028189002885483,0.09381865500472486,2.421529,2.028189002885483,93.81865500472486,9.453539874227882,9.45448413464176,9.454484134632793,0.009987434538261118,0.009987434443426185,8.444034360621799e-11
1688,0.002429498,0.0019458739989204332,0.09344668699486647,2.429498,1.9458739989204332,93.44668699486647,1.079673142536386,1.0805768038432255,1.0805768043462223,0.08362767955277302,0.08362772606275813,7.968106729983049e-11
1689,0.002414205,0.0019423240009928122,0.0939800639898749,2.414205,1.9423240009928122,93.9800639898749,-5.224473429186244,-5.223512409641941,-5.223512409705535,0.01839795656517381,0.0183979553475013,4.276193288355046e-11
1690,0.002418842,0.002004188994760625,0.09385794200352393,2.418842,2.004188994760625,93.85794200352393,4.557642334656052,4.558264768580422,4.5582647684286215,0.013655062967392263,0.0136550596376247,2.919015029689831e-11
1691,0.002402373,0.0019197900110157207,0.09471423100330867,2.4023730000000003,1.9197900110157207,94.71423100330867,-5.323440531611531,-5.322469658794088,-5.3224696587968126,0.01824102117406455,0.018241021122858466,1.8684553904080303e-11
1692,0.002422374,0.0021043779997853562,0.09391703899018466,2.422374,2.1043779997853562,93.91703899018466,6.83927211567465,6.840115004497616,6.840115004612393,0.01232272881978848,0.01232273049758742,2.982920334348993e-11
1693,0.002417813,0.0019287250033812597,0.09468805299547967,2.417813,1.9287250033812597,94.68805299547967,3.0760895118062876,3.076861762252804,3.0768617624082637,0.025098639659098178,0.02509864471036921,4.163458466877046e-11
1694,0.002412489,0.0019413800037000328,0.094638947994099,2.412489,1.9413800037000328,94.638947994099,9.902746210161705,9.903159829352141,9.90315982864124,0.004176638543284711,0.004176631365051901,6.262135254786472e-11
1695,0.0024080570000000003,0.0018860090058296919,0.09408850800537039,2.4080570000000003,1.8860090058296919,94.08850800537039,-0.21211227953515177,-0.2116176176334683,-0.21161761729543827,0.2337527032084045,0.23375286331804335,9.735928729881493e-11
1696,0.002493034,0.0018387370073469356,0.09286992100533098,2.4930339999999998,1.8387370073469356,92.86992100533098,5.613374652284623,5.6139643985411745,5.613964398429623,0.010504987468474912,0.010504985481644743,2.986938196780642e-10
1697,0.0024072800000000004,0.0020780500053660944,0.09448706998955458,2.4072800000000005,2.0780500053660944,94.48706998955458,12.978581680675877,12.981316150522098,12.981316150749652,0.021064657963136155,0.021064659715708294,6.015499209865993e-11
1698,0.002422417,0.002101292004226707,0.09351575400796719,2.4224170000000003,2.101292004226707,93.51575400796719,5.566401844545474,5.567748116546095,5.567748116614201,0.02417982948294962,0.02417983070586869,6.138275998601728e-11
1699,0.002432285,0.0019892609998350963,0.09352072500041686,2.4322850000000003,1.9892609998350963,93.52072500041686,7.293225605005787,7.294396979372522,7.294396979340956,0.016058549734087494,0.016058549301415787,5.58140755835268e-11
1700,0.0024137710000000003,0.001965479998034425,0.094736582992482,2.413771,1.965479998034425,94.736582992482,7.409002274836844,7.410078078929189,7.410078078773882,0.014518120873840091,0.01451811877825717,7.922251743508468e-11
1701,0.0024197710000000002,0.0020411750010680407,0.09372669301228598,2.4197710000000003,2.0411750010680407,93.72669301228598,7.406085962681516,7.406687405087819,7.406687404906826,0.008120261777081028,0.008120259333636458,5.348865794729818e-11
1702,0.002404723,0.0019354250107426196,0.09334724801010452,2.404723,1.9354250107426196,93.34724801010452,21.217112393693426,21.219841733800674,21.219841733813112,0.012862207652096513,0.012862207710704164,3.7170044819845316e-11
1703,0.002427528,0.002067057997919619,0.09361049300059676,2.427528,2.067057997919619,93.61049300059676,4.7136605931514275,4.714046086434738,4.714046086414275,0.008177545917932967,0.008177545483869385,1.5908829809063718e-11
1704,0.002418222,0.0019714119989657775,0.09306322899647057,2.4182219999999996,1.9714119989657775,93.06322899647057,7.175280226293289,7.176385613564555,7.17638561348771,0.015403119770726335,0.015403118700084867,6.351241754742887e-11
1705,0.002415204,0.0020202919986331835,0.09672872799274046,2.4152039999999997,2.0202919986331835,96.72872799274046,-0.7935534313426018,-0.7928538172394113,-0.7928538171328334,0.08823998673885053,0.08824000019302072,3.510969293074595e-11
1706,0.00242703,0.0019223059935029596,0.09491871100908611,2.4270300000000002,1.9223059935029596,94.91871100908611,13.439685250229438,13.442449101107904,13.442449101527522,0.020560620000699196,0.02056062312164716,9.689382629574084e-11
1707,0.002402373,0.00194331600505393,0.09367123099218588,2.4023730000000003,1.94331600505393,93.67123099218588,2.6828298444181655,2.6831746297766337,2.6831746297771097,0.012849903790900874,0.012849903808641146,2.5921931268158005e-11
1708,0.002411452,0.0019947369873989373,0.0939787859970238,2.411452,1.9947369873989373,93.9787859970238,5.631977681353106,5.632989209197394,5.63298920930044,0.0179572125335495,0.017957214362559856,4.257949548502893e-11
1709,0.002422436,0.0020607949991244823,0.09766076300002169,2.4224360000000003,2.0607949991244823,97.66076300002169,6.214365299435297,6.215592040022521,6.215592039830199,0.019736504251330163,0.019736501157744817,3.330113962363157e-11
1710,0.002411019,0.001982501009479165,0.09405117700225674,2.411019,1.982501009479165,94.05117700225674,4.766048720087095,4.766805190183867,4.766805190087258,0.01586954084738017,0.015869538820999653,2.7749857967052094e-11
1711,0.002436712,0.002029776995186694,0.09374747399124317,2.436712,2.029776995186694,93.74747399124317,8.293158362653639,8.29384269877744,8.293842699161846,0.00825113459049992,0.008251139224967547,5.307235206863936e-11
1712,0.002420047,0.0019912519928766415,0.09349753899732605,2.420047,1.9912519928766415,93.49753899732605,6.905701474049771,6.906581208773886,6.906581209189774,0.012737629480096992,0.012737635500945541,5.7439719647334186e-11
1713,0.002405491,0.0019352539966348559,0.09448921600414906,2.405491,1.9352539966348559,94.48921600414906,6.8388262414658705,6.840043403051535,6.840043403657901,0.017794647108838785,0.01779465597221254,8.400581792689099e-11
1714,0.002424366,0.001952762992004864,0.09401068100123666,2.424366,1.952762992004864,94.01068100123666,4.084821822596062,4.086600217863687,4.086600217943108,0.04351772066792389,0.043517722610525264,7.811273849966938e-11
1715,0.002425759,0.0020228450011927634,0.09447824700328056,2.4257589999999998,2.0228450011927634,94.47824700328056,-3.321406489126886,-3.3202918976190396,-3.3202918977584304,0.03356908194263906,0.03356907774308318,2.2776558417092474e-11
1716,0.002426165,0.002002860011998564,0.09409419899748173,2.426165,2.002860011998564,94.09419899748173,8.201698208739835,8.202772732596092,8.202772733968708,0.013099520019457902,0.013099536750824689,3.374145407519791e-10
1717,0.002429974,0.0019975079922005534,0.09442058300192002,2.429974,1.9975079922005534,94.42058300192002,8.91877308526271,8.91916655385782,8.919166553770388,0.004411495095805204,0.004411494115574304,1.8203494267510223e-11
1718,0.002426093,0.002134433001629077,0.09461620400543325,2.426093,2.134433001629077,94.61620400543325,0.7262893785850366,0.726672840726529,0.726672840877864,0.05276957111938348,0.05276959193412668,3.630706846280418e-11
1719,0.002427274,0.002225224001449533,0.09501206899585668,2.427274,2.225224001449533,95.01206899585668,8.452467074659992,8.453005401757057,8.453005401761068,0.0063684698101907885,0.006368469857638508,7.351674824462862e-12
1720,0.002421639,0.002220378999481909,0.09492967400001362,2.4216390000000003,2.220378999481909,94.92967400001362,4.996588368434125,4.997227756282346,4.99722775637283,0.012794851053504424,0.012794852863957975,3.1678604184293135e-11
1721,0.002437458,0.0020862899982603267,0.09430987099767663,2.437458,2.0862899982603267,94.30987099767663,8.151972404105916,8.15245518618336,8.152455186284296,0.00592192249351662,0.005921923731550669,1.6131873614710912e-11
1722,0.002424302,0.002257082989672199,0.09430569199321326,2.424302,2.257082989672199,94.30569199321326,9.028948396368367,9.03233325565084,9.032333255935072,0.037474915801579634,0.03747491894722076,3.9034803167581344e-11
1723,0.002421052,0.002072650007903576,0.09490052300679963,2.421052,2.072650007903576,94.90052300679963,12.571590213446747,12.57236871481911,12.572368714234134,0.006192161477455398,0.006192156824876284,5.984901463307324e-11
1724,0.002426334,0.0019112919981125742,0.09470951500406954,2.426334,1.9112919981125742,94.70951500406954,3.52618271151416,3.5267684874839276,3.526768488304956,0.016609425082663005,0.01660944835870772,2.5457863594979813e-10
1725,0.002414099,0.002180347000830807,0.09435758899780922,2.4140989999999998,2.180347000830807,94.35758899780922,-3.9376397752422534,-3.937076855917674,-3.9370768558854685,0.014297900325045009,0.014297901143163512,5.422429172341481e-11
1726,0.002424177,0.001880659008747898,0.09479871900111903,2.424177,1.880659008747898,94.79871900111903,0.6450311173335237,0.6454775039595617,0.6454775034700262,0.06915603151151578,0.06915595572313009,3.2528890692162804e-10
1727,0.002419915,0.0020027110003866255,0.10319060599431396,2.419915,2.0027110003866255,103.19060599431396,1.9022721910356495,1.9030271243628825,1.9030271244796317,0.03967012963547335,0.0396701357679641,5.5149107502927563e-11
1728,0.002440092,0.0020514000061666593,0.09430945198982954,2.440092,2.0514000061666593,94.30945198982954,20.12130013888502,20.12286718307033,20.122867182885365,0.0077873802527973724,0.007787379333691131,5.5934507026123015e-11
1729,0.002432824,0.002070519985863939,0.09595717101183254,2.432824,2.070519985863939,95.95717101183254,12.446486571329984,12.447438744944602,12.447438744926007,0.007649554531885931,0.007649554382509973,6.79529765790221e-11
1730,0.00242451,0.002013015007833019,0.09570834999612998,2.42451,2.013015007833019,95.70834999612998,19.323582613423184,19.325292536691435,19.325292536408533,0.008848110656046458,0.008848109192277884,3.0945135343074526e-11
1731,0.0024345219999999997,0.002079876998323016,0.09442516299895942,2.434522,2.079876998323016,94.42516299895942,8.095891962222733,8.096456222483166,8.096456222269062,0.006969225114385786,0.0069692224701503,3.725142416755034e-11
1732,0.00244698,0.0020221730082994327,0.09433984399947803,2.44698,2.0221730082994327,94.33984399947803,15.498848979393696,15.499653598631085,15.499653599631877,0.005191207869703691,0.0051912143262375626,1.2098744228694613e-10
1733,0.002432648,0.0019579799991333857,0.093968847009819,2.432648,1.9579799991333857,93.968847009819,14.024207225236502,14.026347382668366,14.026347383295239,0.01525812368306435,0.015258128151634175,7.395339896021369e-11
1734,0.0024168139999999998,0.0018933060055132955,0.09433286999410484,2.4168139999999996,1.8933060055132955,94.33286999410484,14.186940169809922,14.187972127783283,14.187972130329758,0.007273470542979227,0.007273488489799184,2.2621225725938388e-10
1735,0.002423817,0.002033160999417305,0.09462784799688961,2.423817,2.033160999417305,94.62784799688961,3.1116470570509307,3.1121351964637327,3.1121351960138988,0.01568503236481108,0.01568501791288779,7.716172145677547e-11
1736,0.002425608,0.00201591600489337,0.09446391600067727,2.425608,2.01591600489337,94.46391600067727,4.23831818973208,4.239794137156235,4.239794137116181,0.034811770958868324,0.03481177001449816,1.9283907803924194e-11
1737,0.00243252,0.0020016899943584576,0.09431544999824837,2.4325200000000002,2.0016899943584576,94.31544999824837,-1.0441722525729666,-1.0432450791847465,-1.0432450793088783,0.08887397666372644,0.08887396475452704,4.686612209425789e-11
1738,0.002408579,0.0019785109907388687,0.09782797501247842,2.408579,1.9785109907388687,97.82797501247842,17.6753161154736,17.680130091933783,17.68013009189061,0.027228173294836247,0.027228173050715752,2.588507186374045e-11
1739,0.002419374,0.0020450099982554093,0.09471383500203956,2.4193740000000004,2.0450099982554093,94.71383500203956,1.1429449016635367,1.1436684720501518,1.1436684722481552,0.06326749440928456,0.06326751171133708,5.1676135592870764e-11
1740,0.002427473,0.00199513700499665,0.09421591499994975,2.427473,1.99513700499665,94.21591499994975,14.159728829331911,14.165477042689549,14.165477042419663,0.040579031262518446,0.040579029358057836,5.0426662845382e-11
1741,0.002436077,0.0020232560054864734,0.09369755700754467,2.436077,2.0232560054864734,93.69755700754467,4.243524143486681,4.244233458477055,4.244233458612182,0.016712440475137674,0.016712443658395217,2.6867175151323863e-11
1742,0.002431693,0.00199236799380742,0.09358540600806009,2.431693,1.9923679938074201,93.58540600806009,9.042089210964047,9.042646988039067,9.0426469880307,0.006168294258946666,0.006168294166428129,7.80348285989163e-11
1743,0.0024029010000000003,0.001995040991459973,0.093904597000801,2.4029010000000004,1.9950409914599732,93.904597000801,-2.2267446736141956,-2.2261798347113597,-2.226179834567766,0.02537256397837729,0.02537257043023768,2.958994160806583e-11
1744,0.0024177060000000004,0.0020944860007148236,0.09429746400564909,2.4177060000000004,2.0944860007148236,94.29746400564909,7.836664668796523,7.838376186847356,7.838376186563174,0.021835109849723578,0.02183510622499941,5.2916560022708836e-11
1745,0.0024154,0.001986304996535182,0.09452151000732556,2.4154,1.986304996535182,94.52151000732556,-0.8042194455050371,-0.8038230901592556,-0.8038230899181613,0.049308778341140024,0.04930880834937682,5.15820719471094e-11
1746,0.0024441899999999997,0.0020871650049230084,0.09590183799446095,2.44419,2.0871650049230084,95.90183799446095,6.597870571300618,6.598522765460849,6.598522765577734,0.00988394195812091,0.009883943729316242,3.8397840462778277e-11
1747,0.002424031,0.001968359007150866,0.09455927700037137,2.4240310000000003,1.968359007150866,94.55927700037137,14.79255549220148,14.793085830192755,14.793085830794723,0.003585039641917775,0.0035850437110259994,1.1794143439658455e-10
1748,0.0024191969999999997,0.0020872269960818812,0.09541099400667008,2.4191969999999996,2.0872269960818812,95.41099400667008,-1.3401412114286941,-1.3394653678945474,-1.3394653678385602,0.05045621561750924,0.05045621979943624,1.3171852497606551e-11
1749,0.002424256,0.002007029004744254,0.09415089800313581,2.424256,2.007029004744254,94.15089800313581,15.920175870823133,15.921141047069924,15.921141047376128,0.006062230363620866,0.006062232286763657,1.0144816930957035e-10
1750,0.002412577,0.002174900990212336,0.09366557899920736,2.4125769999999997,2.174900990212336,93.66557899920736,4.205450166506296,4.206303643563427,4.206303643605068,0.02029042906678672,0.02029043005656091,3.99841271203627e-11
1751,0.002406424,0.002328697999473661,0.09440999198704958,2.406424,2.328697999473661,94.40999198704958,8.285995622321707,8.286624110648738,8.286624110833191,0.007584371133999758,0.007584373359747534,7.303452287388268e-11
1752,0.002436689,0.002130754990503192,0.09468733699759468,2.4366890000000003,2.130754990503192,94.68733699759468,-3.687667099627319,-3.687321931567425,-3.687321931719346,0.009360941797331412,0.009360937676851387,2.2337576233155687e-11
1753,0.002420878,0.0020811389986192808,0.09416475500620436,2.420878,2.0811389986192808,94.16475500620436,6.245889025135355,6.246742370922934,6.246742370819405,0.013660652815639497,0.013660651158527994,5.443567818730344e-11
1754,0.0024388590000000003,0.0021368719899328426,0.09986812999704853,2.4388590000000003,2.1368719899328426,99.86812999704853,2.520559106405699,2.5218434326974446,2.5218434325701935,0.050928074086341237,0.0509280690429555,1.9145782181873017e-11
1755,0.002419983,0.002027622002060525,0.09430730099848006,2.419983,2.027622002060525,94.30730099848006,7.781559658447733,7.7836867503490765,7.783686750276686,0.027327563011805407,0.02732756208203634,4.2071401917809226e-11
1756,0.002418963,0.001890294995973818,0.09356012099306099,2.418963,1.890294995973818,93.56012099306099,13.408185028926493,13.409246782773216,13.409246785027541,0.007918072237194701,0.007918089047581326,2.1870691369052508e-10
1757,0.002410825,0.0020135139930061996,0.09387967399379704,2.410825,2.0135139930061996,93.87967399379704,6.09183299017884,6.093691008619398,6.093691008673932,0.030490854195425344,0.030490855090080603,1.91411331229574e-11
1758,0.002436175,0.0019844719936372712,0.09418721300608013,2.436175,1.9844719936372712,94.18721300608013,6.489561013163144,6.490114641586278,6.490114640409207,0.008530333494982544,0.008530315360164558,1.3614573357578763e-10
1759,0.0024261879999999997,0.0020739000028697774,0.09444254099798854,2.426188,2.0739000028697774,94.44254099798854,9.741932677354502,9.74414043866285,9.744140438797775,0.022657322338954025,0.022657323723318204,9.282985491410045e-11
1760,0.002402309,0.0019540719949873164,0.09399102699535433,2.4023090000000002,1.9540719949873164,93.99102699535433,5.240578430853581,5.241628477588346,5.241628478043538,0.0200328340563321,0.020032842738753116,7.913292243699743e-11
1761,0.002425598,0.0019504859956214204,0.09327405699878,2.4255980000000004,1.9504859956214204,93.27405699878,2.102245245355256,2.1036453772565835,2.103645377543348,0.06655741107626376,0.0665574246989746,8.099354520396673e-11
1762,0.0024179049999999997,0.0020443889952730387,0.09479029999056365,2.4179049999999997,2.0443889952730387,94.79029999056365,13.11930804808786,13.121903896777265,13.12190389658759,0.019782561355625762,0.019782559910421552,4.226612115854067e-11
1763,0.002421306,0.001958613996976055,0.09607513900846243,2.421306,1.9586139969760552,96.07513900846243,3.8578020261433252,3.8583722155194984,3.8583722151243762,0.014777977455873201,0.014777967216742707,7.589506800798063e-11
1764,0.002424922,0.0019017390004592016,0.09464333500363864,2.424922,1.9017390004592016,94.64333500363864,18.545187517487815,18.545816562080645,18.545816561882635,0.0033918409077598457,0.003391839840113242,6.003236796559008e-11
1765,0.002426195,0.0019498990004649386,0.09390539799642283,2.426195,1.9498990004649386,93.90539799642283,8.911164965898664,8.913012664326235,8.913012664261451,0.02073034670944407,0.020730345982750344,2.528360854014977e-11
1766,0.002409688,0.001967678006622009,0.09382965000986587,2.409688,1.967678006622009,93.82965000986587,2.2461798609832506,2.247046827525942,2.247046827297254,0.03858248666967145,0.03858247649632112,6.490630255484575e-11
1767,0.002412314,0.001975060993572697,0.09398579300614074,2.412314,1.975060993572697,93.98579300614074,3.6870663958631233,3.688685744524939,3.6886857445119787,0.043900423456220236,0.04390042310502171,8.109751759022288e-11
1768,0.002413111,0.0021556150022661313,0.09429303799697664,2.413111,2.1556150022661313,94.29303799697664,7.98990895224334,7.992952042213183,7.9929520421886515,0.03807216600039091,0.038072165693593764,1.9807877560396037e-11
1769,0.002419413,0.0020064169948454946,0.09424560000479687,2.419413,2.0064169948454946,94.24560000479687,8.195696116748568,8.196504363353533,8.196504363990243,0.009860869574823815,0.009860877342128347,1.3613904448206426e-10
1770,0.002411296,0.0021553499973379076,0.09388382700853981,2.4112959999999997,2.1553499973379076,93.88382700853981,9.462339522032831,9.465242925505315,9.465242925170195,0.030674368268564466,0.030674364729114056,4.090694449843113e-11
1771,0.002431613,0.0019870990072377026,0.0938750609930139,2.431613,1.9870990072377026,93.8750609930139,2.166351555420391,2.1674492955995603,2.16744929481958,0.050646637104631145,0.050646601136754406,8.502987203229395e-11
1772,0.002426471,0.0020616190013242885,0.09393313300097361,2.426471,2.0616190013242885,93.93313300097361,4.114634099302801,4.115798183319551,4.115798183019052,0.02828331139918254,0.028283304100131988,5.1122051036855964e-11
1773,0.00242306,0.0017987400060519576,0.09434047000831924,2.42306,1.7987400060519576,94.34047000831924,7.420948492107751,7.421839974426359,7.421839974036089,0.012011607925787652,0.012011602668031165,2.553847133768272e-10
1774,0.002433139,0.0018881519936257973,0.09382962599920575,2.433139,1.8881519936257973,93.82962599920575,5.21892143455392,5.219421285241843,5.219421285714457,0.009576745401575331,0.009576754455619086,9.32977237133592e-11
1775,0.002423735,0.0019350869988556951,0.09376368299126625,2.423735,1.9350869988556951,93.76368299126625,2.331303308474599,2.3324661222332246,2.332466122231672,0.049853403980520156,0.04985340391399135,6.176253952716593e-11
1776,0.002443505,0.0021122860052855685,0.09415510499093216,2.443505,2.1122860052855685,94.15510499093216,7.53813746766032,7.5389193647756585,7.538919364589635,0.010371474710177497,0.010371472242922727,5.517541978861118e-11
1777,0.0024242990000000004,0.0019253749924246222,0.09406966899405234,2.4242990000000004,1.9253749924246222,94.06966899405234,17.36284935612685,17.36394150046454,17.36394150036905,0.00628972596838625,0.006289725418489026,6.305628241776162e-11
1778,0.00241109,0.002057666002656333,0.09348108898848295,2.4110899999999997,2.057666002656333,93.48108898848295,3.0962598373067607,3.0967403058536647,3.0967403059290532,0.015515299942838753,0.015515302376910713,3.624922584322121e-11
1779,0.0024291499999999997,0.0020261409954400733,0.09397838100267109,2.42915,2.0261409954400733,93.97838100267109,20.59665460791635,20.606861381403398,20.60686138074414,0.04953094650435153,0.04953094330671379,6.60498877813609e-11
1780,0.0024336049999999997,0.0019355619879206643,0.0937596439907793,2.4336049999999996,1.9355619879206643,93.7596439907793,7.009608449027702,7.012292377768347,7.012292377864036,0.038274626841768404,0.038274628205832543,3.077182952893054e-11
1781,0.0024140719999999997,0.0018830170010915026,0.09497974399710074,2.4140719999999996,1.8830170010915026,94.97974399710074,2.9933267076473626,2.993786769677385,2.9937867691894233,0.015367227709137541,0.015367211412496445,1.7759160808594743e-10
1782,0.002419846,0.0020144970039837062,0.0939449559955392,2.4198459999999997,2.0144970039837062,93.9449559955392,4.812104186424008,4.812760040470042,4.812760040059285,0.013627399673346507,0.013627391139746843,7.73478919802173e-11
1783,0.002436509,0.001937715001986362,0.09347143600462005,2.436509,1.937715001986362,93.47143600462005,4.55287470202234,4.553711515005546,4.55371151492886,0.018376504098869876,0.01837650241516127,1.0415929230234156e-10
1784,0.0024277640000000002,0.0020366699900478125,0.09462097298819572,2.4277640000000003,2.0366699900478125,94.62097298819572,6.563175333365976,6.5712035256730985,6.571203525803469,0.12217232772896429,0.12217232971050548,1.8465728945926685e-11
1785,0.0024237399999999997,0.0020534330105874687,0.09398425700783264,2.4237399999999996,2.0534330105874687,93.98425700783264,0.11912414614618783,0.11991317526533152,0.1199131755475662,0.6580003551718226,0.6580005889889771,5.389599877503315e-11
1786,0.0024283990000000004,0.002049094997346401,0.09305194400076289,2.428399,2.049094997346401,93.05194400076289,3.479097299122426,3.4800638879697203,3.480063887940098,0.02777503167789295,0.02777503082692297,3.0362351521873165e-11
1787,0.0024245689999999997,0.0020920390088576823,0.0939138579997234,2.4245689999999995,2.0920390088576823,93.9138579997234,-3.704482356784446,-3.7040440539444432,-3.7040440542374498,0.011833089283483051,0.011833081372098214,6.179351474955297e-11
1788,0.002404261,0.0019978369964519516,0.09304963100294117,2.404261,1.9978369964519516,93.04963100294117,3.1055588895382975,3.106859557660016,3.1068595574680593,0.04186440029165959,0.04186439411576693,4.7207127096271506e-11
1789,0.002419769,0.0021465609897859395,0.09279880300164223,2.419769,2.1465609897859395,92.79880300164223,3.9103778202262234,3.9108196436973977,3.91081964353981,0.011297464762567315,0.011297460733490763,3.081190858011951e-11
1790,0.002444118,0.0022365500044543296,0.09337117501127068,2.444118,2.2365500044543296,93.37117501127068,7.35206494221082,7.3537299142825745,7.353729914358762,0.022641191492779583,0.022641192528589923,8.161976650100655e-11
1791,0.00241706,0.001954618011950515,0.09303377600735985,2.4170599999999998,1.9546180119505152,93.03377600735985,11.671797568698793,11.672688666038532,11.672688666131847,0.007634036726532114,0.007634037525906246,3.6472075359839096e-11
1792,0.0024103930000000003,0.002152411005226895,0.09414715299499221,2.4103930000000005,2.152411005226895,94.14715299499221,6.574239265134896,6.57511747559046,6.5751174754708295,0.013356574370336678,0.013356572551136495,2.0209500739554187e-11
1793,0.002433957,0.002136801995220594,0.093774018008844,2.433957,2.136801995220594,93.774018008844,11.221716509567141,11.22320079561862,11.223200795645923,0.013225158121187974,0.013225158364425123,5.831052307669893e-11
1794,0.002425777,0.0021065809996798635,0.09371520699642133,2.425777,2.1065809996798635,93.71520699642133,14.326307136014286,14.328076814720557,14.328076814666677,0.012351125200926754,0.012351124824925135,2.8877400470861403e-11
1795,0.0024267159999999998,0.001916711000376381,0.0936513000051491,2.426716,1.916711000376381,93.6513000051491,6.917312947576285,6.918139796755298,6.918139796794911,0.011951900414055323,0.0119519009865795,6.278138425797053e-11
1796,0.002430958,0.0021177750022616237,0.09406941699853633,2.430958,2.1177750022616237,94.06941699853633,4.932968202712022,4.934978686912935,4.9349786869816334,0.040739470795368264,0.0407394721868806,1.6351697773586693e-11
1797,0.0024243370000000004,0.0020266030041966587,0.09389416199701373,2.4243370000000004,2.0266030041966587,93.89416199701373,3.967708811288219,3.9680104130076828,3.9680104130071463,0.007600829838430508,0.007600829824911919,8.802736317647941e-12
1798,0.002424834,0.0020456179918255657,0.09353963400644716,2.4248339999999997,2.0456179918255657,93.53963400644716,8.449400059262551,8.449939631840738,8.44993963175234,0.006385519917256904,0.006385518871178697,3.089017930335558e-11
1799,0.002413433,0.0020455640042200685,0.09369191000587307,2.413433,2.0455640042200685,93.69191000587307,0.5347520161514545,0.535616903990384,0.5356169040643479,0.1614750827477599,0.16147509653457512,2.7919000444853737e-11
1800,0.002424321,0.0020571100030792877,0.09399616500013508,2.424321,2.0571100030792877,93.99616500013508,3.3874337401404944,3.388483618974586,3.3884836190609917,0.03098373644814937,0.03098373899733619,4.067224335102537e-11
1801,0.002435685,0.0019516080064931884,0.09335489200020675,2.435685,1.9516080064931884,93.35489200020675,10.682794975376726,10.68357586938523,10.683575869673607,0.007309294360338431,0.007309297059399562,8.857192757005805e-11
1802,0.0024231920000000002,0.001991311990423128,0.09388952198787592,2.4231920000000002,1.991311990423128,93.88952198787592,-0.140991805061212,-0.14050183225074875,-0.14050183257801763,0.3487305486442481,0.348730314903407,1.6134271696444102e-10
1803,0.002423213,0.0021015989914303645,0.0938412459945539,2.423213,2.1015989914303645,93.8412459945539,8.634808082290363,8.635419806277657,8.635419806361902,0.007083894020410591,0.007083894995922303,2.7648716649508742e-11
1804,0.002421415,0.001967567004612647,0.09353893200750463,2.421415,1.967567004612647,93.53893200750463,-0.1787899542204876,-0.17778197692634734,-0.1777819768260258,0.566973835912429,0.5669738926618968,1.208094180249475e-10
1805,0.002426231,0.0021206980018178,0.09461757499957457,2.426231,2.1206980018178,94.61757499957457,11.968609625689236,11.9693516394676,11.969351639476976,0.006199281303736772,0.006199281382062069,2.0727419780541823e-11
1806,0.002414049,0.0020174040109850466,0.09386995399836451,2.4140490000000003,2.0174040109850466,93.86995399836451,-2.194721009830719,-2.1938523956530673,-2.1938523954833116,0.03959310021825442,0.03959310795911141,3.9522662920177254e-11
1807,0.0024322239999999998,0.002008616997045465,0.09375702199758962,2.4322239999999997,2.008616997045465,93.75702199758962,8.532395402150975,8.533163971624468,8.533163971500233,0.0090068522771726,0.00900685082139775,2.5819901772194953e-11
1808,0.002426911,0.0019760279974434525,0.09414525200554635,2.426911,1.9760279974434525,94.14525200554635,10.89238124809204,10.895280609515655,10.89528060962649,0.02661116796829868,0.026611168985294188,4.145628285101566e-11
1809,0.0023604439999999997,0.001958690001629293,0.09411806300340686,2.3604439999999998,1.958690001629293,94.11806300340686,4.1421983905270885,4.143602444565651,4.143602444583024,0.033884863650573915,0.03388486406969914,3.2718328046854595e-11
1810,0.002417196,0.001947440003277734,0.09412767400499433,2.417196,1.947440003277734,94.12767400499433,-4.132017071510145,-4.131553640186702,-4.131553640205727,0.011216877809232025,0.011216877348705129,5.274947145750275e-11
1811,0.002437257,0.0019535450119292364,0.09414458299579564,2.437257,1.9535450119292364,94.14458299579564,12.02206229450875,12.024045654792879,12.024045655243697,0.016494949712189743,0.016494953460875504,1.1446488201727334e-10
1812,0.002432491,0.0020391510042827576,0.09368000699032564,2.432491,2.0391510042827576,93.68000699032564,1.2054114426037188,1.206177122369727,1.2061771224374986,0.0634798780218925,0.0634798836370334,3.4069191912067254e-11
1813,0.002428637,0.0019807909993687645,0.09338050299265888,2.428637,1.9807909993687645,93.38050299265888,12.741508134023654,12.742015419960005,12.742015420068274,0.003981206423249223,0.003981207272915743,2.7488823717281008e-11
1814,0.0024265940000000002,0.0020166759932180867,0.09469264700601343,2.426594,2.0166759932180867,94.69264700601343,8.530668461691054,8.532947673380828,8.532947673177489,0.026710719167831215,0.026710716785474473,4.0348946406254527e-11
1815,0.002438195,0.001991644996451214,0.09543463301088195,2.4381950000000003,1.991644996451214,95.43463301088195,12.308011680651951,12.31462943013457,12.314629429987463,0.05373892507414403,0.05373892388021317,2.926976716555174e-11
1816,0.002427642,0.0020314839930506423,0.09433023299789056,2.4276419999999996,2.0314839930506423,94.33023299789056,8.520686236743664,8.521528109453705,8.521528109481707,0.00987936317556216,0.009879363504138471,2.190919667910407e-11
1817,0.002424206,0.0019943460065405816,0.09444968900061212,2.424206,1.9943460065405816,94.44968900061212,-0.8611488278281669,-0.8605939168397292,-0.8605939168552297,0.06448000358583557,0.06448000178353552,2.0683732504522823e-11
1818,0.002406737,0.0022301569988485426,0.09425329200166743,2.406737,2.2301569988485426,94.25329200166743,0.975308192642629,0.9758631310680492,0.9758631312560695,0.05686641986492947,0.05686643912104641,2.1811386030634594e-11
1819,0.00244201,0.002076589997159317,0.09478859399678186,2.4420100000000002,2.076589997159317,94.78859399678186,1.190825558917318,1.1929254905021018,1.1929254904362274,0.17603208259888647,0.17603207708651733,1.6757623066965266e-11
1820,0.002424787,0.0019383819890208542,0.0948289410007419,2.424787,1.9383819890208542,94.8289410007419,0.1308159100529238,0.13163343268413286,0.13163343279584794,0.6210600259667839,0.6210601103080196,2.0712431769709383e-11
1821,0.002413824,0.0018186309898737818,0.0945233759994153,2.413824,1.8186309898737818,94.5233759994153,12.681188255544985,12.682097890420565,12.682097890293235,0.007172589925100688,0.0071725889211648524,2.073592408891045e-10
1822,0.0024077919999999997,0.0019047099922318012,0.09471379600290675,2.4077919999999997,1.9047099922318012,94.71379600290675,0.0016053607811628012,0.0020039130400810734,0.002003912973627564,19.888700305186283,19.888697648545463,2.522691777695485e-11
1823,0.002434724,0.00201995499082841,0.0953460129967425,2.434724,2.01995499082841,95.3460129967425,6.530227391937586,6.531130954690397,6.531130954833905,0.013834705797190745,0.013834707994183322,3.9035885635030354e-11
1824,0.002432377,0.0019596560014178976,0.09467503600171767,2.432377,1.9596560014178976,94.67503600171767,0.7920967544415305,0.7931802673874095,0.7931802672781387,0.1366036184243392,0.13660360466686805,1.9382717653115833e-11
1825,0.002416878,0.0019500170019455254,0.09403221400862094,2.416878,1.9500170019455254,94.03221400862094,14.20788525896868,14.208311887404804,14.2083118872834,0.003002668012248616,0.0030026671578213806,3.7590985879631944e-11
1826,0.0024446269999999996,0.0020066909928573295,0.09484024900302757,2.4446269999999997,2.0066909928573295,94.84024900302757,3.4637929807776864,3.4640210920881813,3.4640210922822234,0.006585159398017069,0.006585164999291789,1.570765739700164e-10
1827,0.002424855,0.002145115999155678,0.09387027399498038,2.424855,2.145115999155678,93.87027399498038,3.5651458986585425,3.5656114792192817,3.5656114793983917,0.013057523609979535,0.013057528632587126,7.191169881792803e-11
1828,0.002429745,0.0020167490001767874,0.09422587500012014,2.429745,2.0167490001767874,94.22587500012014,13.572722252177655,13.575816873905499,13.575816873763255,0.022795105123962225,0.02279510407642949,1.71574421337084e-11
1829,0.002503148,0.0019847950024995953,0.10120706399902701,2.5031480000000004,1.9847950024995953,101.20706399902701,-1.9078061244210431,-1.9070365035619226,-1.9070365033676175,0.04035690232898517,0.04035691252194329,5.155692539560164e-11
1830,0.002442849,0.00199759699171409,0.09663811400241684,2.442849,1.99759699171409,96.63811400241684,-4.844188483237559,-4.843288761134289,-4.843288761144727,0.018576676874813007,0.018576676659260882,1.2215561895345672e-11
1831,0.002413245,0.00190493899572175,0.09441413400054444,2.413245,1.90493899572175,94.41413400054444,-5.429148809282982,-5.428559451762013,-5.428559451624583,0.010856609865029808,0.010856612396908563,7.329337137207403e-11
1832,0.002412567,0.0019716469978448004,0.09457012599159498,2.412567,1.9716469978448004,94.57012599159498,-0.9382526017831481,-0.9379498802260358,-0.9379498797190706,0.032274811639120195,0.032274865706908844,7.431311122019224e-11
1833,0.002429342,0.0019702980061993003,0.09472360300424043,2.429342,1.9702980061993003,94.72360300424043,8.355643360737378,8.358369380043055,8.358369379881328,0.03261424784821047,0.03261424591393503,5.6049886953957184e-11
1834,0.002407813,0.001960511988727376,0.09487943000567611,2.407813,1.9605119887273759,94.87943000567611,11.161956837475188,11.162675080643378,11.162675080665768,0.006434328357688539,0.006434328558247641,3.8128167290096826e-11
1835,0.002419747,0.002068447007331997,0.0949540940055158,2.419747,2.068447007331997,94.9540940055158,4.443896555215904,4.444674652168963,4.444674652137493,0.017506274675911305,0.017506273967998327,9.746842222213559e-12
1836,0.0024464210000000003,0.00198677099251654,0.09483171199099161,2.4464210000000004,1.98677099251654,94.83171199099161,9.226679962820548,9.227542381696995,9.227542381090199,0.009346138340784155,0.0093461317654724,6.165071231301056e-11
1837,0.0024320590000000003,0.0020230299996910617,0.0940863680007169,2.432059,2.0230299996910617,94.0863680007169,11.912880983270782,11.917643078400374,11.917643078642051,0.039958363396731,0.03995836542381243,7.067257890014389e-11
1838,0.002430986,0.0020424700051080436,0.09449160299845971,2.430986,2.0424700051080436,94.49160299845971,4.440633202876924,4.44702070276934,4.4470207027263235,0.14363548810190718,0.1436354871359915,3.5143055132635936e-11
1839,0.002436323,0.0020643580064643174,0.09480639599496499,2.436323,2.0643580064643174,94.80639599496499,12.205712270697703,12.21046072152712,12.210460721369202,0.038888383802308135,0.03888838250950916,3.013767013726465e-11
1840,0.002452264,0.0019786920020123944,0.09452871800749563,2.452264,1.9786920020123944,94.52871800749563,10.376984801237363,10.37964674728844,10.379646747410412,0.025645825102599773,0.025645826277403583,5.7767568506505995e-11
1841,0.002429196,0.002015286998357624,0.09444129299663473,2.4291959999999997,2.015286998357624,94.44129299663473,6.520100785416009,6.521239642172471,6.521239642316573,0.017463807787362756,0.017463809996704258,5.285890475326127e-11
1842,0.002424523,0.0020678580040112138,0.09418623198871501,2.424523,2.067858004011214,94.18623198871501,10.251622145958581,10.254335801880472,10.254335800815156,0.026463497727403765,0.026463487341213725,5.563038918410257e-11
1843,0.00241511,0.0019230900070397183,0.0944339029956609,2.41511,1.9230900070397183,94.4339029956609,0.859040490308292,0.8594252250207077,0.8594252248955847,0.04476651385307722,0.04476649930067566,4.861466784689128e-11
1844,0.002430659,0.0019600870000431314,0.09510452399263158,2.430659,1.9600870000431314,95.10452399263158,10.48588440231573,10.48692643287334,10.486926432704735,0.009936472466740235,0.009936470859139252,2.1104999692322934e-10
1845,0.002423931,0.0019248760072514415,0.09470842000155244,2.4239309999999996,1.9248760072514415,94.70842000155244,4.7451600833603536,4.745860343023715,4.745860343176545,0.014755167930521654,0.014755171150340097,7.8803963354801e-11
1846,0.002419915,0.0019697500101756305,0.09437641900149174,2.419915,1.9697500101756305,94.37641900149174,9.534360521810001,9.535326004390392,9.535326004494522,0.01012532324480674,0.01012532433674103,4.069655723526466e-11
1847,0.002414125,0.001913608008180745,0.09564673600834794,2.414125,1.913608008180745,95.64673600834794,-1.8696981352439472,-1.868800069815773,-1.868800069730323,0.0480557253116332,0.04805572988627627,4.770078776417108e-11
1848,0.0024219899999999997,0.001958660999662243,0.0956167750118766,2.4219899999999996,1.9586609996622428,95.6167750118766,8.823774627039636,8.825327549670984,8.8253275488658,0.01759620390979637,0.017596194787848324,1.4222822919407463e-10
1849,0.002417519,0.0018920889997389168,0.09467000800941605,2.417519,1.8920889997389168,94.67000800941605,7.443398236695273,7.443749112257386,7.443749112372103,0.004713694091796925,0.004713695632844529,4.707390033331649e-11
1850,0.002428328,0.0019752620137296617,0.09696250599517953,2.428328,1.9752620137296617,96.96250599517953,10.156486152817738,10.158736935851664,10.158736935713346,0.022156130709344815,0.022156129348081532,1.1823075851680187e-10
1851,0.002420494,0.0018123059999197721,0.09513431000232231,2.420494,1.8123059999197721,95.13431000232231,9.417707029775485,9.418259633179598,9.418259635079387,0.005867362184054265,0.005867382354206468,1.8699353176998557e-10
1852,0.002420999,0.001990493998164311,0.0970260070025688,2.420999,1.990493998164311,97.0260070025688,1.0618721007515752,1.064412060983301,1.0644120609243117,0.2386256530557676,0.23862564752703525,4.5361436828983415e-11
1853,0.0024230249999999997,0.0018693989986786619,0.09692474199982826,2.4230249999999995,1.8693989986786619,96.92474199982826,6.344721543802013,6.345256622011362,6.345256622044094,0.008432727645612237,0.00843272816140526,8.239142701427227e-11
1854,0.002428888,0.0019388770015211776,0.09625918499659747,2.428888,1.9388770015211776,96.25918499659747,7.305013940047754,7.306331786335832,7.306331786443991,0.018037044123053445,0.018037045603130034,1.4080003829519683e-10
1855,0.0024418639999999998,0.0020013279863633215,0.09393335999629926,2.441864,2.0013279863633215,93.93335999629926,0.9265728503779691,0.9272161832453634,0.927216183194524,0.06938326563094757,0.06938326015174437,2.2206070315888837e-11
1856,0.002416466,0.0019857329898513854,0.09524679800961167,2.416466,1.9857329898513854,95.24679800961167,-1.4661389338867892,-1.465616956922748,-1.4656169572630091,0.035614828388528835,0.035614805164020255,3.103882151300752e-10
1857,0.0024237599999999996,0.002116945994202979,0.09741362600470893,2.4237599999999997,2.116945994202979,97.41362600470893,10.620262697482062,10.62082549077866,10.62082549118896,0.005298960020454342,0.005298963883408393,9.391465383146169e-11
1858,0.002421399,0.0021555240091402084,0.09640019299695268,2.421399,2.1555240091402084,96.40019299695268,13.011628740244625,13.015449826366158,13.015449826700447,0.02935807960930182,0.02935808217694954,2.958289169185946e-11
1859,0.002417483,0.0019107140105916187,0.09589693199086469,2.417483,1.9107140105916187,95.89693199086469,4.509601008994057,4.510242318270809,4.510242318181774,0.014218953916372477,0.014218951942600528,1.025871609883211e-10
1860,0.002433511,0.002111895999405533,0.09615125799609814,2.433511,2.111895999405533,96.15125799609814,6.319091550514994,6.319745024304851,6.319745024307046,0.010340192323325535,0.010340192358063487,4.0700109948943464e-11
1861,0.002419284,0.002032221993431449,0.09506517699628603,2.4192839999999998,2.032221993431449,95.06517699628603,1.3192926724550773,1.3207491267227027,1.3207491268545866,0.11027486130083257,0.11027487127535382,3.1368024497324676e-11
1862,0.0024186750000000003,0.0021030530042480677,0.09653944699675776,2.4186750000000004,2.1030530042480677,96.53944699675776,6.218608134555311,6.221071630274693,6.221071630847497,0.03959921804137399,0.03959922724520952,1.1118411746835477e-10
1863,0.002408422,0.002012545010074973,0.09603362598863896,2.408422,2.012545010074973,96.03362598863896,8.971603047706608,8.972334600618037,8.972334600049386,0.008153428778484116,0.008153422441175433,5.265499147810715e-11
1864,0.002423919,0.002035917990724556,0.09764527699735481,2.423919,2.035917990724556,97.64527699735481,20.736913479365057,20.737425512728404,20.737425512865066,0.0024691269561503445,0.002469127615146625,5.6617432964145564e-11
1865,0.002413185,0.002017869002884254,0.09945508600503672,2.413185,2.017869002884254,99.45508600503672,7.077518319914308,7.077962424582726,7.07796242445955,0.006274470557732631,0.006274468817565053,9.478706708421214e-11
1866,0.0024196319999999997,0.002033098993706517,0.10309773200424388,2.4196319999999996,2.033098993706517,103.09773200424388,13.154116170100657,13.154673210483878,13.154673209787354,0.004234543681229296,0.004234538386576804,2.3712110053253355e-10
1867,0.0024284579999999997,0.0020477189973462373,0.10493516600399744,2.4284579999999996,2.0477189973462373,104.93516600399744,8.328706698018099,8.329355220713687,8.329355220719954,0.00778598917207135,0.007785989247305252,6.795441986895412e-11
1868,0.0024171769999999995,0.002047978006885387,0.1059515789966099,2.4171769999999997,2.047978006885387,105.9515789966099,0.38754308564821827,0.388676718929144,0.3886767189936897,0.2916648272757525,0.29166484383384356,4.0953601621041e-11
1869,0.002425163,0.0019945539970649406,0.098653662003926,2.425163,1.9945539970649406,98.653662003926,6.942689132455964,6.943186552525077,6.943186552309722,0.007164146683227445,0.0071641435817780584,4.0420833347099006e-11
1870,0.0024224420000000003,0.0020385679963510484,0.09863395700813271,2.422442,2.0385679963510484,98.63395700813271,7.162824967234375,7.164912064366526,7.164912063860356,0.029129417268504113,0.02912941020600453,1.140084138206987e-10
1871,0.0024421449999999997,0.0020222980092512444,0.10034302600251976,2.4421449999999996,2.0222980092512444,100.34302600251976,11.325169516962777,11.326060569993814,11.326060569975933,0.007867281174509336,0.007867281016648613,3.057296082964456e-11
1872,0.0024094809999999998,0.002031839991104789,0.09953052600030787,2.409481,2.031839991104789,99.53052600030787,-2.8141178554652697,-2.8135997315074164,-2.8135997314282264,0.01841498462099096,0.01841498743605274,1.359098250608426e-11
1873,0.002446815,0.001895184992463328,0.0990774359961506,2.4468150000000004,1.895184992463328,99.0774359961506,12.940649953823502,12.941489272866633,12.941489272486834,0.006485490390123393,0.006485487455571864,8.924683214672768e-11
1874,0.0024090690000000002,0.0020372860017232597,0.09894571600307245,2.409069,2.0372860017232597,98.94571600307245,7.438265545770086,7.438796205526415,7.43879620553561,0.007133677838019103,0.007133677961611238,3.9076075708521785e-11
1875,0.002417378,0.0020509999885689467,0.09660876000998542,2.417378,2.0509999885689467,96.60876000998542,4.219730101784357,4.220288794067159,4.220288794008457,0.013238247666533899,0.013238246275782697,2.01129113364118e-11
1876,0.002422061,0.0019626070134108886,0.0958707969984971,2.4220610000000002,1.9626070134108886,95.8707969984971,7.278441957035611,7.279253296192721,7.279253296317087,0.011145911868933387,0.011145913577246426,5.908296074608188e-11
1877,0.002413934,0.0020421819936018437,0.0963468990084948,2.413934,2.0421819936018437,96.3468990084948,7.789111055258154,7.79027442594391,7.790274426169184,0.014933629062944511,0.014933631954246764,3.9035003007725777e-10
1878,0.002414986,0.001981681998586282,0.09860140399541706,2.414986,1.9816819985862821,98.60140399541706,18.742780671481672,18.74371659785689,18.74371659747121,0.004993280656642443,0.004993278599100736,5.547728942900676e-11
1879,0.002403858,0.0019451389962341636,0.09656527999322861,2.403858,1.9451389962341636,96.56527999322861,4.065757945569878,4.066729499168584,4.066729498925959,0.023890293143541824,0.023890287178859115,1.4654832902749604e-10
1880,0.0024152540000000004,0.0019005779904546216,0.09580058300343808,2.4152540000000005,1.9005779904546216,95.80058300343808,2.825667754146089,2.826663950510717,2.826663950541267,0.035242829783439275,0.035242830863830114,2.1221024937290167e-10
1881,0.002419857,0.001973530001123436,0.09553489300014917,2.419857,1.9735300011234358,95.53489300014917,1.1824423814060232,1.1835954600855096,1.1835954601367682,0.09742168826865356,0.09742169259518385,3.4243496926933403e-11
1882,0.002429979,0.0019063329964410514,0.09539061500981916,2.429979,1.9063329964410514,95.39061500981916,7.75347053809249,7.7538628689095255,7.75386286964212,0.005059811137605134,0.005059820585249153,1.1721290604782553e-10
1883,0.002427042,0.0019514699961291626,0.09444377401086967,2.4270419999999997,1.9514699961291626,94.44377401086967,4.502673036165362,4.503191372372402,4.503191372368249,0.011510419260005266,0.011510419167789682,4.827649391359046e-11
1884,0.002452129,0.0019959659985033795,0.09481185500044376,2.452129,1.9959659985033795,94.81185500044376,12.38198114730368,12.384015517903471,12.384015517815513,0.016427390589505268,0.016427389879366976,4.893763172475474e-11
1885,0.0024270940000000003,0.002055110002402216,0.09542827399855014,2.4270940000000003,2.055110002402216,95.42827399855014,8.171188300416532,8.172893691825081,8.172893691948744,0.020866433271427856,0.020866434784197484,5.7316484891600794e-11
1886,0.0024192700000000003,0.002084972002194263,0.09618735600088257,2.4192700000000005,2.084972002194263,96.18735600088257,5.8717832926222435,5.872773455143779,5.872773455140749,0.016860219947158982,0.016860219895565746,5.085409870986268e-11
1887,0.00243145,0.002070257003651932,0.09480881100171246,2.43145,2.070257003651932,94.80881100171246,3.453549858715629,3.454922480282672,3.4549224804222796,0.039729446170693634,0.039729450209915126,3.909650381217489e-11
1888,0.002419803,0.0019568809948395938,0.09439445500902366,2.419803,1.9568809948395938,94.39445500902366,2.200946259914872,2.2017030535007613,2.201703053487993,0.034373099709613684,0.034373099129877745,4.992051216845539e-11
1889,0.0024060640000000003,0.001982913992833346,0.09667176099901553,2.406064,1.9829139928333461,96.67176099901553,6.522644736319474,6.522993160243338,6.52299316031289,0.0053414730830532945,0.005341474149247278,5.938849412245872e-11
1890,0.0024164959999999997,0.0021848339965799823,0.09524885700375307,2.4164959999999995,2.1848339965799823,95.24885700375307,13.053329946719288,13.06005711889211,13.060057119185075,0.05150951570565511,0.05150951794770481,7.317518813110269e-11
1891,0.0024659160000000003,0.002037390004261397,0.09441210200020578,2.4659160000000004,2.037390004261397,94.41210200020578,4.228108149774595,4.228740123098511,4.22874012305239,0.014944718888350455,0.014944717797849859,8.8854201774069e-12
1892,0.002415763,0.001955560001078993,0.09503947100893129,2.415763,1.955560001078993,95.03947100893129,8.324014239498826,8.324727525073534,8.324727525233989,0.008568275328648263,0.008568277255930712,3.7807840191916853e-10
1893,0.0024344880000000003,0.0019437860028119758,0.0951791819970822,2.4344880000000004,1.9437860028119758,95.1791819970822,18.10955925147519,18.11024013373569,18.110240134186185,0.003759653408636373,0.003759655896056817,1.3156653544399433e-10
1894,0.002454354,0.002020765998167917,0.09482913400279358,2.4543540000000004,2.020765998167917,94.82913400279358,12.115492646835108,12.125419535666364,12.125419536873551,0.08186841537363984,0.08186842532132808,1.3322656866598948e-10
1895,0.002468945,0.0020510150061454624,0.09565249498700723,2.468945,2.0510150061454624,95.65249498700723,1.3384545106551187,1.3389023009589636,1.3389023008962333,0.033444583934479445,0.033444579250845284,3.4943048454749714e-11
1896,0.002416827,0.002020479994826019,0.09537856900715269,2.416827,2.020479994826019,95.37856900715269,-0.4456820012003391,-0.44526032247443226,-0.4452603225459839,0.09470386302633763,0.09470384694149646,3.497538370034192e-11
1897,0.002416761,0.001914377004140988,0.09544292600185145,2.4167609999999997,1.914377004140988,95.44292600185145,10.366513812196857,10.367132933123038,10.367132933282917,0.005971958980127897,0.005971960522209724,7.062261886403576e-11
1898,0.0024102589999999997,0.001970177996554412,0.0951364590000594,2.4102589999999995,1.970177996554412,95.1364590000594,11.009276477095536,11.009807533031822,11.009807532875126,0.004823480652973788,0.0048234792298023944,2.4428792322339632e-11
1899,0.002431753,0.0018896000110544264,0.09499692199460696,2.431753,1.8896000110544264,94.99692199460696,9.417672053497913,9.41801654905095,9.418016549151726,0.0036578355032903876,0.003657836573288401,9.419648394626279e-11
1900,0.0024146750000000002,0.001977220003027469,0.09502763098862488,2.4146750000000003,1.977220003027469,95.02763098862488,12.037437094795099,12.037955436391144,12.037955436475844,0.00430589396001818,0.004305894663597788,6.818801079333525e-11
1901,0.002446515,0.0019501759961713105,0.0954000470082974,2.4465149999999998,1.9501759961713105,95.4000470082974,5.985107014434064,5.985909906020318,5.985909905940883,0.01341302490113324,0.01341302357427614,3.0741187373450884e-11
1902,0.002408178,0.0019553169986465946,0.09438433300238103,2.408178,1.9553169986465946,94.38433300238103,1.2403826357985324,1.2409459635291178,1.2409459636173636,0.045395025016511104,0.04539503212445927,1.2080947353609872e-11
1903,0.002428556,0.0018833789945347235,0.0942380479973508,2.428556,1.8833789945347235,94.2380479973508,9.568774217768485,9.569613599559254,9.569613599711989,0.008771323753421673,0.008771325349320142,9.700673597734522e-11
1904,0.0024114460000000002,0.001916266992338933,0.09422538499347866,2.411446,1.916266992338933,94.22538499347866,7.754192445198804,7.75499215029264,7.754992149740424,0.010312132860202123,0.010312125740154872,5.1535109513167754e-11
1905,0.002429236,0.0018298710056114942,0.09460062699508853,2.429236,1.8298710056114942,94.60062699508853,9.265453751712556,9.266005821952792,9.266005822247198,0.005958017411642292,0.00595802058872573,7.364175935720141e-11
1906,0.002443198,0.002026431990088895,0.09510864199546631,2.443198,2.026431990088895,95.10864199546631,-2.2248461687344943,-2.224243966800991,-2.2242439667174523,0.027074455072910907,0.027074458829743714,4.097877592812438e-11
1907,0.0024135959999999996,0.002002458000788465,0.09480841300683096,2.4135959999999996,2.002458000788465,94.80841300683096,7.618607836870588,7.620922125606679,7.620922125522213,0.030367568359149874,0.03036756725114593,3.557976135937224e-11
1908,0.002417522,0.0019296179962111637,0.09616976098914165,2.417522,1.9296179962111637,96.16976098914165,5.332550303730464,5.333404943195134,5.333404943136728,0.016024274807043208,0.016024273712109405,6.178502154341459e-11
1909,0.002421009,0.0020126960007473826,0.094534368996392,2.421009,2.0126960007473826,94.534368996392,9.466733957381258,9.469481414368332,9.469481414559937,0.02901380621439891,0.02901380823720622,3.267136561291295e-11
1910,0.002430241,0.0018530480010667816,0.09452093199070077,2.430241,1.8530480010667816,94.52093199070077,5.83831179333356,5.838884047094428,5.838884047052314,0.00980073857012288,0.009800737848927868,1.0772971403838483e-10
1911,0.00242517,0.0019004969944944605,0.09408830800384749,2.42517,1.9004969944944605,94.08830800384749,1.4809711012191897,1.481405167807317,1.4814051679026754,0.029301004044002224,0.02930101047913887,5.621991761017853e-11
1912,0.002435367,0.0019449440005701035,0.09471187999588437,2.435367,1.9449440005701035,94.71187999588437,12.618019534344405,12.619958164918515,12.619958164731674,0.015361624410914878,0.015361622930624208,4.357902927409896e-11
1913,0.0023996549999999997,0.0018994339916389436,0.09486400699825026,2.3996549999999996,1.8994339916389436,94.86400699825026,11.72692000888906,11.727859332547773,11.727859333683707,0.008009335992853398,0.008009345677852171,2.9136440482524506e-10
1914,0.0024179500000000003,0.0020285109931137413,0.0951273120008409,2.4179500000000003,2.0285109931137413,95.1273120008409,12.407201406820413,12.40793029711066,12.407930298723514,0.005874390593708404,0.005874403591517597,1.524408932418453e-10
1915,0.002415177,0.0020220330043230206,0.09536846401169896,2.415177,2.0220330043230206,95.36846401169896,1.8268207254067406,1.8278942827384341,1.8278942827388676,0.058731915835155926,0.05873191585885404,1.4041490192795436e-11
1916,0.0024121810000000002,0.0019931330025428906,0.09448973399412353,2.4121810000000004,1.9931330025428906,94.48973399412353,8.833912591085166,8.834332333596851,8.834332333559843,0.004751264677792317,0.0047512642588941065,5.212992537639849e-11
1917,0.002432004,0.0020924579876009375,0.09533105399168562,2.432004,2.0924579876009375,95.33105399168562,11.3981614171648,11.403586529733108,11.40358652962599,0.047573739666570726,0.04757373872768268,1.046493447454111e-10
1918,0.002420785,0.0019315450044814497,0.09491804799472447,2.420785,1.9315450044814497,94.91804799472447,9.282400131370355,9.283011324686026,9.28301132468205,0.006583998384715421,0.006583998341892842,1.0309419984366741e-11
1919,0.002413186,0.001955960993655026,0.09563535801135004,2.413186,1.955960993655026,95.63535801135004,1.7100233005998149,1.7109113733283046,1.7109113730907204,0.05190641329141857,0.051906399412216114,1.3599566958677478e-10
1920,0.0024089180000000003,0.0020237739954609424,0.09521236599539407,2.4089180000000003,2.0237739954609424,95.21236599539407,8.420384200270469,8.42076283868267,8.42076283879895,0.004496485882033281,0.004496487262847495,3.2763292079351913e-11
1921,0.002416339,0.002012764001847245,0.09557740899617784,2.416339,2.012764001847245,95.57740899617784,0.873575334240158,0.874717012064302,0.8747170120404526,0.13051967760975206,0.13051967488678695,1.2685297257064576e-11
1922,0.002427039,0.0019034019933314994,0.09454619900498074,2.427039,1.9034019933314994,94.54619900498074,-0.9856001670229588,-0.985190672508466,-0.9851906727027533,0.04156500116369839,0.04156498143472472,1.3277993982097058e-10
1923,0.002437026,0.002011032003792934,0.09433626299141906,2.437026,2.011032003792934,94.33626299141906,14.182171008744085,14.182643543718843,14.182643543903993,0.0033317834809953395,0.0033317847864184364,3.5790870267504715e-11
1924,0.002429678,0.0019598530052462593,0.09497599099995568,2.429678,1.9598530052462593,94.97599099995568,5.236273953359593,5.236892655415744,5.236892656136892,0.011814297081521983,0.011814310850419589,9.721923266425847e-11
1925,0.002403457,0.0020914030028507113,0.0948598320101155,2.403457,2.0914030028507113,94.8598320101155,6.806089920929708,6.807235833946869,6.807235833918849,0.016833749338418292,0.016833748926863047,1.7646051286845932e-11
1926,0.0024001070000000003,0.0020664799958467484,0.0950433889956912,2.400107,2.0664799958467484,95.0433889956912,1.8243935605065502,1.825447188262146,1.825447188205171,0.05771888457637433,0.05771888145702996,4.431566225093775e-11
1927,0.002417397,0.0020024050027132034,0.09580742999969516,2.417397,2.0024050027132034,95.80742999969516,8.533194846223054,8.535244969483514,8.5352449693879,0.024019501113208535,0.02401949999324985,1.210997968570382e-11
1928,0.002416537,0.0020703939953818917,0.09562716200889554,2.416537,2.0703939953818917,95.62716200889554,2.483635081129812,2.4846945606831845,2.484694560697868,0.04264023313519064,0.0426402337258912,2.281386191071988e-11
1929,0.002428513,0.0021344169945223257,0.09641650400590152,2.428513,2.1344169945223257,96.41650400590152,4.4780265195459314,4.480187999976426,4.4801880000044285,0.04824530645825468,0.04824530708298247,5.546410553058934e-12
1930,0.002409507,0.0019844350026687607,0.0948179609986255,2.409507,1.9844350026687607,94.8179609986255,1.7233217364705027,1.7240722114418716,1.7240722116013245,0.043529207558034674,0.043529216802629285,3.761120581646793e-11
1931,0.0024229380000000003,0.0020281690085539594,0.0961049070028821,2.4229380000000003,2.0281690085539594,96.1049070028821,4.747826990117492,4.74828135556276,4.748281355347711,0.009569050594188569,0.00956904606562934,3.722083752322192e-11
1932,0.0024342749999999996,0.0018580119940452278,0.09854444600932766,2.4342749999999995,1.8580119940452278,98.54444600932766,9.921334256686407,9.922009176025231,9.922009176205936,0.006802244654788476,0.0068022464759210045,6.771616600786956e-11
1933,0.002438633,0.001855423004599288,0.09816859599959571,2.438633,1.855423004599288,98.16859599959571,4.208911074789114,4.209206216709454,4.209206216895588,0.0070118189783199975,0.0070118234000735085,1.3175960322797664e-10
1934,0.0024280070000000003,0.0019584010005928576,0.0983477639965713,2.4280070000000005,1.9584010005928576,98.3477639965713,4.7755597677431005,4.776160228000826,4.776160227881402,0.01257202918372318,0.012572026683609062,4.8870019142555066e-11
1935,0.0024090960000000003,0.002000926004257053,0.09648812300292775,2.4090960000000003,2.000926004257053,96.48812300292775,1.284456806176678,1.2851799552491663,1.2851799551953356,0.05626831242852531,0.05626830824230782,1.1720513448665315e-11
1936,0.002428487,0.0020038860093336552,0.09573924400319811,2.428487,2.0038860093336552,95.73924400319811,4.293405390601784,4.294003639492928,4.294003639489453,0.01393219338805413,0.013932193307148984,5.352231158273213e-11
1937,0.0024534939999999996,0.0019514450104907155,0.09549616700678598,2.4534939999999996,1.9514450104907155,95.49616700678598,5.940038544027981,5.940982166499083,5.9409821672836856,0.015883273920981163,0.015883287125497896,1.230852642031266e-10
1938,0.002432229,0.0022060329938540235,0.09575243499421049,2.432229,2.2060329938540235,95.75243499421049,6.672950546647492,6.674612355333544,6.67461235574029,0.02489745617547207,0.024897462267891305,9.626569680287744e-11
1939,0.0024051719999999997,0.001957750995643437,0.09445414600486401,2.405172,1.957750995643437,94.45414600486401,8.307004828859657,8.307697046353336,8.307697046262238,0.008332242856434328,0.008332241759968087,4.700281136527096e-11
1940,0.002417348,0.0019757160043809563,0.09581128500576597,2.417348,1.9757160043809563,95.81128500576597,7.778533644731031,7.779248655212921,7.7792486552966835,0.009191253726172579,0.009191254802814235,5.118927504099702e-11
1941,0.002407478,0.0020168400078546256,0.09552688700205181,2.407478,2.0168400078546256,95.52688700205181,1.710740668863739,1.7115778127629042,1.7115778127368984,0.048910653837810174,0.048910652319144515,1.8842039040123382e-11
1942,0.00241288,0.001963276998139918,0.09560980199603364,2.41288,1.9632769981399179,95.60980199603364,6.943425280579479,6.944374504081207,6.944374504273636,0.013668956090570866,0.013668958861200252,3.0654610360530965e-11
1943,0.002420551,0.00194008499966003,0.09577725001145154,2.420551,1.94008499966003,95.77725001145154,7.520355391191572,7.5207486598502875,7.520748660059436,0.005229115830117542,0.005229118610922048,5.006661751849606e-11
1944,0.002430278,0.002066984001430683,0.0948633320076624,2.430278,2.066984001430683,94.8633320076624,0.038485356194570386,0.03915403847474508,0.03915403855440758,1.7078245469008324,1.7078247468853194,7.78412334589973e-11
1945,0.002428712,0.0020744350040331483,0.09524475100624841,2.428712,2.0744350040331483,95.2447510062484,9.71454665664799,9.715138596051013,9.715138595986986,0.0060929589132526045,0.00609295825424909,1.8599066731184166e-11
1946,0.002420248,0.0019117980118608102,0.09520739599247463,2.420248,1.9117980118608102,95.20739599247463,11.030762153123696,11.031331025228393,11.031331025039343,0.005156876385961511,0.005156874672289757,9.316836191430866e-11
1947,0.002442971,0.0019482070056255907,0.0950407709897263,2.442971,1.9482070056255907,95.0407709897263,14.409165041581453,14.410070896437354,14.410070896101516,0.006286262312040871,0.006286259981608809,2.785243147229721e-10
1948,0.002425674,0.0020496779907261953,0.0957140209939098,2.425674,2.0496779907261953,95.7140209939098,2.665774574645443,2.6665838359933787,2.6665838360230367,0.030348243209615863,0.03034824432148989,4.838551781460865e-11
1949,0.002420401,0.0021279200009303167,0.09565902499889489,2.420401,2.1279200009303167,95.65902499889489,6.278279612211314,6.279207000583874,6.279207000567197,0.01476919573560095,0.014769195470058262,5.527855950759886e-12
1950,0.002434225,0.0019219239911762998,0.0950716409861343,2.434225,1.9219239911762998,95.0716409861343,16.848136185115017,16.850159683618116,16.850159683372663,0.012008779388997949,0.012008777932489738,2.9267255285958527e-11
1951,0.002427421,0.0019155329937348142,0.09528414900705684,2.427421,1.9155329937348142,95.28414900705684,6.224706706416818,6.225125235517435,6.225125235570353,0.00672322378720081,0.006723224637209611,1.5156401134142072e-10
1952,0.002435636,0.002032935997704044,0.09556231100577861,2.435636,2.032935997704044,95.56231100577861,7.020007356378613,7.021134494549628,7.021134494413634,0.01605350491276707,0.016053502976149915,2.7793545243071094e-11
1953,0.00244063,0.0020616230031009763,0.09468594500503968,2.44063,2.0616230031009763,94.68594500503968,8.532888614002523,8.533967332459202,8.533967331734782,0.012640292781245961,0.012640284293657027,1.49323664544454e-10
1954,0.0024207760000000004,0.0019490190024953336,0.09507784500601701,2.4207760000000005,1.9490190024953336,95.07784500601701,15.87917191948572,15.880251585449592,15.880251585375404,0.0067987963418708495,0.006798795874732639,4.431532918403036e-11
1955,0.002461478,0.002031658004852943,0.09507552300055977,2.461478,2.031658004852943,95.07552300055977,19.9170237438694,19.91851306584693,19.91851306598395,0.007477074079811295,0.007477074767667942,2.5291185812292838e-11
1956,0.002412777,0.001899484996101819,0.09538348599744495,2.412777,1.899484996101819,95.38348599744495,-2.094255058582373,-2.0937181676944476,-2.09371816745794,0.025642939733227534,0.025642951032186178,1.5338885717142148e-10
1957,0.00240626,0.0019480650080367923,0.09605460800230503,2.40626,1.9480650080367923,96.05460800230503,-2.650487248744014,-2.6497379033634907,-2.649737903137048,0.028279981185006502,0.028279989733282246,1.17538756505553e-10
1958,0.002409236,0.0019392579997656867,0.09518436300277244,2.409236,1.9392579997656867,95.18436300277244,0.13489233950696544,0.13602755811889722,0.13602755830951097,0.8345504599439468,0.8345505989032735,8.346001667547398e-11
1959,0.002417725,0.001964195995242335,0.09510456200223416,2.417725,1.964195995242335,95.10456200223416,9.328088338180738,9.328631610252195,9.328631609622459,0.005823705921244289,0.005823699171062532,1.0455691867861105e-10
1960,0.00241522,0.002002698995056562,0.09475371400185395,2.41522,2.002698995056562,94.75371400185395,1.5444990999959742,1.5451483252071156,1.5451483253910254,0.04201701548971937,0.042017027387121056,4.351696780702241e-11
1961,0.002430666,0.0021078980062156916,0.09547116899921093,2.430666,2.1078980062156916,95.47116899921093,10.90862717274451,10.909836696826787,10.909836696949526,0.011086546168277374,0.01108654729318463,6.584915945850867e-11
1962,0.002419794,0.0021798189991386607,0.0965097890002653,2.419794,2.1798189991386607,96.5097890002653,8.933645669434519,8.934332854708838,8.934332854685788,0.007691511895679657,0.007691511637705906,3.6739417064168833e-11
1963,0.0024272110000000003,0.0019791499944403768,0.09509486499882769,2.4272110000000002,1.9791499944403768,95.09486499882769,-4.682032323664952,-4.681123170138353,-4.681123170170057,0.01942169632277827,0.01942169564536447,6.871792024298884e-11
1964,0.002420871,0.00195440900279209,0.09493871699669398,2.420871,1.9544090027920902,94.93871699669398,1.9163943215412012,1.9167859400288876,1.9167859399747513,0.020430997510370263,0.020430994686623002,3.011735305591401e-11
1965,0.0024136080000000002,0.002010599011555314,0.0951000280037988,2.4136080000000004,2.010599011555314,95.1000280037988,4.576567316482105,4.577415762645817,4.577415762663868,0.018535483943483835,0.018535484337767274,9.208189766241048e-11
1966,0.002439873,0.0019482600037008524,0.09560661100840662,2.439873,1.9482600037008524,95.60661100840662,11.52090445638197,11.522434628066193,11.522434627912222,0.013279933743307337,0.013279932407212876,6.688538611854256e-11
1967,0.002428119,0.002001362998271361,0.09521477499220055,2.4281189999999997,2.001362998271361,95.21477499220055,10.434449177370464,10.43538128908807,10.4353812890457,0.008932224820391662,0.008932224414408616,2.0296514469109184e-11
1968,0.002411092,0.0019271999917691574,0.0993944149959134,2.411092,1.9271999917691574,99.3944149959134,0.4036564352192471,0.40433255369225307,0.40433255382424704,0.1672184113873207,0.16721844397763572,4.0915160148813356e-11
1969,0.0024358089999999997,0.002018485000007786,0.09702425100840628,2.435809,2.018485000007786,97.02425100840628,6.282863462564322,6.283817311584521,6.283817311514145,0.0151794518029757,0.015179450683194219,3.8577863126221246e-11
1970,0.002416849,0.002078227000311017,0.09768973701284267,2.416849,2.078227000311017,97.68973701284267,4.763689329015648,4.7645455447538225,4.764545544871389,0.017970564666285826,0.01797056713336842,1.6964207816272392e-11
1971,0.002451317,0.00205503600591328,0.0962951990077272,2.451317,2.05503600591328,96.2951990077272,12.161929690699516,12.167301147761837,12.167301148339163,0.04414665994610273,0.04414666468891096,9.104628162504014e-11
1972,0.0024302560000000004,0.0019066520035266876,0.09452984300151002,2.4302560000000004,1.9066520035266876,94.52984300151002,17.77248068472196,17.77323358563479,17.773233585902787,0.004236150440520713,0.0042361519483164085,5.62241364576721e-11
1973,0.002406439,0.0019189250015188009,0.09582797400071286,2.4064389999999998,1.9189250015188009,95.82797400071286,1.4659874054258388,1.4664323373354904,1.4664323374011161,0.03034111416691751,0.03034111864075608,3.9912531613062185e-11
1974,0.002423119,0.0019855529972119257,0.09592733401223086,2.4231190000000002,1.9855529972119257,95.92733401223086,11.458088734733089,11.458704455570267,11.4587044553681,0.005373389632009313,0.005373387867793214,6.918621231477573e-11
1975,0.002417039,0.002050169001449831,0.09657230399898253,2.4170390000000004,2.050169001449831,96.57230399898253,3.941973605758392,3.9427806961340295,3.942780696540183,0.02047008032754674,0.020470090626628138,1.0082454315885059e-10
1976,0.002431841,0.0020522380073089153,0.09662769400165416,2.431841,2.0522380073089153,96.62769400165416,4.562957233846589,4.563473042348566,4.563473042311752,0.01130298124235362,0.011302980435751765,2.5074345377795737e-11
1977,0.00242201,0.001947644996107556,0.09886912399088033,2.42201,1.947644996107556,98.86912399088033,6.678755112451988,6.6794462678820565,6.679446267769265,0.010347495920312939,0.010347494231851377,1.0200996991560629e-10
1978,0.002430794,0.0019352140079718083,0.09929520900186617,2.430794,1.9352140079718083,99.29520900186617,5.03353307272015,5.034116655826939,5.034116655712474,0.011592562244518483,0.011592559970999205,8.342837531927216e-11
1979,0.002421525,0.002083649000269361,0.09804522999911569,2.421525,2.083649000269361,98.04522999911569,13.673644307876138,13.674255182690118,13.674255182650874,0.0044673351917022056,0.004467334904728461,1.933309068391509e-11
1980,0.0024281619999999998,0.0019972139998571947,0.09549541999876965,2.428162,1.9972139998571947,95.49541999876965,3.142969085691167,3.1438171949202705,3.143817195272881,0.026977052942959313,0.026977064155928755,8.735878687105014e-11
1981,0.002408105,0.001927813995280303,0.09567058199900202,2.408105,1.927813995280303,95.67058199900202,13.713920557492422,13.71503739175678,13.715037391262626,0.008143136853785453,0.008143133251069709,1.0518652615587598e-10
1982,0.002434291,0.0020614829991245642,0.0950102969945874,2.434291,2.0614829991245642,95.0102969945874,11.304802325402736,11.307909066963113,11.307909067093565,0.027474058572447006,0.02747405972576591,3.0949520724021795e-11
1983,0.002421075,0.0021202979987720028,0.09514929899887647,2.421075,2.1202979987720028,95.14929899887647,1.4706741941264028,1.4717755620877107,1.4717755617469024,0.07483260285594076,0.07483257971700276,5.947242698312039e-11
1984,0.002425747,0.0021871610078960657,0.09511240798747167,2.425747,2.1871610078960657,95.11240798747167,2.506050468614987,2.506837262660735,2.5068372628553064,0.03138592430658621,0.03138593206578163,4.7885029275107627e-11
1985,0.002416507,0.002006955008255318,0.09564517300168518,2.416507,2.006955008255318,95.64517300168518,10.264161878206448,10.265766182447663,10.265766182501292,0.015627710710562872,0.01562771123287978,4.851263835092823e-11
1986,0.002420947,0.0021778410009574145,0.0941911060072016,2.420947,2.1778410009574145,94.1911060072016,-1.268806703054377,-1.2681544157322655,-1.2681544157435916,0.051435954014707706,0.05143595312113538,1.5963258492845966e-11
1987,0.002416948,0.0027923000016016886,0.0947701050026808,2.416948,2.7923000016016886,94.7701050026808,4.025561205860747,4.026331576024749,4.026331576025477,0.019133301603600893,0.019133301621686014,6.3014038431674635e-12
1988,0.002415628,0.00205998400633689,0.09438279599999078,2.415628,2.05998400633689,94.38279599999078,8.26700967746137,8.26757735474633,8.267577354739572,0.006866307511874587,0.006866307430148138,3.617006694156544e-11
1989,0.002415439,0.001986015005968511,0.09467792299983557,2.415439,1.986015005968511,94.67792299983557,-5.75949802650651,-5.7576857465265086,-5.757685747179806,0.03147584046410346,0.03147582911399649,8.027067899263329e-11
1990,0.002420269,0.0018640009948285297,0.09432994699454866,2.4202690000000002,1.8640009948285297,94.32994699454866,4.866688105827244,4.867722718580005,4.867722718649581,0.02125455397884682,0.021254555407883777,5.45045120148302e-11
1991,0.0024238239999999998,0.0019626839930424467,0.09506089800561313,2.4238239999999998,1.9626839930424467,95.06089800561313,-4.819185504821917,-4.818542444658142,-4.818542444555003,0.013345532827825923,0.013345534968568613,6.006106723077664e-11
1992,0.002415085,0.0019267040042905137,0.09385856900189538,2.415085,1.9267040042905137,93.85856900189538,11.209621548015583,11.210425911909638,11.210425911683881,0.007175141251327324,0.007175139237657245,3.1807889655510735e-11
1993,0.00242686,0.0019662209961097687,0.09424897099961527,2.42686,1.9662209961097687,94.24897099961527,9.681429087044947,9.682652544931457,9.682652544964633,0.012635565314701894,0.01263556565728414,1.5566714584025476e-11
1994,0.002425679,0.001886261990875937,0.09367869999550749,2.425679,1.886261990875937,93.67869999550749,20.032718577477997,20.03337288562727,20.033372885197338,0.00326609080262106,0.0032660886566139636,1.6684188752780216e-10
1995,0.002403031,0.0021148179948795587,0.09668248599336948,2.403031,2.1148179948795587,96.68248599336948,-4.860012501898172,-4.858998145244119,-4.858998145335779,0.020875839498854354,0.020875837612063186,5.509565026429186e-11
1996,0.002455513,0.0019976820040028542,0.09489724099694286,2.455513,1.9976820040028542,94.89724099694286,9.207872519292032,9.209119758560014,9.209119758345942,0.013543523167056315,0.013543520842802446,3.701183803883623e-11
1997,0.002417,0.0020301050099078566,0.09459654999955092,2.417,2.0301050099078566,94.59654999955092,-3.412548278249126,-3.4119688717438095,-3.411968872081509,0.016981588258760984,0.016981578359579443,6.814199204896454e-11
1998,0.002409901,0.001890321000246331,0.09366103399952408,2.409901,1.890321000246331,93.66103399952408,1.424032328382662,1.4248747131430939,1.4248747125729544,0.05911991788904545,0.059119877899394414,1.8270385204743889e-10
1999,0.0024129810000000002,0.001964032999239862,0.09544008699594997,2.4129810000000003,1.964032999239862,95.44008699594997,3.7468290211142126,3.7490684764502404,3.749068476260831,0.05973364717382475,0.05973364212467088,3.090364075752916e-11
2000,0.002429721,0.0020915129862260073,0.09448266999970656,2.4297210000000002,2.0915129862260073,94.48266999970656,-1.4488704733203228,-1.4480980221603268,-1.448098022103487,0.053342463574644776,0.053342467501877947,3.99894561908809e-11
