epoch,train_loss,val_loss,train_objective,val_objective,train_consistency,val_consistency,train_eq_violation,val_eq_violation,train_ineq_violation,val_ineq_violation,train_mse_y,val_mse_y,train_mse_lam,val_mse_lam,train_mse_mu,val_mse_mu
1.0,72.77048972365823,64.66978797605866,9.733671125860521,9.607254896152075,6.303681859779772,5.506253307990658,1.7894390310272236e-11,2.008555775163696e-11,0.0,0.0,0.3602414538187499,0.3424273654164721,5.83144691020135,5.080822407767737,0.11199349575967053,0.08300353480644924
2.0,57.87542795950978,51.45099357300085,9.483919737187072,9.620993107206443,4.839150822232269,4.1830000465794415,2.3995172528226475e-11,3.356846191874099e-11,0.0,0.0,0.32979858885368,0.3314241300319945,4.442893099284022,3.7981201306391017,0.06645913409456747,0.05345578590834486
3.0,44.84278632000623,38.99945019572963,9.56292050147092,9.650004190813602,3.5279865818535328,2.9349446004916038,3.4890501806647114e-11,3.923638758498212e-11,0.0,0.0,0.3288699916686798,0.3401042886703189,3.155221693615887,2.5584884498117395,0.04389489656896567,0.03635186200954478
4.0,33.46791445230185,29.41183782690351,9.362002530712763,9.187838425297352,2.4105911921589085,2.022399940160616,3.802256106126447e-11,3.68744661728487e-11,0.0,0.0,0.3431452735752017,0.3570348546654716,2.037122848611791,1.6395403508974238,0.030323069971916115,0.02582473459772086
5.0,26.302058388328906,24.55848031886697,8.863593179761073,8.763595940567669,1.7438465208567828,1.5794884378299296,3.4776436979038927e-11,3.6367378638986733e-11,0.0,0.0,0.35414950752758784,0.3554074745225219,1.3675262360255505,1.2045721168225278,0.022170777303644425,0.019508846484879296
6.0,22.719821903575507,21.784095904357677,8.54166434533391,8.504171610143851,1.41781575582416,1.3279924294213825,3.5789503278356975e-11,3.6336934008216354e-11,0.0,0.0,0.3334028982056937,0.321706770375625,1.0673197053989296,0.9909790106641002,0.017093152219536806,0.015306648381657675
7.0,20.32634765674625,19.70214971103824,8.309991474352424,8.28670243518158,1.2016356182393826,1.1415447275856658,3.5736530023042355e-11,3.7377828163713723e-11,0.0,0.0,0.29939681813620467,0.2908722204826284,0.8886762724928979,0.8383461776976151,0.013562527610280236,0.012326329405422325
8.0,18.47027187442487,18.05380745391269,8.11295025256143,8.105502489385513,1.0357321621863442,0.9948304964527174,3.475164968257875e-11,3.8394855278143e-11,0.0,0.0,0.2720830824848702,0.26620559903906926,0.7526029481127645,0.7184305758987755,0.011046131588709233,0.010194321514872748
9.0,16.988265965114785,16.729311178757484,7.947653940852222,7.951667307008726,0.9040612024262565,0.8777643871748763,3.462246118034673e-11,3.809681285699098e-11,0.0,0.0,0.24956891957817384,0.24522136492244664,0.6452804375683339,0.6239166821135284,0.009211845279748835,0.008626340138901165
10.0,15.796224439207789,15.656459382376678,7.805692245909682,7.818305991339189,0.799053219329811,0.783815339103749,3.4164084547359726e-11,3.798771479274948e-11,0.0,0.0,0.23058605727572917,0.22734472943474746,0.5606343201856762,0.5490158576794923,0.007832841868405417,0.007454751989509262
11.0,14.828404896627836,14.77818671439026,7.682592753269192,7.703136761503332,0.7145812143358643,0.7075049952886928,3.5126558770787797e-11,3.695331371911855e-11,0.0,0.0,0.21449039089208413,0.21205805257895882,0.49329353921001856,0.48887908813684167,0.006797284233761628,0.006567854572892516
12.0,14.031720597686709,14.049226542789047,7.576675058570692,7.604717119755387,0.6455045539116016,0.6444509423033662,3.5284913314936493e-11,3.6913381570933673e-11,0.0,0.0,0.20074436064424397,0.19895156364370098,0.43875396680481443,0.43962531790554293,0.006006226462543065,0.005874060754122406
13.0,13.365735101895368,13.435462714862883,7.4862128260132605,7.52048495168038,0.587952227588211,0.5914977763182502,3.432048953052486e-11,3.641422847074603e-11,0.0,0.0,0.18891870761919588,0.18757978870014375,0.3936563493963615,0.3986080659834911,0.005377170572653568,0.005309921634615438
14.0,12.801585376770888,12.912153898003778,7.408609041629674,7.447794670518871,0.5392976335141214,0.5464359227484908,3.3145311891043425e-11,3.6446005004376996e-11,0.0,0.0,0.17853485044226206,0.17753595009626882,0.35590521794626234,0.36406315316714427,0.004857565125597059,0.004836819485077714
15.0,12.317409952968676,12.460606405491463,7.341289853073381,7.384347587533116,0.49761200998952954,0.5076258817958346,3.320406641053961e-11,3.574396289326986e-11,0.0,0.0,0.16928297686730237,0.16854838479339035,0.3239124348175756,0.3346480162049396,0.004416598304651606,0.004429480797504787
16.0,11.897818661943592,12.067498862541767,7.282211940173881,7.3282407640825005,0.4615606721769713,0.4739258098459266,3.2869733881421385e-11,3.48263310889687e-11,0.0,0.0,0.160905632449659,0.16038307840896185,0.29662037798796487,0.30947072316112595,0.004034661739347386,0.0040720082758388025
17.0,11.530895294183232,11.722272482687483,7.229702903309418,7.27799731637219,0.4301192390873812,0.44442751663152946,3.2553372329549623e-11,3.384585768292101e-11,0.0,0.0,0.15321352008909597,0.1528724350219869,0.2732069510359853,0.28780073992716,0.0036987679622998947,0.0037543416823825823
18.0,11.207180398899004,11.416758400347687,7.182543222062958,7.2325907968891485,0.4024637176836045,0.4184167603458537,3.184032747669203e-11,3.318822198275377e-11,0.0,0.0,0.14609479763100688,0.14592879802773998,0.2529683834342935,0.26901783239854055,0.0034005366183041093,0.003470129919573202
19.0,10.919649281701203,11.144111247079536,7.139882464641793,7.19116569814846,0.37797668170594106,0.39529455489310744,3.0846059744757714e-11,3.2609792469816183e-11,0.0,0.0,0.13944859328982526,0.13941048201044295,0.2353936986531932,0.25266884238530296,0.003134389762922542,0.003215230497361482
20.0,10.662017279304782,10.899336708177618,7.101044552827908,7.153260952621371,0.3560972726476874,0.374607575555625,3.100058971064056e-11,3.301510992659903e-11,0.0,0.0,0.1332158138904513,0.1333066325589186,0.2199851506321213,0.23831494957006058,0.0028963081251148198,0.002985993426645851
21.0,10.429930059789948,10.678190029647212,7.065581792648431,7.11855205488776,0.3364348267141514,0.3559637974759452,2.939780227042242e-11,3.3193509404534546e-11,0.0,0.0,0.12734534350434307,0.12755102254789308,0.20640657945301605,0.225633509942231,0.002682903756792295,0.0027792649858211604
22.0,10.219491075708396,10.477302239617813,7.033164723189851,7.086688761599523,0.3186326352518545,0.3390613478018291,2.8214099865211517e-11,3.179660715767543e-11,0.0,0.0,0.12180826728120321,0.12212039949816632,0.1943331049034387,0.21434835277065312,0.0024912630672126158,0.0025925955330096426
23.0,10.02782477233311,10.294009248550331,7.0035207588640285,7.057540163376249,0.3024304013469081,0.3236469085174082,2.6291300787716247e-11,3.082676609040235e-11,0.0,0.0,0.11657761880340227,0.11700037628934791,0.18353378170894924,0.20422298804741165,0.0023190008345565765,0.0024235441806485965
24.0,9.852541770065546,10.125703650060693,6.976462235854767,7.030919756071068,0.28760795342107776,0.3094783893989626,2.6105436166515893e-11,3.0011747958883556e-11,0.0,0.0,0.1116309146929204,0.11213956352485094,0.1738131118443194,0.19506864439154167,0.0021639268838379595,0.002270181482570015
25.0,9.691478147634117,9.970939031608639,6.951832118914483,7.006641512268758,0.2739646028719632,0.2964297519339881,2.5747409236323222e-11,2.922195832086044e-11,0.0,0.0,0.1069480451657768,0.1075457272281464,0.16499261313826288,0.18675360260024826,0.0020239445679235348,0.002130422105593446
26.0,9.543140444148545,9.827987584156473,6.929409640897614,6.9845405952169575,0.26137308032509327,0.28434469889395136,2.5313841489366802e-11,2.937173997330164e-11,0.0,0.0,0.10251334558686322,0.10319801755814526,0.15696280973933452,0.17914446301476084,0.0018969249988955367,0.0020022183210452764
27.0,9.406043317425198,9.695482876646494,6.909021924596494,6.964405903221148,0.24970213928287027,0.2731076973425345,2.5167706334648524e-11,2.842967327198022e-11,0.0,0.0,0.09831231217346144,0.0990765920529452,0.14960908785190197,0.17214739337501644,0.0017807392575068892,0.001883711914572801
28.0,9.278934838030178,9.572278355716533,6.890458584812843,6.946031000083983,0.2388476253217336,0.26262473556325483,2.482121040444209e-11,2.7976698692207697e-11,0.0,0.0,0.09432809711512478,0.0951681970016139,0.14284603997091005,0.1656831686808852,0.0016734882356987332,0.0017733698807556927
29.0,9.16073241470546,9.457344853608461,6.873512036234001,6.929205635385527,0.22872203784714593,0.2528139218222934,2.4006295441821428e-11,2.8019997998236363e-11,0.0,0.0,0.09054473515439888,0.0914535685000008,0.1366036405808482,0.15969032785716128,0.0015736621118988766,0.0016700254651313348
30.0,9.050495268598093,9.349852909158654,6.8579862715296205,6.91373964755998,0.21925089970684725,0.2436113261598674,2.3607797494024953e-11,2.740610591214299e-11,0.0,0.0,0.08694767734870108,0.08792044204029278,0.13082305414435066,0.1541180120493012,0.0014801682137954868,0.0015728720702733732
31.0,8.94742322706482,9.249097894116677,6.843710236140273,6.899470636010573,0.2103712990924548,0.2349627258106104,2.33998581816578e-11,2.7244567560866855e-11,0.0,0.0,0.08353093509467206,0.08456591838721465,0.1254480652341245,0.14891541248231557,0.0013922987636582416,0.0014813949410801895
32.0,8.850869218310324,9.154408592713501,6.830499726809928,6.8862216625957515,0.2020369491500397,0.22681869301177507,2.2945165781382452e-11,2.6704613188043104e-11,0.0,0.0,0.08026741581837485,0.08135476608242065,0.12046000826921276,0.14406874732271616,0.0013095250624521164,0.0013951796066382861
33.0,8.760233862168224,9.065282183853348,6.818247218823262,6.873884145965109,0.19419866433449617,0.21913980378882397,2.2622518091470467e-11,2.6524245749586467e-11,0.0,0.0,0.07716047611911377,0.07828760785991723,0.1158066117320433,0.13953824853671265,0.0012315764833390715,0.0013139473921940951
34.0,8.674868406141426,8.9812406067981,6.806855750273385,6.8624130855163905,0.1868012655868041,0.21188275212817081,2.3100199846354166e-11,2.5752599753046252e-11,0.0,0.0,0.07418591668363163,0.07536504471939921,0.11145716062718823,0.13528020012614728,0.0011581882759842154,0.0012375072826243448
35.0,8.594473939636732,8.90186644253569,6.796219944467481,6.8516528214743095,0.17982539951692494,0.20502136210613808,2.2994865013551374e-11,2.4696706489562433e-11,0.0,0.0,0.0713493127940559,0.07256521901835768,0.10738695673754575,0.13129061162227468,0.001089129985323282,0.0011655314655057176
36.0,8.518602041162396,8.826803816601482,6.786262730589598,6.841562005126234,0.17323393105727966,0.19852418114752482,2.2615824112077326e-11,2.4241669167302235e-11,0.0,0.0,0.0686361641603926,0.0698863618029452,0.10357357212924508,0.1275400017607246,0.0010241947676420079,0.0010978175838549972
37.0,8.44687125932449,8.755666238968828,6.7769197505944225,6.832078018949333,0.16699515087300676,0.1923588220019495,2.273636318959449e-11,2.416969562049446e-11,0.0,0.0,0.06603855594549932,0.06732092205991165,0.09999344880423541,0.1240037918879869,0.0009631461232720152,0.0010341080540509728
38.0,8.378962740096323,8.688152376360007,6.768138904475202,6.823132360236573,0.16108238356211207,0.18650200161234337,2.2949474916922173e-11,2.3559848586828884e-11,0.0,0.0,0.06355811715443994,0.06485895032489132,0.09661851125512307,0.12066890684830352,0.0009057551525490792,0.0009741444391485177
39.0,8.314544283659524,8.623997802207127,6.759866156810498,6.81471374453177,0.15546781268490262,0.1809284057675356,2.281246598539034e-11,2.326375805153684e-11,0.0,0.0,0.061174643950667185,0.06250029920855077,0.09344137769844152,0.11751037705401014,0.0008517910357939139,0.0009177295049746522
40.0,8.253347193110137,8.562921368460534,6.752065634948556,6.806760197114777,0.15012815581615818,0.1756161171345758,2.2612160089433006e-11,2.256996706458212e-11,0.0,0.0,0.058892276402703836,0.060235690039214154,0.09043482501916654,0.11451579312974214,0.0008010543942878023,0.0008646339656195056
41.0,8.195132444117487,8.504690073347394,6.744697301643164,6.799239994640445,0.1450435142474323,0.17054500787069518,2.283488677796638e-11,2.2389056198739068e-11,0.0,0.0,0.05670404882492683,0.05806209900315647,0.08758611703495019,0.11166823907464121,0.0007533483875552698,0.0008146697928975011
42.0,8.139669994432035,8.449089420769017,6.737724653744818,6.7921180452856404,0.14019453406872173,0.16569713754833768,2.2648273329599303e-11,2.2363464897978698e-11,0.0,0.0,0.05460541144749628,0.05597496260747249,0.08488062978524645,0.10895452239249945,0.0007084928359790027,0.0007676525483657476
43.0,8.086763598344076,8.395934792131147,6.731117192494289,6.7853614350804925,0.1355646405849787,0.16105733570506545,2.239307554670659e-11,2.2638614164318534e-11,0.0,0.0,0.05259411060529989,0.05397028632612668,0.0823042093070485,0.10636363970833021,0.0006663206726302729,0.0007234096706085679
44.0,8.036216552970185,8.345043823925163,6.724841029680703,6.778950355168881,0.13113755232894825,0.15660934687562825,2.2222790215958334e-11,2.2237523682020093e-11,0.0,0.0,0.05066094274914117,0.05204538748252585,0.07984993755776486,0.1038821662057493,0.000626672022042229,0.0006817931873530967
45.0,7.98787494019476,8.296263418443175,6.71887614989237,6.772851445868454,0.12689987903023908,0.1523411972574721,2.179146967252869e-11,2.208412229673645e-11,0.0,0.0,0.048807594548376625,0.05019563961498201,0.0775028731794096,0.10150290598886061,0.0005894113024528658,0.0006426516536294771
46.0,7.941605225575329,8.24948351924471,6.713196145353388,6.767044710536666,0.12284090802219394,0.14824388087080434,2.1403088122574257e-11,2.2595054751913322e-11,0.0,0.0,0.0470285470231433,0.04841811314961594,0.07525795874246417,0.09921991791946372,0.000554402256586493,0.0006058498017247285
47.0,7.897280075342974,8.204625676231581,6.707773598675093,6.7615038640449905,0.11895064766678809,0.1443121812186591,2.10079597647917e-11,2.2411291920026304e-11,0.0,0.0,0.045315525572381006,0.04670311023263528,0.07311360074681955,0.09703779192689851,0.0005215213475875258,0.0005712790591253105
48.0,7.854783624722846,8.161388338864935,6.702614719684607,6.756229581707154,0.11521689050382401,0.14051587571577817,2.0670140474357603e-11,2.253427699553529e-11,0.0,0.0,0.04368263195090766,0.045075510553117384,0.07104359543528982,0.09490162615775734,0.0004906631176265211,0.0005387390049034448
49.0,7.814008800731732,8.119889423838508,6.697670632584337,6.751181510442753,0.11163381681473958,0.13687079133957533,2.0773070884189982e-11,2.2645786999027535e-11,0.0,0.0,0.04211402851762861,0.043502920095806065,0.0690581317811716,0.09285969317116133,0.0004616565159393773,0.0005081780726079575
50.0,7.77487936787209,8.080010619108778,6.692946421848517,6.746357115563902,0.10819329460235723,0.13336535035448757,2.0879659873054547e-11,2.2816818294971867e-11,0.0,0.0,0.04060183181388362,0.04198347965558526,0.0671570114572605,0.09090235647380347,0.0004344513312131422,0.0004795142250988637
51.0,7.737355017953631,8.041656048884875,6.688434351138569,6.741754099245724,0.10489206668150615,0.1299901949639152,2.0339273015594582e-11,2.2300067938278533e-11,0.0,0.0,0.039150879100588336,0.040528822067854534,0.06533222261912654,0.08900876779122266,0.0004089649617912522,0.00045260510483803796
52.0,7.701348830670772,8.004775858728431,6.684115377240289,6.737350857197956,0.10172334534304828,0.12674250015304744,2.049841176275072e-11,2.2450951295514833e-11,0.0,0.0,0.03775776316133178,0.03913013809764522,0.06358050207123907,0.08718499842129102,0.0003850801104774341,0.00042736363411119
53.0,7.666789055569659,7.96930276368578,6.679986247050634,6.733141490025725,0.09868028085190264,0.12361612736600573,2.035073266068292e-11,2.2257887552080798e-11,0.0,0.0,0.03641877340876068,0.03778434017324168,0.061898787767601035,0.08542808469211619,0.00036271967554093955,0.0004037025006478752
54.0,7.633640687628505,7.9352029344802695,6.676040865124341,6.7291233637782994,0.09575998225041643,0.12060795707019685,2.0434647784251317e-11,2.177488193737514e-11,0.0,0.0,0.03513305212820606,0.03649188254148514,0.0602851246375967,0.08373454483189349,0.00034180548461364884,0.00038152969681823915
55.0,7.601850084526819,7.902382960721634,6.672272862000208,6.72528317663547,0.0929577222526612,0.11770997840861647,2.007260941048767e-11,2.157292233898132e-11,0.0,0.0,0.0338950637812788,0.035246718695209164,0.058740400584682766,0.08210248773945876,0.00032225788669964904,0.0003607719739485444
56.0,7.571366843305206,7.870832661461987,6.668676682765095,6.7216262165507,0.09026901605401126,0.11492064449112867,1.9816204942667196e-11,2.1221358469105613e-11,0.0,0.0,0.0327061335904488,0.03405040630373277,0.05725887943755547,0.08052891053953014,0.0003040030260069788,0.0003413276478657919
57.0,7.542148666815369,7.840513704388376,6.665251344423377,6.718138261042001,0.08768973223919942,0.11223754433463762,1.9245586865856463e-11,2.0979774626862617e-11,0.0,0.0,0.03156281700432976,0.032898981287665496,0.055839957888939154,0.07901544502737173,0.0002869573459304828,0.00032311801960041196
58.0,7.514146064499045,7.811350468104843,6.661988802838655,6.714814699234954,0.08521572616603913,0.10965357688698867,1.9295234583333347e-11,2.0814922826297224e-11,0.0,0.0,0.030463160664764684,0.03179158219610493,0.05448152191525676,0.0775559321684362,0.0002710435860176879,0.00030606252244750676
59.0,7.487312708701998,7.783309206022698,6.658885101971487,6.711649890501543,0.08284276067305106,0.1071659315521154,1.8940769264966458e-11,2.0898504781569075e-11,0.0,0.0,0.029405661934114577,0.03072586929743364,0.053180914221458084,0.0761499862968768,0.0002561845174784098,0.00029007595780497324
60.0,7.461596358847821,7.756333976401095,6.655932656443737,6.708635223610129,0.08056637024040846,0.10476987527909665,1.9136985420705215e-11,2.0695707896268777e-11,0.0,0.0,0.02838808356180822,0.029700088484288848,0.05193598621044596,0.07479470594660008,0.00024230046815428618,0.0002750808482077081
61.0,7.436945037445731,7.730370125788127,6.653126201874227,6.705766072200418,0.07838188355715038,0.1024604053587709,1.8773386632468154e-11,2.0363696345507974e-11,0.0,0.0,0.02740928091807531,0.02871324865915584,0.05074328711704903,0.0734861585259492,0.00022931552202604737,0.00026099817366587717
62.0,7.4133041129024875,7.705368661608287,6.650458789204329,6.703033365304942,0.07628453236981585,0.10023352963033462,1.8848971397482982e-11,2.0192025285978645e-11,0.0,0.0,0.026467514988274692,0.027763285126202797,0.04959986231486511,0.0722224886198055,0.00021715506667604694,0.0002477558843263056
63.0,7.390624306908842,7.681285897738954,6.647923518852195,6.700431297422648,0.07427007880566473,0.09808546003163061,1.8497296762841862e-11,2.0075877772145376e-11,0.0,0.0,0.025561494453320732,0.026849045442394217,0.04850283318494164,0.07100112621757619,0.00020575116740237446,0.00023528837166019882
64.0,7.36885512353395,7.6580751542534875,6.645514078982846,6.697951855886832,0.07233410445511032,0.09601232983666538,1.8406824333633147e-11,1.9872542913899803e-11,0.0,0.0,0.024689702434479696,0.0259687585441399,0.04744936144431719,0.06982003646186496,0.00019504057631343646,0.00022353483066053553
65.0,7.347949370612419,7.635685650670507,6.643222843341837,6.695588451319851,0.07047265272705801,0.09400971993506567,1.836093107018583e-11,1.9678804731545258e-11,0.0,0.0,0.023850880405743267,0.02512159334228803,0.04643680558913522,0.06867568610764738,0.00018496673217951545,0.00021244048513026405
66.0,7.327859240217651,7.614077317751178,6.641043332708083,6.693334942041589,0.06868159075095702,0.09207423757095867,1.8195910927338045e-11,1.956499913514671e-11,0.0,0.0,0.023043822744068156,0.024306096523815764,0.045462289952976756,0.06756618498069872,0.0001754780539121247,0.0002019560664441844
67.0,7.308543128132449,7.593197341483988,6.638965417400079,6.691183552746574,0.06695777107323714,0.09020137887374113,1.7898031540354448e-11,1.916842032698152e-11,0.0,0.0,0.022266023888860235,0.02352069408285113,0.04452521760169583,0.06648864098970321,0.00016652958268106646,0.00019204380118677952
68.0,7.289950509039085,7.573049781077914,6.636993766600305,6.6891323629857435,0.0652956742438779,0.08839174180921693,1.7702685676516297e-11,1.8793819945577166e-11,0.0,0.0,0.021519716516832786,0.02276485267033316,0.043617874860292415,0.06544424000064493,0.0001580828667527032,0.00018264913823883163
69.0,7.272063642612123,7.553562230135688,6.635112219942955,6.68717181657699,0.06369514226691667,0.0866390413558695,1.791468001439804e-11,1.8632421050956888e-11,0.0,0.0,0.020801188554284544,0.022037972378141767,0.04274385930881068,0.06442731984774648,0.00015009440382144414,0.00017374912998126615
70.0,7.25483954579563,7.53472401528534,6.633318465499444,6.685295846540623,0.0621521080296186,0.08494281687447167,1.7692995114275848e-11,1.8224288732696453e-11,0.0,0.0,0.020110334938650113,0.021337621116896216,0.04189923419791626,0.06343988612095444,0.00014253889305223107,0.0001653096366210147
71.0,7.238235191997927,7.516478330529682,6.631607239968973,6.683505972414411,0.06066279520289552,0.08329723581152727,1.758009135340629e-11,1.780900537960012e-11,0.0,0.0,0.019445041511409758,0.02066422960698418,0.04108236787299399,0.06247570198765361,0.0001353858184917799,0.00015730421688946676
72.0,7.222228788581332,7.498823617927982,6.629973697780311,6.681790067941029,0.05922550908010197,0.08170335499869547,1.713161575665257e-11,1.7834155395038412e-11,0.0,0.0,0.01880535477347137,0.020015538291629015,0.04029154228750834,0.06153811049611208,0.00012861201912225977,0.00014970621095436736
73.0,7.206791117529244,7.481726469994702,6.628412704236212,6.680147654759276,0.0578378413293032,0.08015788152354267,1.699790725409383e-11,1.7716159212508716e-11,0.0,0.0,0.01818967439980733,0.019390883086617912,0.039525973642509794,0.06062450473258633,0.00012219328698607468,0.00014249370433843091
74.0,7.191895569481755,7.4651635038312865,6.626920992251661,6.678573942021699,0.0564974577230094,0.0786589561809587,1.7036277324976357e-11,1.7477273528731033e-11,0.0,0.0,0.017597237154767943,0.018789364458607398,0.038784111000898534,0.05973394637157063,0.00011610956734292188,0.00013564535078066379
75.0,7.177516912992396,7.449109647974931,6.625494514203169,6.677065373361395,0.05520223987892288,0.07720442746135345,1.697465212854182e-11,1.7406484009779495e-11,0.0,0.0,0.017027124913662563,0.01821013495927277,0.03806477247121871,0.058865150285080735,0.00011034249404160792,0.00012914221699992587
76.0,7.163632522895673,7.43354690979104,6.624129419262273,6.6756188520690385,0.05395031036334004,0.07579280577220009,1.6870535892548862e-11,1.7036761931134725e-11,0.0,0.0,0.016478431615785986,0.01765223574424651,0.03736700384307131,0.05801760349742065,0.00010487490448274411,0.0001229665305329048
77.0,7.150234011655877,7.418448778239133,6.622828924960043,6.674258464399466,0.0527405086695836,0.07441903138396658,1.6890423785072015e-11,1.7024173268296876e-11,0.0,0.0,0.015950133838802498,0.017117495724476312,0.03669068392421541,0.057184435245238516,9.969090656569894e-05,0.00011710041425174907
78.0,7.137277166135539,7.4038065236736035,6.62157888655268,6.672903957168914,0.051569827958285776,0.07309025665046909,1.6605923227888068e-11,1.690598542185371e-11,0.0,0.0,0.01544336012079453,0.016598668232826505,0.0360316904239493,0.05638005814195965,9.477741354194959e-05,0.00011153027568293194
79.0,7.124726765691243,7.389599996217403,6.620370806222423,6.671617743660749,0.05043559594688196,0.07179822525566538,1.6655763118320025e-11,1.7055376748714887e-11,0.0,0.0,0.014952376770115652,0.016098534125529976,0.0353931009307945,0.0555934446966039,9.011824597180413e-05,0.00010624643353152478
80.0,7.112610165251957,7.375808098431187,6.619218088892431,6.670385053126771,0.04933920763595254,0.07054230453044173,1.6548813227413706e-11,1.69385650044011e-11,0.0,0.0,0.014480500646100868,0.015617456235765239,0.03477300394508095,0.054823621606404215,8.57030447707186e-05,0.00010122668827227566
81.0,7.1008927532111885,7.362410600186382,6.618112902080186,6.669199767957012,0.0482779851131003,0.06932108322293717,1.6391478851698244e-11,1.706584376859376e-11,0.0,0.0,0.014026291486779072,0.015153728789226011,0.03417017596590898,0.054070892659252794,8.151766041224893e-05,9.646177445837244e-05
82.0,7.089554854011701,7.349400662411108,6.617050972313823,6.668058686508252,0.04725038816978788,0.0681341975902854,1.6478708582680055e-11,1.679165578362743e-11,0.0,0.0,0.013588704446918665,0.014706679417979688,0.03358413181029806,0.05333557864865798,7.755191257116717e-05,9.19395236477277e-05
83.0,7.07858129812485,7.336757748014183,6.616031049542204,6.666961083729703,0.04625502485826469,0.06697966642844796,1.6477560548859266e-11,1.6543328072832736e-11,0.0,0.0,0.01316715708238058,0.014275807143903769,0.033014073071501275,0.05261621180325208,7.379470438283624e-05,8.764748129211059e-05
84.0,7.067958127269817,7.32447236332229,6.615050893730295,6.665903604382406,0.04529072335395227,0.06585687589398856,1.661991775475354e-11,1.700580258085817e-11,0.0,0.0,0.0127610256552212,0.013860325070477719,0.03245946262703367,0.05191297664455897,7.023507169740536e-05,8.357417895186377e-05
85.0,7.057670989137283,7.3125294958340445,6.614107993398078,6.6648842709631015,0.044356299573920656,0.06476452248709434,1.6583992735881266e-11,1.684679018735397e-11,0.0,0.0,0.012369568788974097,0.01345953379011292,0.031919867787031715,0.05122527970202898,6.686299791485573e-05,7.970899495243591e-05
86.0,7.04770672434838,7.30091689626745,6.613201257801404,6.663902351108527,0.0434505466546975,0.0637014545158924,1.6479910654092298e-11,1.673493496516434e-11,0.0,0.0,0.011992336521890263,0.013073057205835069,0.03139454125612966,0.050552356276701294,6.366887667758556e-05,7.604103335604194e-05
87.0,7.038052983229992,7.289623603287094,6.612328981239086,6.662955068615461,0.042572400199090615,0.06266685346716319,1.6500343575026958e-11,1.656870076968426e-11,0.0,0.0,0.011628793945298983,0.012700351898276266,0.0308829632653805,0.04989394156196696,6.0642988411142355e-05,7.256000691995239e-05
88.0,7.028697658540384,7.278635062180553,6.61148712376273,6.662039196676678,0.04172105347776538,0.06165958655038756,1.643550262362e-11,1.6779876565735545e-11,0.0,0.0,0.01127795276113077,0.012340243357623924,0.030385323965788476,0.04925008543913541,5.7776750846124523e-05,6.925775362823453e-05
89.0,7.01962827270149,7.267942972736719,6.610677309005724,6.661156369438397,0.04089509636957659,0.06067866032983231,1.6440897731039624e-11,1.670774699858357e-11,0.0,0.0,0.01093963265312495,0.011992932796426775,0.029900401399038722,0.04861960373261649,5.506231741291635e-05,6.612380078904241e-05
90.0,7.010835372940961,7.257535710581331,6.609896025456899,6.660302890498841,0.04009393474840626,0.05972328200824907,1.6568460019550673e-11,1.684507354379164e-11,0.0,0.0,0.010613294995925966,0.011657528643549703,0.029428149315919652,0.048002603846064765,5.249043656063054e-05,6.314951863460733e-05
91.0,7.00230730033554,7.247404681913074,6.609142956224245,6.659478430171815,0.03931643441112963,0.05879262517412582,1.6533485440964768e-11,1.679781078528877e-11,0.0,0.0,0.01029845104714608,0.011333733851350352,0.028967929604573155,0.0473985650732869,5.005375941039115e-05,6.032624948856844e-05
92.0,6.994034636244715,7.237539541537269,6.608416576016199,6.658681477752989,0.038561806022851385,0.05788580637842816,1.6584248040754645e-11,1.6706878524584254e-11,0.0,0.0,0.0099946957717629,0.01102110556942128,0.028519365764117958,0.04680705499147874,4.774448697052485e-05,5.764581752814887e-05
93.0,6.9860077989603395,7.227930695487331,6.60771544909183,6.657910624864002,0.03782923498685095,0.05700200706233278,1.6848344313218423e-11,1.6649613656558816e-11,0.0,0.0,0.009701549954738126,0.010719167369920244,0.02808212946608843,0.04622773902863766,4.5555566024392294e-05,5.51006637748969e-05
94.0,6.978217914835726,7.218570127718899,6.607038764517632,6.657165188746153,0.03711791503180947,0.05614049389727466,1.671544677202502e-11,1.7115422038336408e-11,0.0,0.0,0.00941866124536969,0.010427587234114868,0.027655773517379672,0.045660223415590444,4.348026906011134e-05,5.2683247569359744e-05
95.0,6.970656239518851,7.209449564364923,6.606385237328826,6.65644357216171,0.036427100219002646,0.0553005992203211,1.6613790638033734e-11,1.7326690523860337e-11,0.0,0.0,0.009145608886370669,0.01014590269744207,0.027239979303923415,0.045104309861070065,4.151202870856439e-05,5.03866618089682e-05
96.0,6.9633143431071005,7.200560684396702,6.605753864967182,6.65574504384984,0.03575604781399178,0.05448156405468655,1.7031857686289214e-11,1.6984281899806067e-11,0.0,0.0,0.0088820005912487,0.009873750639534063,0.02683440234515545,0.04455960910433282,3.964487758763632e-05,4.820431081967388e-05
97.0,6.956184313607139,7.191896204136706,6.60514386707765,6.6550685460733945,0.035104044652948835,0.053682765806331086,1.704367129321026e-11,1.6800737463343403e-11,0.0,0.0,0.008627495899611625,0.009610793118504294,0.02643867571167378,0.04402584279206511,3.7873041663431224e-05,4.612989576167598e-05
98.0,6.949258650629666,7.1834484205518345,6.604554183390749,6.654413209599668,0.03447044672389171,0.05290352109521667,1.6948747389347165e-11,1.6755778955142385e-11,0.0,0.0,0.008381746406610798,0.00935668096636879,0.02605250923004937,0.04350268263372386,3.6191087231549796e-05,4.415749512402948e-05
99.0,6.9425302270617,7.175204688146604,6.603979238855125,6.65377368400846,0.03385509882065763,0.0521431004138144,1.6951374860921893e-11,1.6704028729269166e-11,0.0,0.0,0.008143465975459174,0.009109695969203675,0.025677038280037607,0.04299112002460713,3.4594565160859695e-05,4.228442000359339e-05
100.0,6.935988905242234,7.16717386983862,6.603431752355472,6.653161382290922,0.03325571528867612,0.05140124875477002,1.723163571043778e-11,1.6994953173207676e-11,0.0,0.0,0.007914226820460528,0.008872840700964255,0.025308409267915617,0.042487908939379516,3.307920029998012e-05,4.049911442623886e-05
101.0,6.929634531221672,7.15933664391414,6.602897752022762,6.652563720582467,0.03267367791989096,0.05067729233316731,1.7348392572238103e-11,1.6719108594904442e-11,0.0,0.0,0.007693031921930013,0.008643333411416442,0.024949009325336058,0.04199515911383195,3.163667262489289e-05,3.879980791892207e-05
102.0,6.923456069392264,7.15168790597394,6.602381521406638,6.651985152286406,0.0321074547985626,0.04997027536875333,1.7407596078901185e-11,1.6722144711778854e-11,0.0,0.0,0.007479156737165932,0.008421529540572783,0.024598032145651295,0.04151156338569074,3.0265915745365008e-05,3.718244248981072e-05
103.0,6.91744885087605,7.144224551955523,6.601881616833381,6.651423239953167,0.03155672340426688,0.04928013120023552,1.728016165004876e-11,1.663930543910428e-11,0.0,0.0,0.007272501763163603,0.008206933044047519,0.024255259099345942,0.04103755572480235,2.8962541757330476e-05,3.564243138564871e-05
104.0,6.911606926293769,7.1369394659960825,6.601397562606036,6.65087783518294,0.031020936368773185,0.048606163081314095,1.734552007285782e-11,1.656694185853385e-11,0.0,0.0,0.007072749064098288,0.00799934260613819,0.023920464363679672,0.040572644839162626,2.7722940995222914e-05,3.417563601328333e-05
105.0,6.9059240859188185,7.129827615335651,6.600928671887702,6.6503482520844015,0.030499541403111823,0.04794793632512482,1.765222586826176e-11,1.654705150395779e-11,0.0,0.0,0.006879669936253513,0.007798509102595418,0.023593327932954593,0.040116649185379834,2.6543533903716326e-05,3.277803714956597e-05
106.0,6.900395156138111,7.1228833009709325,6.600474313032158,6.6498338020421714,0.029992084310595496,0.04730494989287587,1.7596358012364693e-11,1.65071255645759e-11,0.0,0.0,0.006693009862961091,0.007604167275330619,0.0232736534334369,0.039669336580158754,2.5421014197504476e-05,3.144603738651527e-05
107.0,6.895014810637572,7.11610187443817,6.600034012240971,6.649334010657793,0.029498079839660102,0.04667678637803786,1.7700023006365744e-11,1.639194531938195e-11,0.0,0.0,0.006512539630347875,0.007416099640236564,0.022961187874696407,0.03923051060626081,2.4352334615826855e-05,3.0176131540495663e-05
108.0,6.889778075796403,7.109478290903851,6.599607201004895,6.648848383494807,0.02901708747915055,0.04606299074090443,1.762138755458933e-11,1.6321630890905187e-11,0.0,0.0,0.006338042886669892,0.007234076618388514,0.022655710021870567,0.03879994908276174,2.3334570610091364e-05,2.896503975417549e-05
109.0,6.884679971847735,7.103006589286463,6.599193358930607,6.648376335378038,0.02854866129171287,0.045463025390842536,1.7768809449894738e-11,1.622894781992592e-11,0.0,0.0,0.00616928883599455,0.007057903650051877,0.02235700744209252,0.03837731194500754,2.236501362579168e-05,2.780979578311866e-05
110.0,6.879716400000973,7.096683803410164,6.59879192850311,6.647917305422684,0.028092447149786155,0.044876649798747906,1.762469715927491e-11,1.5985783775184123e-11,0.0,0.0,0.006006077689598606,0.006887332529902729,0.02206492830666943,0.03796260978547276,2.1441153518113203e-05,2.6707483372418982e-05
111.0,6.874882447020619,7.090504839013812,6.598402429467586,6.647470804211671,0.02764800175530332,0.044303403480214006,1.7672682195925447e-11,1.594005694080785e-11,0.0,0.0,0.005848179232837702,0.00672214322246737,0.021779261926541144,0.037555604856640314,2.0560595924469455e-05,2.5655401106324815e-05
112.0,6.870173788443962,7.084465339454036,6.5980244434986925,6.647036398845736,0.02721493449452691,0.04374289406083005,1.7480032158169195e-11,1.6031498581087557e-11,0.0,0.0,0.005695394454938619,0.006562142824184058,0.021499818934802052,0.037156100224076276,1.9721104786231385e-05,2.4651012569709537e-05
113.0,6.865586357438457,7.078561594537275,6.597657820471283,6.6466139059129805,0.026792853696717547,0.04319476886242952,1.8009539805590888e-11,1.6084017981023333e-11,0.0,0.0,0.005547591181334056,0.006407223777715597,0.02122634198820539,0.03676385333019523,1.8920527178099604e-05,2.369175451867812e-05
114.0,6.861116334857135,7.072789274991635,6.597301763105971,6.646202560538526,0.02638145717511627,0.0426586714453112,1.790602941413588e-11,1.606340099503598e-11,0.0,0.0,0.0054045592328329966,0.006257124336593334,0.020958741143596096,0.03637877167093813,1.8156798687169614e-05,2.2775437779734716e-05
115.0,6.856759836720231,7.067144434267629,6.5969559716493995,6.645802067836183,0.025980386507083373,0.042134236643144675,1.8104480708046195e-11,1.5910246920665392e-11,0.0,0.0,0.005266098597515965,0.0061116687659536,0.02069685979290773,0.036000667955033656,1.742811665967747e-05,2.189992215741858e-05
116.0,6.85251307513755,7.061623684213071,6.59662018671208,6.645412157857975,0.02558928884254699,0.04162115263550943,1.800775139129576e-11,1.586906257146402e-11,0.0,0.0,0.005132065192589617,0.005970719356613097,0.02044049096151435,0.03562937018115309,1.6732688443018876e-05,2.10630977432476e-05
117.0,6.848372528887141,7.056223177252458,6.596293940102762,6.645032331395843,0.025207858878437843,0.04111908458566139,1.7951698548524788e-11,1.576818510713729e-11,0.0,0.0,0.005002291017374194,0.005834089755390065,0.020189499071274285,0.03526473177162356,1.6068789789361317e-05,2.026305864776551e-05
118.0,6.844334769406672,7.050939590255011,6.595976956314415,6.6446623292857865,0.024835781309225632,0.04062772609692244,1.808830475610217e-11,1.587212922692007e-11,0.0,0.0,0.004876621867554899,0.005701637730713427,0.019943724596122647,0.034906590423249916,1.543484554808637e-05,1.949794295910598e-05
119.0,6.8403965495923345,7.045769537057561,6.595668884375461,6.644301818273382,0.024472766521687284,0.04014677187841795,1.8053320326864072e-11,1.5843861945518192e-11,0.0,0.0,0.004754912158924285,0.005573211854505567,0.01970302503702859,0.034554794021687416,1.4829325734405946e-05,1.8766002224970428e-05
120.0,6.836554673716368,7.040709736036054,6.595369408428557,6.643950454015992,0.024118526528781038,0.039675928202006244,1.8077560889502837e-11,1.5626773795299456e-11,0.0,0.0,0.004637014848375716,0.005448661340918268,0.019467260879671777,0.034209201267390105,1.4250800733547348e-05,1.8065593697862215e-05
121.0,6.832806040504985,7.0357570602045385,6.59507825781096,6.643607988721422,0.023772778269402463,0.03921490714831151,1.7873230385825933e-11,1.5574338917655196e-11,0.0,0.0,0.0045227965271681615,0.005327858474210216,0.01923628382803635,0.033869653538225644,1.369791419795621e-05,1.7395135875643482e-05
122.0,6.829147729408398,7.030908425735281,6.594795124408742,6.643274094987753,0.02343526049996558,0.0387634330747526,1.7899817124639043e-11,1.578088885670868e-11,0.0,0.0,0.004412123468808907,0.005210662442161462,0.019009967657302215,0.033536017473506444,1.3169373854450768e-05,1.6753159084692004e-05
123.0,6.825576913945826,7.0261609889177565,6.594519753681046,6.642948542568886,0.023105716026478176,0.0383212446348871,1.785441859114426e-11,1.5864605013610375e-11,0.0,0.0,0.004304870028907915,0.005096950755677056,0.018788182030061298,0.033208155632339524,1.2663967508957311e-05,1.613824687051357e-05
124.0,6.822090817434522,7.021511814416684,6.594251870329542,6.642631027546695,0.022783894710497972,0.037888078686998845,1.825273545300347e-11,1.581768634287793e-11,0.0,0.0,0.004200910316537728,0.004986593431675953,0.01857080385246937,0.03288593616599152,1.2180541490875053e-05,1.554908933137589e-05
125.0,6.818686832948,7.016958124933044,6.593991222105151,6.6423213270114685,0.02246956108428499,0.03746367979215724,1.850413970799227e-11,1.574432005576557e-11,0.0,0.0,0.004100125904075635,0.004879473160786116,0.01835771716750865,0.03256922221252127,1.1718012700713514e-05,1.4984418849853226e-05
126.0,6.815362364294036,7.012497336450434,6.593737620799064,6.6420192350546055,0.022162474349497377,0.03704781013958302,1.8416822146907025e-11,1.5636959527845497e-11,0.0,0.0,0.00400241193676792,0.004775488421433023,0.018148787069907538,0.03225787867561224,1.1275342821917607e-05,1.444304253775867e-05
127.0,6.812115013149213,7.0081268666579115,6.5934907997986425,6.641724498549082,0.021862421335057048,0.03664023681088306,1.8495692265518015e-11,1.5619247088511245e-11,0.0,0.0,0.003907658511018681,0.004674523252507274,0.01794391127309472,0.03195178971673325,1.0851550943644107e-05,1.3923841642539915e-05
128.0,6.8089424604374855,7.003844131527699,6.593250540892326,6.64143689283365,0.02156919195451579,0.03624072386940464,1.8366327408110952e-11,1.5765327748783457e-11,0.0,0.0,0.003815757777953326,0.004576470005408422,0.01774298845398813,0.031650828107180645,1.0445722574336955e-05,1.3425756815570526e-05
129.0,6.805842388759382,6.99964680675334,6.593016668386042,6.641156247791322,0.02128257203733412,0.03584905589620182,1.8478292843062894e-11,1.5844815568107074e-11,0.0,0.0,0.0037266148536270246,0.004481237863692356,0.017545900199999416,0.031354870251820655,1.0056983707675664e-05,1.2947780688817896e-05
130.0,6.802812642687327,6.995532491437686,6.592788946462611,6.6408823232459495,0.02100236962247161,0.03546501681917362,1.8540259453941888e-11,1.5648992725773163e-11,0.0,0.0,0.003640130946711661,0.004388721824299355,0.017352554166860427,0.031063806020251026,9.684508899521289e-06,1.2488974623241455e-05
131.0,6.79985112829797,6.991499043378756,6.592567216863961,6.640614960411219,0.02072839114340091,0.03508840829675356,1.8455449447629192e-11,1.5939336319224615e-11,0.0,0.0,0.003556216212843705,0.0042988359282787785,0.01716284740846737,0.030777523932430086,9.327522089835537e-06,1.2048436044692082e-05
132.0,6.79695584959951,6.9875441687830415,6.592351272403638,6.640353952602383,0.020460457719587214,0.034719021618065955,1.8576154623977002e-11,1.5803937279150122e-11,0.0,0.0,0.0034747801317345267,0.004211487907297605,0.01697669230197367,0.030495908381371784,8.985285879016992e-06,1.1625329396566946e-05
133.0,6.794124821362028,6.983665789241903,6.59214095475356,6.640099151396741,0.02019838666084704,0.034356663784516205,1.848130009748884e-11,1.57912187189347e-11,0.0,0.0,0.003395740490478443,0.004126596984705731,0.01679398906633679,0.0302188479506709,8.657104031807722e-06,1.121884913957481e-05
134.0,6.791356246329587,6.979861911240289,6.59193607424653,6.639850343440924,0.019942017208305726,0.03400115677993643,1.8646511632196665e-11,1.59096152564436e-11,0.0,0.0,0.003319012939461278,0.004044074234045475,0.016614661947471594,0.029946254297796068,8.342321372859345e-06,1.0828248094890837e-05
135.0,6.788648287943857,6.976130562287319,6.591736489716423,6.639607404661314,0.019691179822743522,0.03365231576260052,1.849821085093419e-11,1.5753601232040145e-11,0.0,0.0,0.0032445207958725114,0.0039638480228400405,0.016438618711454772,0.02967801493292352,8.040315416236855e-06,1.0452806836947601e-05
136.0,6.785999236501914,6.97246986712586,6.591542031900545,6.63937015183389,0.01944572046013681,0.03330997152919713,1.8667920845591827e-11,1.565979318686938e-11,0.0,0.0,0.0031721889793603153,0.0038858399731887374,0.016265780984059647,0.029414039699629604,7.750496716847155e-06,1.0091856378786035e-05
137.0,6.783407465073865,6.96887795340199,6.5913525419114585,6.639138420949772,0.01920549231624071,0.03297395324522171,1.8678132195280816e-11,1.573831132202063e-11,0.0,0.0,0.0031019426733397155,0.00380997435425458,0.01609607733230747,0.029154234133046804,7.472310593524106e-06,9.744757920329052e-06
138.0,6.78087135060463,6.9653531088369105,6.591167889671742,6.638912088495047,0.018970346093288765,0.03264410203418645,1.8977339088130072e-11,1.6080569989231075e-11,0.0,0.0,0.0030337141741088197,0.0037361871189981535,0.015929426687921546,0.028898504010978564,7.2052312583999645e-06,9.410904209731493e-06
139.0,6.778389384363192,6.961893577754142,6.590987917730071,6.638690977030135,0.018740146663312033,0.03232026007240091,1.9035293623534704e-11,1.5899455372751873e-11,0.0,0.0,0.0029674355653097617,0.003664405626733389,0.01576576234070018,0.02864676471771882,6.948757302089342e-06,9.08972794870481e-06
140.0,6.775960079642978,6.958497737598009,6.590812496144026,6.638474960983499,0.018514758349895324,0.03200227766145096,1.8997983179794076e-11,1.584657064832885e-11,0.0,0.0,0.002903042064781875,0.003594568518481238,0.015605013866131499,0.028398928461751564,6.702418981951532e-06,8.780681218157386e-06
141.0,6.773582008534795,6.955164048203194,6.590641483477648,6.638263869651884,0.01829405250571472,0.031690017855130946,1.8935528753740534e-11,1.587201566585848e-11,0.0,0.0,0.002840471067448464,0.003526608784297668,0.015447115671653154,0.028154925815865636,6.465766613100944e-06,8.483254967643029e-06
142.0,6.771253805962269,6.95189093250164,6.590474755953849,6.6380575978779675,0.018077905000841988,0.03138333346236705,1.8983071248835368e-11,1.583098371674835e-11,0.0,0.0,0.0027796620167373086,0.003460470088592412,0.01529200460613416,0.027914666419143575,6.2383779705210555e-06,8.196954631073465e-06
143.0,6.76897419204532,6.9486767840982955,6.590312199973075,6.637856097128632,0.0178661992072244,0.031082068696966447,1.9203110599529507e-11,1.5658816909054286e-11,0.0,0.0,0.002720559958223271,0.0033961004354762653,0.015139619403362826,0.027678046945954493,6.019845638300903e-06,7.92131553569022e-06
144.0,6.766741828724387,6.945520276147377,6.590153691583229,6.637659087304931,0.017658813714115828,0.030786118884244675,1.9195257091435008e-11,1.570157259725858e-11,0.0,0.0,0.002663110847785164,0.0033334342308886586,0.0149898930765284,0.02744502875569154,5.809789802262604e-06,7.655897664473397e-06
145.0,6.764555485925114,6.942419958217966,6.589999093161599,6.637466512263971,0.017455639276351374,0.030495344595399574,1.9141626680195664e-11,1.573427698939788e-11,0.0,0.0,0.002607255945711256,0.003272420863938767,0.014842775486359965,0.027215523452048952,5.607844280151354e-06,7.400279411854617e-06
146.0,6.762413996425671,6.9393745169673835,6.5898483050413725,6.637278240290574,0.017256569138429805,0.030209627667680986,1.9100828764352478e-11,1.554023030531657e-11,0.0,0.0,0.0025529455202021045,0.003213007216303082,0.014698209951784969,0.026989466389106927,5.413666442734234e-06,7.154062270975904e-06
147.0,6.760316156959219,6.936382640401491,6.589701213327182,6.637094151328032,0.017061494363203693,0.02992884890734594,1.9054545229530915e-11,1.5738282702674155e-11,0.0,0.0,0.0025001298963316645,0.003155144316429962,0.014556137540666763,0.026766787728236097,5.226926205264817e-06,6.916862679885985e-06
148.0,6.75826086718262,6.933442949575213,6.58955771161423,6.636914148652419,0.016870315556838874,0.029652880092279583,1.893896173805402e-11,1.5648972650475405e-11,0.0,0.0,0.0024487614864992804,0.003098785575309071,0.014416506760946541,0.026547406199554847,5.04730939305287e-06,6.688317415658873e-06
149.0,6.756247000584716,6.930554369669661,6.589417700189217,6.636738101946571,0.016682930039549876,0.02938162677230907,1.8737426112149262e-11,1.5487315741424983e-11,0.0,0.0,0.002398795910408002,0.0030438828346198814,0.014279259610123045,0.026331275859079,4.874519018827798e-06,6.468078610181786e-06
150.0,6.754273507275728,6.927715404246738,6.589281069384213,6.636565892574061,0.016499243789151467,0.029114951167267724,1.873949533552372e-11,1.5361409295274952e-11,0.0,0.0,0.00235018539658072,0.00299039076322497,0.014144350121889488,0.026118304587058924,4.708270681257498e-06,6.255816983828897e-06
151.0,6.752339311914226,6.92492500601343,6.5891477270002445,6.636397438422956,0.01631915849139844,0.028852756759047204,1.8830163338148845e-11,1.5308452363765704e-11,0.0,0.0,0.002302889937585409,0.002938269834979227,0.014011720258459743,0.025908435710598986,4.548295353287622e-06,6.0512134689870804e-06
152.0,6.750443434057019,6.922182183633432,6.589017575937945,6.636232601947614,0.01614258581190752,0.02859495816858191,1.881181084878014e-11,1.5154057655185174e-11,0.0,0.0,0.0022568679336116867,0.0028874706843173927,0.013881323546030158,0.02570163351623165,4.394332265678365e-06,5.853968032866914e-06
153.0,6.748584828706685,6.91948559158026,6.588890518276109,6.636071305070654,0.01596943104305768,0.0283414286509605,1.878382673340577e-11,1.5127500413096142e-11,0.0,0.0,0.002212076033722123,0.0028379577468840783,0.013753108868985174,0.025497807110838697,4.246140350384063e-06,5.6637932377215524e-06
154.0,6.74676255831858,6.916834132694126,6.588766470283356,6.635913440272267,0.01579960880352228,0.02809206924218567,1.8733251782857744e-11,1.510703780486719e-11,0.0,0.0,0.0021684778158340395,0.002789691096930814,0.013627027505408626,0.025296897733980236,4.1034822796141035e-06,5.480411274619225e-06
155.0,6.7449756585060845,6.914226832059053,6.588645344035609,6.635758911847812,0.015633031447047443,0.02784679202112407,1.895152608920314e-11,1.5329604350173766e-11,0.0,0.0,0.002126036748203292,0.0027426338037941545,0.013503028564748143,0.025098854658238072,3.9661340960073345e-06,5.303559091842463e-06
156.0,6.743223225221761,6.911662579091512,6.588527049974626,6.6356076219643745,0.015469617524713429,0.027605495712713743,1.878938889696429e-11,1.530817060589563e-11,0.0,0.0,0.002084715926703605,0.0026967475122901675,0.013381067714287367,0.02490361521414472,3.83388372245641e-06,5.132986278854624e-06
157.0,6.741504314482429,6.909140491793454,6.588411498952303,6.635459398765147,0.015309281553012585,0.027368109302830745,1.8909777043075395e-11,1.519479525344085e-11,0.0,0.0,0.002044479873458412,0.0026519929698613914,0.013261095152003717,0.024711147884050363,3.7065275504565535e-06,4.968448918987835e-06
158.0,6.739818103049116,6.906659375436607,6.5882986339287255,6.63531441182688,0.01515194691203921,0.027134496360972756,1.907840191331107e-11,1.517182861458322e-11,0.0,0.0,0.0020052970677952083,0.0026083537756446673,0.013143065977880404,0.024521332869115963,3.5838663635983625e-06,4.80971621212863e-06
159.0,6.738163633048633,6.904218025396889,6.588188364138301,6.635172267508275,0.014997526891033418,0.02690457578886158,1.8890401328455418e-11,1.506019397882249e-11,0.0,0.0,0.0019671324121192735,0.0025657700110166826,0.013026928756342497,0.024334149197820364,3.4657225716439076e-06,4.6565800245418885e-06
160.0,6.73654012393229,6.901816368119187,6.588080621398229,6.635033129865466,0.014845950253406213,0.026678323825372118,1.870557172332747e-11,1.491755048925892e-11,0.0,0.0,0.0019299601201572731,0.0025242410075095667,0.012912638223592,0.024149574022292113,3.3519096569381876e-06,4.508795570441858e-06
161.0,6.734946797270358,6.899452725934345,6.587975333919951,6.634896730560577,0.01469714633504068,0.026455599537376966,1.8745437259199904e-11,1.4870238974158333e-11,0.0,0.0,0.001893752291206213,0.0024837149912950722,0.012800151789814942,0.023967518349789968,3.2422540195233474e-06,4.3661962919201675e-06
162.0,6.733382770187984,6.897126344831088,6.587872409675708,6.634763070639349,0.01455103605122753,0.026236327419173824,1.8745100353517515e-11,1.4861419462891197e-11,0.0,0.0,0.0018584710032164959,0.00244416607442136,0.012689428445264269,0.023787932770113027,3.1366027467673324e-06,4.228574639443709e-06
163.0,6.731847240169591,6.894836428994904,6.58777179416145,6.634632069826736,0.01440754460081402,0.02602043591681675,1.85693814884068e-11,1.4760203648476503e-11,0.0,0.0,0.0018240901100073645,0.002405565725643436,0.012580419693412627,0.02361077444377424,3.034797394028152e-06,4.095747399068931e-06
164.0,6.730339504601146,6.89258215006305,6.587673425649422,6.634503649290913,0.014266607895172381,0.025807850077213736,1.8810909049240145e-11,1.4867778355912714e-11,0.0,0.0,0.0017905843965183247,0.0023678877858322746,0.012473086813035255,0.023435994757875105,2.9366856188006235e-06,3.967533506359896e-06
165.0,6.728858787991808,6.890362680707043,6.58757723290419,6.634377743678995,0.014128155508761776,0.02559849370280496,1.8821820127188412e-11,1.4836206182122434e-11,0.0,0.0,0.0017579277316579062,0.0023311058858125335,0.01236738565363038,0.02326354405037529,2.842123473485797e-06,3.843766617129097e-06
166.0,6.727404398484038,6.8881772039721705,6.587483157005092,6.63425428442907,0.013992124147894549,0.02539229195430993,1.8827355962520217e-11,1.4843846636021336e-11,0.0,0.0,0.0017260946991362724,0.002295193933322705,0.012263278474215789,0.023093373737869603,2.750974542487314e-06,3.724283117620745e-06
167.0,6.725975601457655,6.886024928923787,6.587391138019682,6.634133204965994,0.013858446343797218,0.02518917239577934,1.8651668834883485e-11,1.4873146342952826e-11,0.0,0.0,0.0016950609810661562,0.00226012686761872,0.012160722257579692,0.02292543660156758,2.6631051513670525e-06,3.608926593038217e-06
168.0,6.724571736438679,6.883905084584792,6.58730111461881,6.634014431785026,0.013727062181987009,0.02498906527997663,1.8478774140228643e-11,1.4815472486643616e-11,0.0,0.0,0.001664802314400868,0.002225879521247979,0.012059681478845632,0.022759688209226542,2.57838874050743e-06,3.4975495021161153e-06
169.0,6.7231921491696225,6.881816995466173,6.587213032015216,6.633897914089713,0.013597911715440733,0.024791908137645976,1.8394003473848082e-11,1.4716437105027213e-11,0.0,0.0,0.0016352959226838706,0.002192429713382436,0.011960119090198198,0.022596088416348588,2.4967025586645756e-06,3.3900079149449667e-06
170.0,6.721836192613397,6.879759930034481,6.5871268357080055,6.633783583245713,0.013470935690539032,0.024597634678876858,1.832860239631487e-11,1.4775111247822014e-11,0.0,0.0,0.0016065204155520788,0.0021597547503193334,0.011861997347284117,0.022434593761899373,2.4179277028368597e-06,3.286166658153146e-06
171.0,6.7205032693438955,6.877733194254256,6.587042471391541,6.633671384199439,0.013346079795235477,0.024406181005481576,1.840399591225908e-11,1.4646705087601258e-11,0.0,0.0,0.0015784538877255238,0.0021278320992061135,0.011765283957073247,0.02227516301126055,2.34195043670905e-06,3.1858950149172602e-06
172.0,6.719192772331352,6.87573612798535,6.586959888313665,6.633561257173047,0.013223288401768766,0.024217487081230345,1.8284111811713022e-11,1.4984715112366894e-11,0.0,0.0,0.001551075604052409,0.0020966409293732557,0.011669944136719257,0.02211775708164537,2.268660997097439e-06,3.0890702117202036e-06
173.0,6.717904119720792,6.873768091915752,6.586879037555385,6.633453161090345,0.013102508216540652,0.024031493082540753,1.8120272403801063e-11,1.4895584357634777e-11,0.0,0.0,0.0015243657997303262,0.002066161733165089,0.011575944463952026,0.021962335776466523,2.1979528582991244e-06,2.9955729091425087e-06
174.0,6.716636805937884,6.871828476343455,6.586799874581285,6.633347033006101,0.012983693135659889,0.023848144333735246,1.8327024253257013e-11,1.4690574205249684e-11,0.0,0.0,0.0014983068740035143,0.002036375403776619,0.011483256538868135,0.02180886363835426,2.129722788241809e-06,2.9052916043675005e-06
175.0,6.71539024083379,6.869917033812479,6.586722365732621,6.633242891975571,0.012866787510116858,0.02366741418369106,1.8408746778263937e-11,1.4486558875699809e-11,0.0,0.0,0.0014728879753423587,0.002007276003489433,0.011391835668365912,0.021657320071119642,2.063866408584569e-06,2.8181090819825713e-06
176.0,6.7141639553414905,6.868031879560694,6.586646422967485,6.633140470041756,0.01275175323740052,0.02348914095189383,1.8832374066566663e-11,1.4541414389075863e-11,0.0,0.0,0.0014480746717094196,0.0019788071219397157,0.011301678269299965,0.021507599868031614,2.000296391135393e-06,2.733961922493769e-06
177.0,6.712957404336729,6.866173745325706,6.5865720188129275,6.633039914097059,0.012638538552380223,0.023313383122864687,1.8802079690015062e-11,1.4421043509499093e-11,0.0,0.0,0.0014238485092202477,0.0019509772075861885,0.011212751118645607,0.021359753200781914,1.938924514368606e-06,2.652714496590779e-06
178.0,6.711770149838253,6.8643418427947225,6.586499131596418,6.632941144859187,0.012527101824183533,0.023140069793553507,1.868384614940296e-11,1.4302530219360495e-11,0.0,0.0,0.001400201962646502,0.0019237672234370163,0.011125020212275159,0.021213728276727812,1.879649261873251e-06,2.5742933886785986e-06
179.0,6.710601793868943,6.862535554469483,6.586427713550621,6.632844128154412,0.012417408031832,0.02296914263150725,1.8632439716461144e-11,1.4296932094462827e-11,0.0,0.0,0.0013771188188200013,0.001897160883894767,0.011038466827668032,0.021069483141488928,1.8223853439695215e-06,2.4986061235515603e-06
180.0,6.709451877720976,6.860754311730477,6.586357741747235,6.632748939016099,0.012309413597374128,0.022800537271437823,1.8492932339201665e-11,1.4359802811584817e-11,0.0,0.0,0.0013545835026231056,0.0018711477851239438,0.010953063046484824,0.020926963913811877,1.7670482661995071e-06,2.425572502002989e-06
181.0,6.708319800763485,6.8589971626553,6.586289135863764,6.632655060556954,0.012203066489972183,0.02263421020983471,1.859503594472977e-11,1.4648125839047432e-11,0.0,0.0,0.0013325778602629238,0.0018456837921064378,0.010868775067396728,0.020786171309994557,1.7135623125305726e-06,2.3551077337164807e-06
182.0,6.707205307753543,6.857264436693474,6.586221856746759,6.632562932818329,0.012098345100678429,0.022470150387514605,1.843914555248118e-11,1.4671506269065687e-11,0.0,0.0,0.001311083729311563,0.0018207843150877202,0.010785599529223177,0.020647078941183842,1.6618421436866547e-06,2.2871312430463107e-06
183.0,6.706107967454577,6.8555551917225435,6.586155909950657,6.6324723750630525,0.011995205750392108,0.022308281665949028,1.828579781342128e-11,1.4693293324155413e-11,0.0,0.0,0.0012900936081229062,0.0017964227131258956,0.010703500324726277,0.020509637389750757,1.6118175429263818e-06,2.221563072375344e-06
184.0,6.705027401780353,6.853868934256113,6.5860912391219575,6.632383333938239,0.011893616265839652,0.02214856003178732,1.8220222548941733e-11,1.4577740634486026e-11,0.0,0.0,0.0012695900608963408,0.0017725864094292245,0.01062246279039919,0.020373815302239282,1.5634145441206213e-06,2.15832011881796e-06
185.0,6.703963287392528,6.852205297737988,6.586027816650837,6.6322957839193,0.011793547074168957,0.021990951381868733,1.8249663273780214e-11,1.4463821219100683e-11,0.0,0.0,0.0012495612680885023,0.0017492610736503922,0.010542469241866328,0.020239592991859442,1.516564214123369e-06,2.097316358906462e-06
186.0,6.702915230411342,6.850563851565742,6.585965606742295,6.6322096791190335,0.011694962366904831,0.021835417244670786,1.8485511884103844e-11,1.4351517110381977e-11,0.0,0.0,0.0012299933799072176,0.0017264328032868524,0.010463497786072916,0.020106945976780345,1.471200924698197e-06,2.038464603588003e-06
187.0,6.7018829283664445,6.848944206046671,6.585904577087916,6.632124982180064,0.011597835127852861,0.021681922386660727,1.8335610127290237e-11,1.4534356692231383e-11,0.0,0.0,0.0012108732529729452,0.001704087554513708,0.010385534611938375,0.01997585315696203,1.42726294153932e-06,1.9816751849896756e-06
188.0,6.700866033590194,6.847345909296451,6.585844698356131,6.6320416631959045,0.011502133523406274,0.021530424610054628,1.8289957968707942e-11,1.4573361600961342e-11,0.0,0.0,0.0011921890377787348,0.0016822140563976457,0.010308559793391443,0.019846283699313256,1.3846922360963515e-06,1.9268543437294264e-06
189.0,6.699864225741147,6.845768543769704,6.585785937448516,6.631959689100682,0.011407828829262999,0.0213808854669022,1.8226605551172885e-11,1.4710026897293665e-11,0.0,0.0,0.0011739283281615087,0.0016607986827980696,0.010232557067452233,0.019718212876559976,1.343433649257104e-06,1.8739075441534737e-06
190.0,6.6988771954266495,6.844211693967976,6.585728268667916,6.631879031438288,0.011314892675873368,0.021233266252968883,1.8176527947712415e-11,1.4599502766647445e-11,0.0,0.0,0.001156079445997569,0.0016398297678731615,0.010157509793152724,0.019591613747324543,1.303436723076974e-06,1.8227377711700548e-06
191.0,6.697904657336652,6.8426750089387305,6.585671662783534,6.631799644048904,0.011223299455311855,0.021087536488982612,1.8082237887396624e-11,1.4624005989214744e-11,0.0,0.0,0.0011386314991673986,0.0016192952358842327,0.010083403302364222,0.01946646800517578,1.2646537802338283e-06,1.7732479225978568e-06
192.0,6.696946321310056,6.84115811398721,6.585616091757746,6.6317215137512395,0.011133022955230987,0.020943660023597016,1.794042178643665e-11,1.4548151016108985e-11,0.0,0.0,0.0011215731745058293,0.0015991842327180677,0.010010222740548913,0.01934275044891435,1.2270401762424752e-06,1.7253419646001554e-06
193.0,6.696001912103395,6.839660626301246,6.585561529660135,6.631644598522891,0.011044038244326022,0.02080160277783541,1.8049120183264182e-11,1.4484810560901752e-11,0.0,0.0,0.0011048939131586767,0.0015794848930805456,0.009937953775828064,0.01922043895800478,1.1905553392812344e-06,1.6789267500801115e-06
194.0,6.695071136326614,6.838182145434116,6.585507952629237,6.631568880395207,0.010956318369737745,0.020661326503891013,1.8080723610533003e-11,1.4461062244446045e-11,0.0,0.0,0.0010885843591093268,0.0015601885579551611,0.009866578848616898,0.01909950403496932,1.1551620115189338e-06,1.6339109665385938e-06
195.0,6.694153747195502,6.83672232154382,6.585455336785684,6.631494331701763,0.010869841040981869,0.020522798984205805,1.820705929578498e-11,1.4460440585419703e-11,0.0,0.0,0.0010726350323393642,0.001541284663161795,0.009796085183317356,0.018979924114232632,1.1208253251500222e-06,1.5902068113804021e-06
196.0,6.693249499436444,6.83528080823145,6.585403652794262,6.631420908662993,0.010784584664218244,0.020385989956845353,1.806761611858137e-11,1.4427459473918998e-11,0.0,0.0,0.0010570356427191307,0.0015227613167726611,0.00972646150815485,0.018861680904940278,1.0875133442632935e-06,1.5477351324120855e-06
197.0,6.692358133648131,6.8338572252916014,6.585352886670741,6.631348615701397,0.010700524697739149,0.020250860959020397,1.811629271112757e-11,1.4397361608998149e-11,0.0,0.0,0.001041780010797056,0.0015046151872473885,0.00965768949028962,0.018744739355210926,1.0551966524745341e-06,1.5064165620793566e-06
198.0,6.691479512185717,6.832451700782565,6.585303000514691,6.631277386518089,0.0106176511671025,0.020117431426447487,1.797910324026009e-11,1.4669725641397804e-11,0.0,0.0,0.0010268518198408771,0.0014868213572881077,0.009589775498825984,0.018629143877179694,1.0238484356369653e-06,1.466191979685358e-06
199.0,6.690613366034987,6.831063801136204,6.585253990515518,6.631207272996573,0.01053593755194692,0.019985652813963112,1.7906368410228366e-11,1.464981970891819e-11,0.0,0.0,0.0010122438804666476,0.0014693863405836794,0.009522700228431978,0.018514839480707396,9.934430482919883e-07,1.4269926720363173e-06
200.0,6.689759280402149,6.829692094057915,6.585205825170488,6.631138127446059,0.010455345523166109,0.019855396661185354,1.8093703541283012e-11,1.4592147293494147e-11,0.0,0.0,0.0009979531591291241,0.001452293844784332,0.009456428406016843,0.018401714043715184,9.639580201443914e-07,1.3887726858405267e-06
201.0,6.688917133240436,6.828337471969324,6.5851584778531365,6.631070033238608,0.010375865538729776,0.019726743873071762,1.8041158267832758e-11,1.4549014409974938e-11,0.0,0.0,0.0009839675418439684,0.0014355370446067907,0.009390962624701694,0.01828985533841859,9.353721841136413e-07,1.3514900463834639e-06
202.0,6.688086820097717,6.826999470964294,6.585111939490509,6.6310029297193225,0.010297488060720976,0.019599654124497125,1.793504666017351e-11,1.4616023134511948e-11,0.0,0.0,0.0009702785364240205,0.0014191055905595476,0.009326301861490506,0.018179233420738707,9.076628064484805e-07,1.3151131988684493e-06
203.0,6.687268079461894,6.825677544330248,6.585066191046559,6.630936810708082,0.010220188841533554,0.019474073362216612,1.7853824306499978e-11,1.4624456677919846e-11,0.0,0.0,0.0009568800875381842,0.0014029957597333845,0.009262427943511838,0.01806979798526527,8.80810483533165e-07,1.2796172179553306e-06
204.0,6.686460677234813,6.824371584081956,6.585021206813077,6.63087163230848,0.01014394704217371,0.019349995177347576,1.7578845805509697e-11,1.4568683519928985e-11,0.0,0.0,0.000943764930353238,0.001387195571661714,0.009199327315869497,0.017961554615496523,8.547959509718323e-07,1.2449901893408118e-06
205.0,6.685664431415644,6.823081153570718,6.58497697461313,6.630807395099904,0.01006874568025132,0.019227375847081344,1.7545783107179684e-11,1.453381148756438e-11,0.0,0.0,0.0009309239500749746,0.0013716984585192213,0.00913699212936716,0.01785446616768595,8.29600809182323e-07,1.2112208761708915e-06
206.0,6.68487912163278,6.821806060457208,6.58493347390317,6.630744073201258,0.009994564772960944,0.01910619872559509,1.757832247317737e-11,1.4509600539164195e-11,0.0,0.0,0.0009183513870316487,0.0013564986432300272,0.009075408179554647,0.017748521777531914,8.05206374648479e-07,1.1783048331493557e-06
207.0,6.684104588492523,6.820546039167344,6.584890686422057,6.630681643137567,0.009921390207046655,0.018986439602977682,1.7540779529393213e-11,1.4523036343831382e-11,0.0,0.0,0.0009060405849273738,0.0013415869818921569,0.009014568028010702,0.01764370637991107,7.815941085789669e-07,1.1462411744553327e-06
208.0,6.68334062256171,6.8193008261255565,6.584848598829061,6.63062009416727,0.009849202373264873,0.01886807319582883,1.7624057742952287e-11,1.4672522362934885e-11,0.0,0.0,0.0008939852915583893,0.0013269586129633834,0.008954458336127447,0.0175399995567524,7.587455790365698e-07,1.11502611304619e-06
209.0,6.6825870679726265,6.818070238771557,6.584807191931422,6.6305594053472845,0.009777987604120686,0.01875108334242712,1.766664639234433e-11,1.460756583896447e-11,0.0,0.0,0.0008821786000078883,0.0013126046369671873,0.008895072362564753,0.017437394046942275,7.366415480439348e-07,1.0846585176580738e-06
210.0,6.6818437422930685,6.816853935426377,6.584766453159069,6.630499556530838,0.009707728913400089,0.01863543788955407,1.7838791960892972e-11,1.4630386896991728e-11,0.0,0.0,0.0008706132595557665,0.0012985183488637188,0.008836400389609643,0.017335864408054708,7.152642346787457e-07,1.0551326356472007e-06
211.0,6.681110457502274,6.815651816123603,6.584726364044272,6.630440538839762,0.009638409345800264,0.018521127728384428,1.7880706865559642e-11,1.4624414468988184e-11,0.0,0.0,0.000859283546936199,0.0012846940514300042,0.008778431204799146,0.01723540723662875,6.94594064919822e-07,1.026440325671844e-06
212.0,6.680387042077423,6.814463388587456,6.584686915883758,6.630382335242999,0.009570012619366453,0.018408105334445736,1.775612194813156e-11,1.4602916968155763e-11,0.0,0.0,0.0008481837829559911,0.0012711260479079014,0.008721154224054424,0.017135980715859696,6.746123560374907e-07,9.98570678139873e-07
213.0,6.679673324274326,6.813288771312222,6.5846480844263615,6.63032491991608,0.009502523984796363,0.018296385139614096,1.7691206213705204e-11,1.4626313994852478e-11,0.0,0.0,0.0008373085734054515,0.001257807068402772,0.008664560112267253,0.017037606559315077,6.552991236585602e-07,9.715118962504464e-07
214.0,6.678969162872946,6.812127403041039,6.58460986817028,6.630268294936463,0.009435929470266469,0.018185910810457454,1.7723110117285603e-11,1.4609960939221924e-11,0.0,0.0,0.0008266520352796804,0.0012447325431470247,0.008608640799502652,0.01694023302077721,6.366354841352653e-07,9.452465332209651e-07
215.0,6.678274381698394,6.810979383244032,6.584572240003027,6.630212427106852,0.009370214169536708,0.018076695613717778,1.7601412443093903e-11,1.4477318073615778e-11,0.0,0.0,0.0008162081520832524,0.0012318944625679758,0.008553387415733464,0.016843881391507786,6.186017199910566e-07,9.1975964201681e-07
216.0,6.677588838607318,6.809844358475163,6.584535196998368,6.630157314319,0.009305364160895035,0.01796870441561629,1.7520988775544118e-11,1.4632514624306812e-11,0.0,0.0,0.0008059716265003243,0.0012192885058117402,0.008498791356366466,0.01674852087813195,6.011780282452768e-07,8.950316725983321e-07
217.0,6.676912339743806,6.808722011511549,6.584498725631221,6.630102942635373,0.009241361411258454,0.01786190688761765,1.7530463683194032e-11,1.4623668434801067e-11,0.0,0.0,0.0007959376578754316,0.0012069098563900916,0.008444839409362605,0.01665412598874159,5.84344020417487e-07,8.710424859676902e-07
218.0,6.676244732559045,6.8076123215678015,6.58446281124996,6.630049296683945,0.00917819213090854,0.01775630248838556,1.7532036109297202e-11,1.4533992167280358e-11,0.0,0.0,0.0007861016176412892,0.00119475265555594,0.00839152243335272,0.016560702058391163,5.680799145282846e-07,8.477744384542022e-07
219.0,6.675585738888169,6.806514597244359,6.584427467933629,6.629996396866797,0.009115827095453955,0.01765182003775628,1.7414227929524317e-11,1.4445227579809682e-11,0.0,0.0,0.0007764617149086176,0.0011828191689897312,0.008338813015919107,0.01646817566506986,5.523646262314595e-07,8.252036966880228e-07
220.0,6.6749355127218575,6.805429541085223,6.584392618009818,6.6299441460174675,0.009054289471204034,0.017548539506775623,1.7515798052776054e-11,1.4631839630461273e-11,0.0,0.0,0.0007670079110594637,0.001171086696988591,0.008286744380256622,0.0163766494902957,5.371798879491227e-07,8.033194913305533e-07
221.0,6.674293764406408,6.804356423111834,6.584358303637039,6.629892589918593,0.00899354607693691,0.01744638331932413,1.7476583800685306e-11,1.4596556392595592e-11,0.0,0.0,0.0007577352381539736,0.001159561533212102,0.008235288332787732,0.016286039687832054,5.225059952029793e-07,7.820982799728961e-07
222.0,6.673660281398718,6.803295186546862,6.584324506541868,6.629841725498756,0.00893357748568511,0.01734534610481035,1.773603715332444e-11,1.4607090119370553e-11,0.0,0.0,0.000748642441350486,0.0011482408459557196,0.008184426721156662,0.016196343734898293,5.08323177962265e-07,7.61523956335957e-07
223.0,6.673035001822277,6.802245404335345,6.584291214640659,6.629791524295328,0.008874378718161631,0.017245388004001765,1.7620471505880007e-11,1.4659165140937586e-11,0.0,0.0,0.0007397242970962886,0.0011371162777245667,0.008134159808358335,0.016107530148382867,4.946127070078803e-07,7.415778943263113e-07
224.0,6.672417712307314,6.801207195222735,6.584258409369002,6.629741972583608,0.008815930293831329,0.017146522263912535,1.7563358589679173e-11,1.466719109220402e-11,0.0,0.0,0.0007309770096744116,0.0011261848838005613,0.008084471926767853,0.016019615133609718,4.813573890643845e-07,7.222465022563383e-07
225.0,6.671808317973708,6.800180260297504,6.584226093655254,6.6296930717836045,0.008758222431845248,0.017048718851389956,1.7688253052250675e-11,1.4581929588513426e-11,0.0,0.0,0.0007223970374792361,0.001115442626150501,0.008035356855317347,0.015932572713803855,4.6853904866493735e-07,7.035114356028709e-07
226.0,6.671206646847475,6.799164121834529,6.584194251932871,6.629644802204402,0.008701239491460303,0.016951931963012708,1.739135161339862e-11,1.462840330198472e-11,0.0,0.0,0.0007139798361086888,0.001104885189966119,0.007986803514233374,0.01584636141714819,4.5614111824083395e-07,6.853558983998681e-07
227.0,6.670612581727777,6.798159352565047,6.584162865003978,6.62959714695144,0.008644971672380035,0.01685622056136086,1.7362222408417353e-11,1.4618990940274377e-11,0.0,0.0,0.0007057211776188018,0.001094505573188042,0.00793880634654232,0.015761047220591885,4.4414821891173823e-07,6.677675809365194e-07
228.0,6.670026044101576,6.797165334628243,6.584131940922114,6.629550108187567,0.008589410317946175,0.01676152264406774,1.7252292244293157e-11,1.465787848197028e-11,0.0,0.0,0.0006976176893625203,0.001084302872709184,0.007891360084102192,0.01567656904314591,4.3254448146361966e-07,6.507282126476295e-07
229.0,6.669446837508786,6.79618177921579,6.584101468722663,6.62950367449835,0.008534536878612166,0.016667810471744017,1.753539126169443e-11,1.4575172052160027e-11,0.0,0.0,0.0006896672531309148,0.0010742744252435143,0.007844448310061002,0.015592901825023826,4.2131542025074984e-07,6.342214766763131e-07
230.0,6.66887491466087,6.795209678771024,6.584071428988129,6.629457836113832,0.008480348567274044,0.01657518426571943,1.7559849460344408e-11,1.4494065725769763e-11,0.0,0.0,0.000681862380837147,0.0010644073416893466,0.007798075739119522,0.015510158688413727,4.104473173737526e-07,6.18235616350957e-07
231.0,6.6683100612810735,6.794245096797059,6.584041842078846,6.629412596287568,0.008426821920222807,0.016483250050949222,1.745151627439382e-11,1.4468944969188089e-11,0.0,0.0,0.0006741978327876279,0.0010547128967083954,0.007752224159770298,0.015427934418020334,3.99927664881543e-07,6.027362204918854e-07
232.0,6.667751849904488,6.793292683270131,6.584012612428433,6.629367871023178,0.008373923747605441,0.016392481224695256,1.7486755547285693e-11,1.4510668416831994e-11,0.0,0.0,0.0006666804860398122,0.0010451782274881573,0.007706853515901244,0.015346715262530316,3.8974566438483296e-07,5.877346767826849e-07
233.0,6.667201109836879,6.792353299870163,6.5839838251156095,6.629323735497833,0.008321728472127029,0.016302956437232983,1.766841878652779e-11,1.4513758078487855e-11,0.0,0.0,0.0006593038726486518,0.0010357914037606834,0.007662044715073505,0.015266591818898894,3.7988440486982695e-07,5.732145734020783e-07
234.0,6.666657108276894,6.791417904083978,6.583955535183086,6.6292802324667495,0.00827015730938096,0.016213767161723066,1.7562843583003628e-11,1.448926332353086e-11,0.0,0.0,0.0006520512933997534,0.0010265687660412082,0.007617735683776405,0.015186639277823561,3.703322048013412e-07,5.591178582983278e-07
235.0,6.666118867272096,6.790495647108263,6.583927516561732,6.629237169043173,0.008219135071036355,0.016125847806508983,1.7456356601637657e-11,1.4545435905073683e-11,0.0,0.0,0.0006449355259405661,0.0010174942837884555,0.007573838459472914,0.015107808039658976,3.610856228747288e-07,5.454830615470325e-07
236.0,6.665587784386649,6.7895816531663185,6.583899945466683,6.629194693169317,0.008168783891996682,0.016038695999700113,1.7352319436083045e-11,1.446712284792779e-11,0.0,0.0,0.0006379504687535527,0.0010085696947348427,0.007530481295674856,0.015029594046819379,3.52127568275468e-07,5.322581458941929e-07
237.0,6.665063004972677,6.7886787059247835,6.583872738856427,6.629152720949277,0.008119026611624815,0.015952598497550773,1.7304339624374084e-11,1.447098102658282e-11,0.0,0.0,0.0006310929492787144,0.0009997868459527394,0.007487590214992326,0.01495229219949535,3.4344735377401363e-07,5.194521026866647e-07
238.0,6.664544798272401,6.787784694795071,6.58384592094152,6.62911128479852,0.008069887733088178,0.015867340999655043,1.759402744482344e-11,1.4495414356464728e-11,0.0,0.0,0.0006243546049721286,0.0009911396153192218,0.007445198091611695,0.014875694347734598,3.3503650435577876e-07,5.070366012252128e-07
239.0,6.66403240217778,6.786899215835016,6.583819510943758,6.629070382231214,0.008021289123402206,0.015782883360380324,1.764853419429003e-11,1.4419969644962304e-11,0.0,0.0,0.0006177373237528053,0.0009826408751759642,0.007403224915289654,0.014799747484233572,3.268843597468974e-07,4.95000970788651e-07
240.0,6.663526082845869,6.786023131186162,6.583793430967371,6.629029971991534,0.007973265187849781,0.015699315919462938,1.7710267040249715e-11,1.4345661549044523e-11,0.0,0.0,0.0006112386078278905,0.0009742733575461149,0.007361707597839676,0.014724559232759615,3.189821822145963e-07,4.833291572102789e-07
241.0,6.663025822900506,6.785156196251884,6.583767718317276,6.628990053791273,0.007925810458323017,0.01561661424606105,1.7752228932897378e-11,1.446278137960579e-11,0.0,0.0,0.0006048543842514265,0.0009660372483680155,0.007320644753935537,0.014650104989204526,3.113201360531577e-07,4.720084885092216e-07
242.0,6.662531416407937,6.784298196066145,6.5837423580377346,6.628950623929428,0.007878905837020212,0.015534757213671528,1.7651170495186583e-11,1.4465725906511079e-11,0.0,0.0,0.0005985828070310708,0.0009579322903669048,0.007280019140931133,0.01457636390042861,3.038890580087592e-07,4.610228760133615e-07
243.0,6.66204280140196,6.7834488017057755,6.583717345702,6.628911689893593,0.007832545569995906,0.015453711181218426,1.7551512735867418e-11,1.4736726269015416e-11,0.0,0.0,0.0005924204902387942,0.0009499523575495835,0.007239828400038582,0.014503308466123608,2.9667971852911307e-07,4.503575452352481e-07
244.0,6.6615597667863735,6.782608006921514,6.583692675005765,6.6288732319509975,0.007786709178060855,0.015373477497051811,1.768732041415415e-11,1.470843144858345e-11,0.0,0.0,0.0005863645001344581,0.0009420981060061036,0.007200054993389351,0.014430939394120204,2.8968453704647016e-07,4.399969255050114e-07
245.0,6.661082347101907,6.781776053129457,6.583668340017225,6.62883523699375,0.007741400708468153,0.015294081613570792,1.7693577278413707e-11,1.463585638057739e-11,0.0,0.0,0.0005804144042347437,0.0009343649386649325,0.007160703410086725,0.014359286745300409,2.828941466842333e-07,4.299296054536266e-07
246.0,6.660610399991846,6.780952126630016,6.583644338650588,6.6287977098415505,0.007696606134125808,0.015215441678846687,1.7595852610046392e-11,1.4563968165431065e-11,0.0,0.0,0.0005745664492909933,0.0009267516482449756,0.0071217633842877714,0.014288269892448262,2.763005470418614e-07,4.2013815344815547e-07
247.0,6.660143770621156,6.780136744703193,6.5836206548968725,6.6287606319795565,0.007652311572428528,0.01513761127236364,1.752755220098745e-11,1.4493030061827999e-11,0.0,0.0,0.0005688195190471949,0.000919255319014904,0.0070832221573659425,0.014217945340513839,2.698960153911826e-07,4.106128348939545e-07
248.0,6.659682462524276,6.7793295014729935,6.5835972940779275,6.628724004975909,0.00760851684463486,0.015060549649708693,1.749254076096967e-11,1.459187194087367e-11,0.0,0.0,0.0005631712786354483,0.0009118738013366943,0.007045081893710615,0.01414827450808966,2.6367228879747307e-07,4.013402823392221e-07
249.0,6.659226360462838,6.778530731006393,6.58357424504818,6.628687817666413,0.007565211541465964,0.014984291333998057,1.7511602907326498e-11,1.4522369008395341e-11,0.0,0.0,0.0005576196621283651,0.0009046033188182008,0.007007334257813072,0.014079295706510921,2.5762152452642173e-07,3.923086689343656e-07
250.0,6.658775360061715,6.777739227127594,6.583551514156693,6.62865207658547,0.0075223845905023285,0.014908715054212334,1.7444041112150068e-11,1.4572365035865275e-11,0.0,0.0,0.000552161076398229,0.0008974440597731141,0.00696997177775099,0.014010887493005296,2.5173635310937314e-07,3.835014339229825e-07
251.0,6.6583292834432655,6.77695623406814,6.583529069550597,6.628616753595851,0.0074800213892669614,0.014833948047228873,1.747218106972013e-11,1.4610432116672277e-11,0.0,0.0,0.0005467952129701424,0.0008903917582316817,0.006932980166534151,0.013943181379075837,2.46009762668215e-07,3.749099213536735e-07
252.0,6.657888204043685,6.776180067566936,6.5835069390266145,6.628581857392123,0.007438126501706985,0.014759821017481292,1.75711807377701e-11,1.470505984496216e-11,0.0,0.0,0.0005415195730347764,0.0008834477664159974,0.00689636649436146,0.013876006734048553,2.4043431074906046e-07,3.665170167433296e-07
253.0,6.657451990812526,6.77541404126015,6.583485069894175,6.62854735296693,0.007396692091835121,0.014686668829321974,1.7713252133076933e-11,1.4756919970979924e-11,0.0,0.0,0.0005363348910657281,0.0008766016057726553,0.006860122197646583,0.013809708898801688,2.3500312281073218e-07,3.5832474763395885e-07
254.0,6.657020809318318,6.7746537514976035,6.5834635512139155,6.628513313148477,0.00735572581044014,0.014614043834912554,1.7681883725420393e-11,1.489430221846347e-11,0.0,0.0,0.0005312328906379472,0.0008698586383569255,0.006824263211610192,0.013743834886509937,2.2970819200077505e-07,3.503100456932758e-07
255.0,6.656593852791217,6.773900286578021,6.58344228476683,6.6284796585296775,0.007315156802438813,0.014542062804834473,1.7616870923061995e-11,1.4826375123947864e-11,0.0,0.0,0.0005262135873402833,0.0008632184378470547,0.0067887186699787695,0.013678501895028599,2.24545119762396e-07,3.4247195881767683e-07
256.0,6.6561715148686735,6.773155462108448,6.583421272661712,6.628446376265812,0.007275024220696032,0.014470908584263649,1.770798954531987e-11,1.4894680033929017e-11,0.0,0.0,0.000521280115876997,0.0008566743920537784,0.006753524594589823,0.013613899373202112,2.1951022921338332e-07,3.3481900775957846e-07
257.0,6.655754024068315,6.772417798504316,6.583400556987241,6.62841350507687,0.007235346708107473,0.01440042934274451,1.761732304720741e-11,1.4828362518203108e-11,0.0,0.0,0.000516428965520843,0.0008502258799923754,0.006718703146444141,0.013549876110333179,2.145961424900102e-07,3.2735241895612413e-07
258.0,6.655340824241114,6.7716870949311545,6.58338011012911,6.628381019757999,0.007196071411200523,0.014330607517315425,1.7481131398008974e-11,1.4762679646273047e-11,0.0,0.0,0.000511656298555026,0.0008438712009445183,0.006684205314378354,0.013486416242127626,2.0979826714342327e-07,3.2007424327991704e-07
259.0,6.654932005343207,6.7709636935264665,6.5833599288383065,6.628348913236634,0.007157207650490212,0.014261478028983338,1.739281720016298e-11,1.469796062676318e-11,0.0,0.0,0.0005069618027032497,0.0008376083485581964,0.0066500407341719215,0.013423556687639537,2.051136150392583e-07,3.129927856030824e-07
260.0,6.654527578397226,6.770247333090139,6.58334000408554,6.62831718561582,0.007118757431168529,0.014193014747431952,1.7571171248318774e-11,1.4849296673454408e-11,0.0,0.0,0.0005023429715205663,0.0008314359213137842,0.006616213920405627,0.013361272716998841,2.005392423354746e-07,3.061091193273747e-07
261.0,6.654127317878269,6.769537901350287,6.583320340261003,6.6282858244936715,0.007080697761726731,0.014125207685661653,1.7483711059144287e-11,1.48283947127778e-11,0.0,0.0,0.0004977992551465049,0.0008253515380644923,0.006582702433964468,0.013299556725799449,1.9607261575754425e-07,2.9942179771575345e-07
262.0,6.653731199078261,6.768835259575783,6.583300929982011,6.628254833417704,0.007043026909625033,0.01405804261580785,1.7467267259700444e-11,1.4798165802023052e-11,0.0,0.0,0.0004933283741903026,0.0008193549349303431,0.006549506823977562,0.01323839476016589,1.9171145716899692e-07,2.9292071161573916e-07
263.0,6.65333920849471,6.768139533829064,6.5832817644833845,6.628224199387583,0.007005744401132487,0.01399153344414807,1.757406908084393e-11,1.473575471753683e-11,0.0,0.0,0.0004889292445488593,0.0008134429486022434,0.006516627702107231,0.01317780390283467,1.8745447639529938e-07,2.865927111584078e-07
264.0,6.652951265543186,6.767450382632141,6.583262847221895,6.628193920606516,0.006968841832128971,0.013925646202562649,1.7681402070290117e-11,1.477358566526676e-11,0.0,0.0,0.0004846001433651397,0.0008076149910502955,0.006484058387861284,0.013117750791626673,1.8330090254821378e-07,2.804198856809898e-07
265.0,6.652567293326846,6.766767903421635,6.5832441651548175,6.628163989334791,0.006932312817202741,0.013860391408684643,1.7854562139720065e-11,1.4712089950335864e-11,0.0,0.0,0.0004803398748297595,0.0008018687271021183,0.006451793691722104,0.013058248295629253,1.7925065087786942e-07,2.743859532712762e-07
266.0,6.652187240693571,6.76609194698132,6.5832257213606065,6.628134403339564,0.006896151933296429,0.013795754364175603,1.788599017107473e-11,1.4651357570722234e-11,0.0,0.0,0.00047614685977014125,0.0007962031038941486,0.006419829770035972,0.012999282783434592,1.7530349031825116e-07,2.6847684686146864e-07
267.0,6.6518110409505065,6.765422460307653,6.583207509122229,6.628105155552065,0.006860353182827789,0.013731730475558715,1.7877646728272842e-11,1.4675306326899192e-11,0.0,0.0,0.0004720200316410597,0.0007906164918076129,0.006388161691804233,0.012940851299486323,1.7145938249779894e-07,2.626842647788128e-07
268.0,6.6514386323200965,6.764759297796287,6.583189526798661,6.628076244148539,0.0068249105521434785,0.01366830536477489,1.821349708135546e-11,1.4615880964330076e-11,0.0,0.0,0.00046795774459932124,0.0007851073184122893,0.006356785088902135,0.01288294104270125,1.6771864202089632e-07,2.5700366135240105e-07
269.0,6.651069951585277,6.76410248971449,6.583171766784836,6.628047659033947,0.006789818480044064,0.013605483068053982,1.8156171093087037e-11,1.4691353848437803e-11,0.0,0.0,0.00046395881879921847,0.0007796740862176427,0.006325695580135841,0.012825557545428181,1.640811090037468e-07,2.514364081605982e-07
270.0,6.650704959069436,6.7634518439474345,6.5831542290511535,6.628019402904426,0.006755073001827975,0.013543244104300717,1.807249558408489e-11,1.4828318411850426e-11,0.0,0.0,0.00046002192063806146,0.0007743159186539337,0.006294890534690472,0.012768682198632366,1.6054649944123217e-07,2.459870144142318e-07
271.0,6.650343572177702,6.762807314419099,6.583136909055386,6.627991463120931,0.006720666312231702,0.01348158512981705,1.8073709642343115e-11,1.5263195541838534e-11,0.0,0.0,0.00045614593401632194,0.0007690310503396167,0.006264363264108481,0.012712313418251093,1.5711410689736833e-07,2.406612263410054e-07
272.0,6.64998573559323,6.76216882805023,6.583119801007578,6.627963841003089,0.006686593458565078,0.013420498704714257,1.807544579575599e-11,1.5203602191174188e-11,0.0,0.0,0.0004523296025288195,0.0007638184285438142,0.006234110073496391,0.012656444811813492,1.5378253986795648e-07,2.3546435695118707e-07
273.0,6.649631430965936,6.761536348710071,6.583102903778277,6.6279365282621,0.006652852718765795,0.013359982044796952,1.813862949979735e-11,1.514487784611516e-11,0.0,0.0,0.00044857188465221426,0.0007586764047769452,0.006204130284449568,0.012601075240401329,1.50549664013575e-07,2.3039961868148307e-07
274.0,6.649280575284077,6.7609097084323935,6.583086213895204,6.627909521861078,0.006619436138887179,0.013300018657131442,1.8057347997338773e-11,1.5086833061602435e-11,0.0,0.0,0.00044487148892321604,0.0007536040280647857,0.006174417237470103,0.01254618916119194,1.474124938595278e-07,2.2546787471565632e-07
275.0,6.648933137440738,6.7602889590099355,6.583069725297335,6.627882816102266,0.006586341214340389,0.013240614290767063,1.8069096904534208e-11,1.508806585546075e-11,0.0,0.0,0.0004412273713182203,0.0007485995680945093,0.006144969475072738,0.012491794055857455,1.443679494307753e-07,2.2066681509829054e-07
276.0,6.648589069777354,6.759673970430821,6.583053434731416,6.627856409037778,0.006553563504593744,0.013181756139304458,1.8215644387936054e-11,1.5139597981130278e-11,0.0,0.0,0.0004376379977896394,0.000743661694997118,0.0061157840944097664,0.012437878452397882,1.414123943380623e-07,2.1599190945806764e-07
277.0,6.6482483200825655,6.759064714069748,6.583037343002883,6.627830294848884,0.006521097707968214,0.013123441922086605,1.8136092708383483e-11,1.513317107457342e-11,0.0,0.0,0.0004341027213813281,0.0007387899520513014,0.006086856444581993,0.012384440532549553,1.385420048918053e-07,2.1143748575064497e-07
278.0,6.647910833654629,6.758460984914487,6.583021443858537,6.627804468967217,0.006488938979609142,0.013065651594726953,1.8223393453988512e-11,1.513607005228061e-11,0.0,0.0,0.0004306202198476355,0.0007339824602153772,0.006058183006513078,0.012331462137998985,1.3575324842740815e-07,2.0699651258931257e-07
279.0,6.647576508113366,6.757862701732328,6.5830057456796265,6.627778929368548,0.006457076243373913,0.013008377236377907,1.8406840098696014e-11,1.514948516244483e-11,0.0,0.0,0.00042719035289606223,0.0007292408999747338,0.006029752847665643,0.012278933674302179,1.330428122078408e-07,2.026621009955594e-07
280.0,6.647245353266481,6.757269978008726,6.58299021988418,6.627753667048203,0.00642551333822996,0.012951631096052435,1.8328519639931745e-11,1.5271315585625203e-11,0.0,0.0,0.00042381137820551455,0.0007245595266046557,0.006001571552356053,0.012226873142577584,1.3040766839240715e-07,1.9842687019553413e-07
281.0,6.646917369604263,6.75668270982036,6.58297488436876,6.62772868549022,0.006394248523550177,0.012895402433014201,1.8361981935391228e-11,1.5216204924547137e-11,0.0,0.0,0.0004204821625839595,0.0007199399118895023,0.005973638516304935,0.012175268236611863,1.2784466128166729e-07,1.9428451283809696e-07
282.0,6.646592469249421,6.756100719064213,6.582959729587165,6.627703970704536,0.006363273966225452,0.012839674835967681,1.846162457259026e-11,1.5161895106606544e-11,0.0,0.0,0.0004172020131975793,0.0007153804860111317,0.005945946602160816,0.012124104120406222,1.2535086705741845e-07,1.9022955032858127e-07
283.0,6.646270595464662,6.755524018742175,6.582944750850045,6.627679527979921,0.0063325844614617755,0.012784449076225429,1.8385197223350382e-11,1.5195871556385188e-11,0.0,0.0,0.0004139698536359228,0.0007108801773462567,0.005918491684660171,0.01207338264063221,1.2292316568114068e-07,1.8625824696207698e-07
284.0,6.645951729947305,6.754952558060869,6.582929948051955,6.627655349841781,0.006302178189535077,0.01272972082190887,1.843064243555641e-11,1.5142588857669766e-11,0.0,0.0,0.00041078480683256043,0.0007064380330345514,0.005891272823688743,0.012023100419640836,1.205590137724987e-07,1.8236923348220438e-07
285.0,6.645635830415113,6.75438621741446,6.582915317835393,6.627631432893926,0.006272051257972172,0.012675478452053244,1.8355374129702977e-11,1.5248760417776745e-11,0.0,0.0,0.0004076458688694588,0.0007020528855039565,0.005864287132509805,0.011973247002484574,1.1825659290807394e-07,1.7856406471089596e-07
286.0,6.645322846977288,6.753824990476346,6.582900857644273,6.627607773227197,0.006242198933301476,0.012621721724915064,1.8449684772572443e-11,1.5305474273621422e-11,0.0,0.0,0.00040455237907671346,0.0006977242608836798,0.005837530538619918,0.011923822616004727,1.1601560484379081e-07,1.7484802665691767e-07
287.0,6.645012732853492,6.753268782643792,6.582886564425518,6.627584367458702,0.006212616842797252,0.012568441518509135,1.854827427813575e-11,1.525312485215272e-11,0.0,0.0,0.0004015034267369607,0.0006934507124635119,0.005810999578718635,0.011874819574844446,1.1383734165750751e-07,1.7123120117724212e-07
288.0,6.644705461701355,6.752717489615717,6.582872436253146,6.627561212205069,0.00618330254482077,0.012515627741064681,1.8620030797847354e-11,1.5320766772746084e-11,0.0,0.0,0.00039849811526830126,0.0006892315640460689,0.005784692704610976,0.0118262284481273,1.1172494149534245e-07,1.6772889131133385e-07
289.0,6.644400983465272,6.752171148806177,6.582858467168182,6.627538302939975,0.006154251629709009,0.012463284586620032,1.861001596242589e-11,1.543320311504868e-11,0.0,0.0,0.0003955355354117575,0.0006850655273294861,0.005758606410646111,0.011778054697908545,1.0968365114045497e-07,1.6436138200173108e-07
290.0,6.644099290518152,6.751629624151491,6.582844660327955,6.627515637918229,0.00612546301901981,0.01241139862332622,1.876362892737392e-11,1.538189412630259e-11,0.0,0.0,0.00039261514069227025,0.0006809524019582377,0.0057327401586769735,0.011730285068966737,1.0771965056619068e-07,1.6115240124511861e-07
291.0,6.643800324718921,6.751092933674368,6.582831007397476,6.627493210870552,0.00609693173214438,0.012359972280381323,1.8819086817366443e-11,1.543645778512379e-11,0.0,0.0,0.0003897359939128208,0.0006768904447234364,0.005707089898488464,0.011682923709448572,1.0583974309407371e-07,1.5812620931265194e-07
292.0,6.643504058941268,6.750560935786263,6.582817510651132,6.627471020711201,0.006068654829013548,0.01230899150750628,1.8823431367981977e-11,1.544803335477157e-11,0.0,0.0,0.00038689726995997254,0.0006728794444519074,0.005681653509083673,0.011635956758925422,1.0404996990027581e-07,1.5530412895114504e-07
293.0,6.643210445613674,6.75003362853243,6.582804164352617,6.627449063879285,0.006040628126105502,0.012258456465314458,1.875141988133197e-11,1.5452136650408873e-11,0.0,0.0,0.00038409831187684323,0.0006689182295702605,0.0056564274591934536,0.011589385533111903,1.0235503520442805e-07,1.5270263229622098e-07
294.0,6.642919458564637,6.749510916614353,6.582790968421672,6.62742733683342,0.006012849014296614,0.012208357978093385,1.8785043876160634e-11,1.540247458518482e-11,0.0,0.0,0.00038133831798185173,0.0006650063462620846,0.005631409938637472,0.011543201299185797,1.0075767729091308e-07,1.503326455048709e-07
295.0,6.642631071514511,6.748992814405258,6.582777918103061,6.627405834610627,0.0059853153411450425,0.012158697979463156,1.881906111383968e-11,1.544467307530587e-11,0.0,0.0,0.0003786167891663538,0.0006611424972266422,0.005606599293459781,0.01149740728436515,9.92585189083098e-08,1.4819787136182608e-07
296.0,6.64234524250484,6.748479168172339,6.582765013410514,6.627384557889951,0.005958022909432656,0.012109461028238745,1.8787986092979118e-11,1.5396026896616867e-11,0.0,0.0,0.00037593264815702224,0.0006573261639498494,0.005581992405924992,0.011451988570465817,9.785535064258409e-08,1.4629382307694812e-07
297.0,6.642061959341557,6.747970079389944,6.58275225019583,6.627363499104197,0.005930970914572777,0.01206065802857476,1.871835656453401e-11,1.5347974498198043e-11,0.0,0.0,0.0003732855958799102,0.000653556505187577,0.005557588776005301,0.011406956917700814,9.654268756412607e-08,1.4460568637157182e-07
298.0,6.641781159688945,6.747465325475613,6.58273962921651,6.627342661459705,0.005904153047243466,0.012012266401590756,1.8649649531624807e-11,1.5300530382331145e-11,0.0,0.0,0.0003706747163173181,0.000649832767888333,0.005533383019327371,0.01136229052718491,9.5311598778477e-08,1.431065175138911e-07
299.0,6.64150283537999,6.746964965081902,6.582727144977358,6.6273220349291355,0.005877569040263153,0.011964293015276586,1.858179911949794e-11,1.5253767462575056e-11,0.0,0.0,0.0003680993409732903,0.0006461542276127938,0.005509375548102999,0.011317997027246457,9.415118686393746e-08,1.4176041733573755e-07
300.0,6.641226935824975,6.74646888111752,6.582714797310513,6.627301620894411,0.005851213851446265,0.011916726022311027,1.8514626279334457e-11,1.53942262460377e-11,0.0,0.0,0.0003655588555570751,0.0006425201179561334,0.005485561945904115,0.011274065376231482,9.30499850747351e-08,1.4052812341042025e-07
301.0,6.640953455459325,6.7459770757127915,6.582702582956274,6.627281414466247,0.005825087250305096,0.011869566124654287,1.8872145536650944e-11,1.5348198421783874e-11,0.0,0.0,0.000363052722107713,0.0006389298972654106,0.005461942530435678,0.011230496854469,9.199776170344582e-08,1.3937291987566722e-07
302.0,6.640682351719383,6.745489478978334,6.582690501062776,6.627261412553168,0.0057991850656609,0.011822806642516644,1.896610699619601e-11,1.5302690592237065e-11,0.0,0.0,0.0003605803237373651,0.0006353825005918206,0.005438513755318452,0.011187285876445692,9.09866050838057e-08,1.3826547913169292e-07
303.0,6.64041360048815,6.7450060474014,6.5826785483713115,6.627241615375328,0.0057735052116839125,0.01177644320260725,1.889881740929221e-11,1.5406871495117316e-11,0.0,0.0,0.00035814096342797613,0.0006318774272078291,0.005415274237438436,0.011144428592463253,9.001081750018927e-08,1.37182936167106e-07
304.0,6.640147172836416,6.744526729854263,6.5826667243907115,6.627222016205441,0.005748044844570598,0.011730471364882335,1.8883654429822103e-11,1.536210066422055e-11,0.0,0.0,0.00035573407967868755,0.0006284138931020176,0.0053922216996068854,0.011101921365659566,8.906528502465676e-08,1.3610612075316796e-07
305.0,6.639883031265512,6.744051463974447,6.582655026713008,6.6272026162740945,0.005722800455250386,0.011684884770035322,1.8817531733946558e-11,1.5444997688261742e-11,0.0,0.0,0.00035335904419053315,0.000624991568464927,0.005369353266797443,0.01105975818216181,8.814426240981475e-08,1.3501940858397506e-07
306.0,6.639621168022598,6.743580245359501,6.582643451910163,6.627183409121414,0.005697771611243555,0.01163968362380874,1.8680708932240472e-11,1.540114072764217e-11,0.0,0.0,0.00035101537181991187,0.0006216095458696875,0.005346668998538282,0.011017940167248426,8.724088536135331e-08,1.3391069062801532e-07
307.0,6.63936153164125,6.743112992556481,6.58263200044185,6.627164394261999,0.005672953119940038,0.011594859829447952,1.8658859571160297e-11,1.5484264858228734e-11,0.0,0.0,0.0003487025512212076,0.0006182672560190391,0.005324164221729758,0.010976459800029483,8.63469890720018e-08,1.3277339942863222e-07
308.0,6.639104134215548,6.74264966087456,6.582620668436312,6.627145568634776,0.005648346577923633,0.011550409223978226,1.8594647865076727e-11,1.5507179508900477e-11,0.0,0.0,0.00034641993689137605,0.0006149639350900701,0.00530184118707873,0.010935313681804627,8.545395352705414e-08,1.3160708353178674e-07
309.0,6.638848898376813,6.742190211120276,6.582609456706515,6.627126927352704,0.005623944167029632,0.011506328376757245,1.8609832392635667e-11,1.546449601795303e-11,0.0,0.0,0.000344167016857181,0.0006116990746684184,0.005279692596159084,0.010894498886271187,8.455401336760969e-08,1.3041581763799333e-07
310.0,6.638595853639311,6.741734655261246,6.582598359751898,6.627108471322353,0.005599749388741231,0.011462618393889339,1.861079370651898e-11,1.5422385449938642e-11,0.0,0.0,0.00034194336646499435,0.0006084721697743301,0.00525772238122119,0.010854017022015574,8.364105504616896e-08,1.2920209943584312e-07
311.0,6.638344955067017,6.741282845356506,6.582587380034449,6.62709019752303,0.005575757503256709,0.011419264783347682,1.878401367562204e-11,1.5380871492981248e-11,0.0,0.0,0.00033974843635610415,0.0006052823748655533,0.005235926355779213,0.010813854444077665,8.271112139271983e-08,1.2796440446632793e-07
312.0,6.638096154923022,6.7408348131410705,6.582576512508718,6.627072101111878,0.0055519642414305305,0.011376271202919461,1.8720909620340054e-11,1.5451920680172383e-11,0.0,0.0,0.00033758160844802937,0.0006021293358557849,0.005214300870320819,0.010774015173111218,8.176266168333644e-08,1.2669395245651759e-07
313.0,6.6378494689941405,6.740390533153028,6.582565756701467,6.627054181618945,0.005528371229267645,0.011333635153408439,1.8658299695303686e-11,1.541123377050849e-11,0.0,0.0,0.0003354426172099908,0.0005990122878193837,0.0051928478154316775,0.010734497480623367,8.079662597572388e-08,1.2538496568769587e-07
314.0,6.6376048334397675,6.739949895715025,6.582555112203295,6.627036438161025,0.0055049721236472594,0.011291345755399886,1.859625617528808e-11,1.537098255923169e-11,0.0,0.0,0.00033333080000688627,0.0005959310113031331,0.005171561506069652,0.01069529070021172,7.981757071977687e-08,1.2404388503504154e-07
315.0,6.637362282923699,6.739512909606768,6.582544575163074,6.627018862558186,0.005481770776062525,0.011249404704858182,1.8668259814038236e-11,1.550462752128402e-11,0.0,0.0,0.0003312457935457483,0.000592884473736749,0.005150446149065801,0.010656397538855444,7.883345097838754e-08,1.2269226598829388e-07
316.0,6.6371217209362205,6.739079517982447,6.582534146556947,6.627001460208328,0.005458757437927398,0.011207805777411886,1.860702267772918e-11,1.546495571021775e-11,0.0,0.0,0.00032918709878367535,0.0005898725895157243,0.005129492487416276,0.010617811838339054,7.785172744761061e-08,1.213495571100085e-07
317.0,6.6368832012261185,6.7386497029174315,6.582523822332217,6.626984224168218,0.005435937889390044,0.011166547874921362,1.8700019434588023e-11,1.542585925216975e-11,0.0,0.0,0.00032715438319534754,0.0005868946966568194,0.00510870663168836,0.010579533157431887,7.6874506335899e-08,1.2002083265572938e-07
318.0,6.636646632761266,6.738223390106238,6.582513603285592,6.626967151079938,0.0054133029475675045,0.011125623902629753,1.8778653335953157e-11,1.5387315784819688e-11,0.0,0.0,0.0003251469994748777,0.0005839498397427188,0.005088080048452222,0.010541555344687939,7.589964040338878e-08,1.1871819909477485e-07
319.0,6.636412033937857,6.737800570154562,6.582503484762614,6.626950241129978,0.005390854917524286,0.0110850329024585,1.8866277181698582e-11,1.5349443075107423e-11,0.0,0.0,0.00032316458286897896,0.0005810381118458546,0.00506761540964605,0.010503877337697377,7.492500925617823e-08,1.1745291526951069e-07
320.0,6.636179401875524,6.737381222212086,6.582493469257331,6.626933491467412,0.005368593261819251,0.011044773074467322,1.8805903304779712e-11,1.5390957841684114e-11,0.0,0.0,0.00032120689587487574,0.000578158558904451,0.005047312424449607,0.010466498311632617,7.394149476878733e-08,1.1620393025414518e-07
321.0,6.635948663716964,6.736965248473925,6.58248355297961,6.62691690391718,0.005346511073735441,0.011004834455674382,1.8862693001132307e-11,1.555395436894907e-11,0.0,0.0,0.0003192732393594081,0.0005753111861369162,0.005027164901480255,0.010429408332518831,7.293289577877391e-08,1.149370186337151e-07
322.0,6.635719868092334,6.736552678483575,6.582473734922196,6.626900465808449,0.005324613317013894,0.010965221267512591,1.8802932327963372e-11,1.5556929393689517e-11,0.0,0.0,0.00031736352203037686,0.0005724950716311324,0.005007177905346507,0.010392612578692999,7.188963701010163e-08,1.136171884604866e-07
323.0,6.635492889203281,6.736143378053915,6.582464013577894,6.626884187695164,0.00530288756253868,0.010925919035875094,1.8806487775153287e-11,1.5156783612535648e-11,0.0,0.0,0.00031547710843258305,0.0005697099211724582,0.0049873396430777,0.010356096902525553,7.081102839693105e-08,1.1221217708140388e-07
324.0,6.6352678499955715,6.735737488990412,6.5824543868051295,6.62686805618733,0.005281346319044145,0.0108869432803081,1.8747628828242028e-11,1.5121284743014643e-11,0.0,0.0,0.00031361384658699194,0.0005669552836914929,0.004967662770576523,0.010319877296378758,6.970188063208211e-08,1.1070023784825275e-07
325.0,6.63504458761394,6.735334764937063,6.582444857097502,6.6268520789889225,0.00525997305164386,0.010848268594813937,1.8689190428921663e-11,1.50862233946978e-11,0.0,0.0,0.0003117731772160581,0.0005642304383985189,0.0049481313010203455,0.010283929088275433,6.857340745590992e-08,1.0906813998567244e-07
326.0,6.634823211611112,6.734935345597793,6.582435417133296,6.626836246931541,0.00523877944778149,0.01080990986662516,1.8631363807975572e-11,1.5185903059706034e-11,0.0,0.0,0.00030995472223827687,0.0005615355106854313,0.004928757276974788,0.010248267035559618,6.744856842614022e-08,1.0732038011002644e-07
327.0,6.63460361243387,6.734539083781458,6.582426071731231,6.626820558419203,0.00521775407026388,0.01077185253622545,1.8573981438168176e-11,1.5114713189140657e-11,0.0,0.0,0.0003081582942315148,0.0005588691067477256,0.004909529417103903,0.0102128779547354,6.635892846203183e-08,1.0547474232527709e-07
328.0,6.63438579454702,6.734145994481459,6.582416813452386,6.626805024033017,0.005196898109463499,0.01073409704484424,1.855036268767112e-11,1.5218031381761777e-11,0.0,0.0,0.00030638326303876023,0.0005562321774290606,0.0048904495079062586,0.010177761310850339,6.533851848049257e-08,1.0355656484015203e-07
329.0,6.634169823415284,6.733756067054818,6.5824076485226595,6.626789616333343,0.005176217489262455,0.010696645072147647,1.8544766332826737e-11,1.5279105561169165e-11,0.0,0.0,0.00030462977135663487,0.0005536227078878075,0.0048715232949904895,0.010142920743918633,6.442291533036249e-08,1.0162034120178804e-07
330.0,6.6339554432904695,6.733369127914921,6.582398568384815,6.626774368418394,0.005155687490565407,0.010659475949652775,1.8537752005568605e-11,1.5245843546182227e-11,0.0,0.0,0.0003028966298992606,0.0005510415284932746,0.00485272720566656,0.010108334655187482,6.36549995857998e-08,9.976597201915861e-08
331.0,6.633743040749777,6.732985481984565,6.582389576163734,6.6267592373746425,0.00513534645860431,0.010622624460992183,1.8534860824932776e-11,1.5212794609565338e-11,0.0,0.0,0.00030118458491884217,0.0005484877743530116,0.004834098790439763,0.010074038591048152,6.308324570382606e-08,9.809559102187273e-08
332.0,6.633532080107532,6.732604567470982,6.582380672029274,6.6267442638982565,0.00511514080782592,0.010586030357272427,1.870208856746738e-11,1.5180304645920525e-11,0.0,0.0,0.0002994923799408473,0.0005459605770109142,0.0048155856933825535,0.010039973135352317,6.273450251862675e-08,9.664490919539654e-08
333.0,6.633323104039942,6.732226954311008,6.582371846692688,6.626729407374427,0.005095125734725368,0.010549754693658039,1.873247710961986e-11,1.514822671218243e-11,0.0,0.0,0.0002978202566527945,0.0005434609633140822,0.0047972428871191795,0.01000619836870282,6.259095339501945e-08,9.536164113785165e-08
334.0,6.633115584223616,6.731852071882331,6.582363112419279,6.62671468670244,0.005075247180433683,0.010513738517989162,1.8676846835064118e-11,1.523454674563426e-11,0.0,0.0,0.0002961677361380517,0.000540985853377019,0.00477901686807187,0.009972658543536985,6.257622376067969e-08,9.412107515617363e-08
335.0,6.632909827476409,6.7314802488405325,6.582354450241353,6.6267001159669485,0.005055537723505607,0.010478013287358567,1.8621974908028355e-11,1.5203200795887823e-11,0.0,0.0,0.00029453424887243074,0.0005385391865185267,0.004760940899755033,0.009939381294310606,6.25748781431157e-08,9.280652943434982e-08
336.0,6.6327058570764255,6.731111412959345,6.582345881640157,6.626685631741008,0.005035997543626795,0.010442578121833737,1.870567571831392e-11,1.517179566486171e-11,0.0,0.0,0.00029292050627001675,0.0005361146290416865,0.004743014559737342,0.009906372094049626,6.247761943649874e-08,9.139874242392612e-08
337.0,6.632503096461858,6.730745109860175,6.582337382091777,6.626671345877583,0.005016571437008082,0.010407376398259258,1.8650994019334985e-11,1.5218317912686632e-11,0.0,0.0,0.0002913242544631215,0.0005337185162818318,0.0047251849542744515,0.009873567904227394,6.222827050859046e-08,8.997775003211542e-08
338.0,6.632302690623917,6.730382295599219,6.582328970165622,6.626657095127986,0.004997372045829422,0.010372520047123383,1.8597154955558124e-11,1.5187280194063103e-11,0.0,0.0,0.0002897478200680787,0.0005313444659788327,0.004707562376186874,0.009841086920850875,6.184957446874343e-08,8.866029367418221e-08
339.0,6.632102875016093,6.730021392925787,6.582320634423166,6.6266430653381985,0.004978224059292797,0.010337832758759016,1.8663609522535453e-11,1.510173655719068e-11,0.0,0.0,0.00028818792995136615,0.0005289959285117355,0.004689974699008382,0.009808749298704764,6.14303330484982e-08,8.753154251539932e-08
340.0,6.631905805943592,6.729664381644128,6.58231236681733,6.626629074556506,0.004959343912626246,0.010303530708762268,1.8639074762114235e-11,1.515782739102377e-11,0.0,0.0,0.0002866473034683922,0.0005266730485638399,0.00467263551607231,0.009776771023447418,6.109308554403682e-08,8.663675100932036e-08
341.0,6.631709236774697,6.729309001058614,6.582304198157847,6.626615249439945,0.004940503861684965,0.010269375161866903,1.8584949272840332e-11,1.5128161044669458e-11,0.0,0.0,0.0002851235590134781,0.0005243684639547212,0.0046553193851161835,0.009744920735443316,6.091755530472761e-08,8.596246886447881e-08
342.0,6.631514881505326,6.7289571504951065,6.582296067363861,6.6266015678554355,0.004921881414146639,0.010235558263966986,1.8673490259207017e-11,1.50997448689137e-11,0.0,0.0,0.0002836166324326124,0.0005220962631598573,0.004638203868889171,0.009713376588281092,6.091282485556954e-08,8.541252603608609e-08
343.0,6.631322212069777,6.728608017221173,6.582288060483039,6.626587886451479,0.004903415158673835,0.010202013076969574,1.8740971703392827e-11,1.5112130734233185e-11,0.0,0.0,0.0002821289601770304,0.0005198349498328539,0.004621225184765185,0.009682093284408728,6.101373161925664e-08,8.484272799244295e-08
344.0,6.631129801391863,6.728260203763965,6.582280073176395,6.626574551333388,0.004884972821546651,0.010168565243057884,1.8687719892600916e-11,1.501534482239823e-11,0.0,0.0,0.00028065409660624647,0.0005176094051450666,0.004604257594546273,0.009650871677086944,6.113039413116128e-08,8.416082587568357e-08
345.0,6.630941522552496,6.727918124707347,6.582272204763291,6.626560996956198,0.00486693177892039,0.010135712775115024,1.863644757361168e-11,1.5183577808919847e-11,0.0,0.0,0.0002792011791241295,0.0005153951005658271,0.004587669361083254,0.009620234200328552,6.123871300528636e-08,8.347422064530186e-08
346.0,6.6307507425273995,6.727573696391892,6.582264386484188,6.626547961730725,0.0048486356043211725,0.010102573466116649,1.8827406012000833e-11,1.5157228680090508e-11,0.0,0.0,0.0002777582995472676,0.0005132084299471124,0.004570815909836861,0.009589282054883581,6.139493704354474e-08,8.29812859530001e-08
347.0,6.630566447134247,6.727238318948622,6.582256615753254,6.626534630001961,0.004830983138099413,0.010070368894666164,1.8778053684655573e-11,1.5128968495680892e-11,0.0,0.0,0.0002763373973025349,0.0005110475119878787,0.004554584033929847,0.009559238593418408,6.170686702974579e-08,8.278925988115474e-08
348.0,6.630378497496326,6.726898780557129,6.58224899976871,6.626521716568982,0.004812949772761585,0.010037706398814792,1.872290861093984e-11,1.5052770483436373e-11,0.0,0.0,0.0002749286323908553,0.0005088905856474261,0.004537958943775213,0.009528732981387192,6.219659551688164e-08,8.283178017338645e-08
349.0,6.630195911699423,6.726566676936589,6.5822412974772515,6.6265088410929,0.004795461422217171,0.010005783584368802,1.8674553513514745e-11,1.5028377187004116e-11,0.0,0.0,0.0002735347142618414,0.0005067868977809962,0.004521863885024107,0.009498913788971894,6.282293122290753e-08,8.289761591265827e-08
350.0,6.6300139739077135,6.7262370799460145,6.582233883924716,6.626495766621981,0.004778008998299595,0.009974131332403319,1.8771088362189634e-11,1.51799819555435e-11,0.0,0.0,0.0002721633205582626,0.0005046589674092722,0.004505782189746792,0.00946938944218447,6.348799454054314e-08,8.292280957847025e-08
351.0,6.629829343242992,6.725901733929687,6.582226284347069,6.626483611757583,0.004760305889592347,0.009941812217210666,1.87186523211032e-11,1.5367181714698918e-11,0.0,0.0,0.0002707924129216188,0.0005026032949109777,0.00448944931385754,0.009439125961192637,6.416281318811102e-08,8.296110705194071e-08
352.0,6.629657103395366,6.725588472344703,6.5822189834831475,6.626470193303348,0.004743811991221804,0.009911827904135565,1.8828756391118175e-11,1.5354936592896532e-11,0.0,0.0,0.0002694584774771093,0.000500521134255544,0.004474288479618041,0.009411223448912716,6.503412665274988e-08,8.332096730629885e-08
353.0,6.629467993680887,6.7252459591953935,6.582211627445502,6.626458737280457,0.004725636623538699,0.009878722191493619,1.8913524013861348e-11,1.531371978045299e-11,0.0,0.0,0.00026811261489590295,0.0004984845467692147,0.00445745757051422,0.009380153810530551,6.643812857619344e-08,8.383419385412971e-08
354.0,6.629304977282729,6.724947527390405,6.582204245849623,6.6264452941851815,0.00471007314331051,0.009850223320522574,1.8787693308083397e-11,1.5306623994497652e-11,0.0,0.0,0.00026680713915996435,0.0004964822487508572,0.004443197369697347,0.009353658212516486,6.86344531991998e-08,8.285925523064392e-08
355.0,6.629116270845357,6.724609047981787,6.582197335965106,6.626433833140255,0.004691893488025065,0.009817521484153048,1.880995080192076e-11,1.5278060401737076e-11,0.0,0.0,0.0002654994956169838,0.0004944291775264737,0.004426323608030094,0.009323012504158477,7.03843779863051e-08,7.980246809508455e-08
356.0,6.628952567576952,6.724303335281593,6.582189720318991,6.626421498389101,0.004676284725796086,0.00978818368924917,1.8872318374283826e-11,1.524386222672477e-11,0.0,0.0,0.000264203817433653,0.0004925314263025103,0.004412011921161818,0.009295572556787266,6.89872006154713e-08,7.970615939486797e-08
357.0,6.628782759312103,6.724005415862439,6.582183324195414,6.6264085441931115,0.004659943511668907,0.009759687166932781,1.890472067640021e-11,1.5218844213876758e-11,0.0,0.0,0.00026295643633605275,0.0004904616752551832,0.004396920934584143,0.009269144112887604,6.614074871074843e-08,8.137878999581237e-08
358.0,6.628599836611679,6.723649771597387,6.582175677279601,6.626398967886184,0.00464241593320781,0.00972508037112063,1.8750656418898512e-11,1.5157162014676e-11,0.0,0.0,0.0002616568273471354,0.0004886312434086475,0.00438069401546785,0.009236368164678498,6.509039282449716e-08,8.096303348390408e-08
359.0,6.628475752141305,6.723438961212866,6.582169376778333,6.626383192144097,0.004630637536296968,0.009705576906877162,1.8869655271150625e-11,1.5168445923578743e-11,0.0,0.0,0.0002604781657587614,0.00048663130939132957,0.00437009405049398,0.009218865935433793,6.532004422709531e-08,7.96620520407172e-08
360.0,6.628258889721297,6.723013347042734,6.582162540697981,6.626377024647122,0.004609634902331679,0.009663632239561045,1.895183696575117e-11,1.5079295195548435e-11,0.0,0.0,0.0002591907387598308,0.0004847398019193438,0.004350378097540152,0.009178813702780128,6.606603169504845e-08,7.873486157442197e-08
361.0,6.6281859659747004,6.7228878307060835,6.582155252785887,6.626359610351134,0.004603071318881226,0.009652822035495086,1.8543075933831913e-11,1.5455803362713747e-11,0.0,0.0,0.0002580399799141192,0.0004829923721273529,0.004344963839984913,0.009169750845685932,6.749898219580126e-08,7.881768180182935e-08
362.0,6.627963490706211,6.722495970518267,6.58215059675333,6.626353958887918,0.004581289395288054,0.009614201163034814,1.9169157230473306e-11,1.4965333300556022e-11,0.0,0.0,0.0002568463766189209,0.00048090447422253444,0.004324376120848767,0.009133218163985204,6.689782036576226e-08,7.852482707684324e-08
363.0,6.627906782754867,6.722323540747671,6.582141634916482,6.626341113922983,0.004576514783838455,0.009598242682468639,1.838681112086753e-11,1.5411064021005407e-11,0.0,0.0,0.00025565487338891443,0.00047955999510332397,0.0043207943132401875,0.009118603709517663,6.559720935403844e-08,7.897784765285788e-08
364.0,6.62783767511315,6.722270644193721,6.582140377654436,6.626327939828326,0.004569729745871336,0.009594270436539277,1.9292323199517026e-11,1.5108111385893784e-11,0.0,0.0,0.00025474160394681216,0.00047735850038820916,0.004314921732042918,0.009116831217451837,6.640988160607095e-08,8.07186992308418e-08
365.0,6.627777636003174,6.721792589231678,6.582132263066774,6.626330423942692,0.00456453729364017,0.009546216528898574,1.853778656023893e-11,1.5170010154966394e-11,0.0,0.0,0.0002535561910009645,0.0004762213209271111,0.004310912897709854,0.009069912822789794,6.82049293513623e-08,8.238518166780901e-08
366.0,6.6281743660441075,6.722480090225062,6.582133582021477,6.626301972857332,0.004604078402263001,0.009617811736773084,1.9480936485197003e-11,1.6218106440733965e-11,0.0,0.0,0.00025312134995519197,0.0004744867242044581,0.004350887811852628,0.00914323771714411,6.924045518124145e-08,8.729542451396013e-08
367.0,6.628170464711824,6.721775849233263,6.582133712249417,6.626329790364654,0.004603675246240665,0.009544605886860898,1.9421576786349088e-11,1.4284916485369187e-11,0.0,0.0,0.0002522216794062034,0.00047305492525534797,0.004351381750597653,0.009071456680035074,7.181623680840776e-08,9.428157047762487e-08
368.0,6.629213008516931,6.723551787967101,6.582133151866612,6.626298170239072,0.004707985665031947,0.009725361772803084,1.8465773083896876e-11,1.6519555512579944e-11,0.0,0.0,0.00025217151558983855,0.00047325038584993407,0.004455735678416488,0.009252001454796112,7.847102562009878e-08,1.0993215703916234e-07
369.0,6.629514964008335,6.724135690318385,6.58215139155133,6.6263434015625915,0.004736357245700487,0.009779228875579405,2.109828981121191e-11,1.4031354720518437e-11,0.0,0.0,0.0002522036515717653,0.0004721374420721392,0.004484060376663539,0.009306961902963807,9.32174651828865e-08,1.295305434589646e-07
370.0,6.631217885309933,6.726534082994615,6.582150730715033,6.626350184817076,0.004906715459489921,0.010018389817754181,1.838455808824812e-11,1.7017467575273453e-11,0.0,0.0,0.0002525672182244921,0.0004752421615729618,0.004654036047482568,0.009543031888645831,1.1219378286143896e-07,1.1576753538825448e-07
371.0,6.633698999512244,6.729180211355202,6.582207077881143,6.626350698226132,0.005149192163110204,0.010282951312906912,2.2264027660921003e-11,1.5568014074215405e-11,0.0,0.0,0.00025605501288996464,0.00047525709335873365,0.004893039859646235,0.009807578953315256,9.729057400281625e-08,1.1526623292448072e-07
372.0,6.637450794013418,6.728672202416374,6.58224184410892,6.6264153622391415,0.005520894990449731,0.01022568401772319,1.983378567431199e-11,1.3981207273893513e-11,0.0,0.0,0.0002592990203631352,0.0004753132355712993,0.005261502254553951,0.009750256507186049,9.371553264487028e-08,1.1427496584067664e-07
373.0,6.642477432126319,6.731651853130026,6.582326111242407,6.626338663164464,0.006015132088391107,0.010531318996556212,2.0079882836552666e-11,1.7097352877329562e-11,0.0,0.0,0.0002663524638544803,0.0004780687244126002,0.005748674626489271,0.010053088156960925,1.0499804735630253e-07,1.6211518268718596e-07
374.0,6.639469688335895,6.73117148348582,6.582267637658855,6.626456812604843,0.0057202050677040515,0.010471467088097633,2.0020169573633276e-11,1.4837392435899934e-11,0.0,0.0,0.00026167011615894334,0.00047564874371065335,0.0054584339814974245,0.009995697963991801,1.0097004768394571e-07,1.2038039517868094e-07
375.0,6.636137440670279,6.726416541967884,6.5822090615304845,6.626287092395436,0.005392837913979304,0.010012944957244896,2.0616804964874263e-11,1.8183385994147844e-11,0.0,0.0,0.00025555031904258765,0.0004684135955104369,0.005137182573380607,0.009544384364684534,1.0502155611033015e-07,1.4699704992825538e-07
376.0,6.630112685850545,6.7223477678868635,6.5821181393594985,6.6262826264535,0.004799454649104517,0.009606514143336431,2.379319235115934e-11,1.5083909196830172e-11,0.0,0.0,0.00024611600646710593,0.0004602609799887415,0.004553222610405927,0.009146097935801446,1.1603223148385516e-07,1.5522754624313635e-07
377.0,6.62898893529887,6.72000825382077,6.5820824317733075,6.626217612627427,0.004690650352556174,0.009379064119334451,1.984788769282867e-11,1.6579119463712435e-11,0.0,0.0,0.00024265725728064608,0.0004571472575693418,0.0044478441152983605,0.008921697381907222,1.489799771677043e-07,2.1947985788707142e-07
378.0,6.62676837026957,6.718467339846353,6.582067153588973,6.6261917540875634,0.004470121668059741,0.009227558575878977,2.130956754102303e-11,1.436021463763768e-11,0.0,0.0,0.0002392724494930614,0.00045220259692657785,0.0042306401608308355,0.008775157878969382,2.0905773584429416e-07,1.9809998301868025e-07
379.0,6.626055964580664,6.71786376177502,6.582034700265203,6.626174340967236,0.004402126431546087,0.009168942080778493,1.9694057923298542e-11,1.5286475738220288e-11,0.0,0.0,0.00023720320007369176,0.0004521437514123369,0.004164745734416517,0.008716633017954474,1.7749705587834196e-07,1.653114116810121e-07
380.0,6.625379786487065,6.717488589422661,6.582034732060478,6.626161364580408,0.004334505442658854,0.009132722484225335,1.9500091271167264e-11,1.497211137205853e-11,0.0,0.0,0.00023606921576349167,0.00044919763591272057,0.004098258982326072,0.008683309332817232,1.7724456929055826e-07,2.1551549538223254e-07
381.0,6.624744979587671,6.716624286300778,6.582016395971543,6.626145208008076,0.004272858361612717,0.00904790782927016,1.911480155325604e-11,1.501781267481371e-11,0.0,0.0,0.00023446997472679424,0.00044814709299805037,0.004038204365229686,0.008599553116371629,1.8402165623720634e-07,2.0761990048209315e-07
382.0,6.624682364577775,6.71695363031484,6.582013317333382,6.6261356525009365,0.004266904724439399,0.009081797781390111,1.849506808401834e-11,1.5368883686506764e-11,0.0,0.0,0.00023400124089377434,0.0004470522177522801,0.004032738530409586,0.00863454573399114,1.6495313603859701e-07,1.9982964668929084e-07
383.0,6.62436659952549,6.716231647476692,6.5820071523373755,6.626132919258735,0.004235944718811357,0.009009872821795833,1.9042254262664675e-11,1.4511971196192081e-11,0.0,0.0,0.00023289809698874442,0.000445372012782768,0.004002873323658403,0.008564280213740796,1.732981642106996e-07,2.205952722678862e-07
384.0,6.624371213215995,6.716304527847126,6.582001656500222,6.62611206627995,0.004236955671577469,0.009019246156717632,1.8620271142185753e-11,1.5233990692887014e-11,0.0,0.0,0.00023237648942161412,0.00044436027482361556,0.004004407351153369,0.008574667389341666,1.718310024848265e-07,2.1849255235107794e-07
385.0,6.624110750774254,6.715936779193521,6.581997212710644,6.626113989920468,0.004211353806360923,0.008982278927305265,1.892157588940027e-11,1.4653873161244587e-11,0.0,0.0,0.00023142019947861096,0.00044273240665803986,0.003979705796889145,0.008539247259174591,2.2780999316683455e-07,2.9926147263366073e-07
386.0,6.624059282477613,6.715662916434337,6.5819908927223105,6.626096669088059,0.004206838975530364,0.008956624734627843,1.8542536198277485e-11,1.4983873213071392e-11,0.0,0.0,0.00023064275065591593,0.00044146864635988845,0.003975964022143368,0.008514893576248673,2.322027310796803e-07,2.62512019282263e-07
387.0,6.623844978237809,6.715469566096457,6.581987195650328,6.62608912534882,0.004185778258748144,0.008938044074763753,1.8654953230964325e-11,1.504256709989249e-11,0.0,0.0,0.00022982016499036582,0.0004399375856524889,0.003955739925895421,0.008497867041353564,2.181678623579834e-07,2.3944775770074083e-07
388.0,6.6237501188610235,6.715187774938137,6.581980233905017,6.626082919184817,0.004176988495600784,0.008910485575331998,1.8197692943396204e-11,1.4952301162639468e-11,0.0,0.0,0.0002289173252624401,0.000438701527720789,0.003947843181974679,0.008471501309911282,2.2798836366436585e-07,2.827376999285243e-07
389.0,6.623628002076751,6.715012921722896,6.581977187545113,6.626068343656381,0.004165081453163906,0.008894457806651499,1.8352421560723738e-11,1.5129358898961344e-11,0.0,0.0,0.00022819861512712766,0.00043720996095800483,0.00393664821382511,0.008456996136423943,2.346242116684579e-07,2.517092695510202e-07
390.0,6.623477390361889,6.714750193223424,6.581970793575294,6.62606557619931,0.004150659678659485,0.008868461702411474,1.831097341660438e-11,1.4772887592003074e-11,0.0,0.0,0.00022727136263490908,0.00043593422001268186,0.003923154220547425,0.008432268804096562,2.340954771502158e-07,2.5867830222929597e-07
391.0,6.623414653679662,6.714578140401742,6.581966884896627,6.626051463725376,0.004144776878303468,0.008852667667636668,1.830935196443697e-11,1.5117489583151187e-11,0.0,0.0,0.00022654995071581276,0.00043454993257766055,0.003917943346428563,0.008417796858393086,2.8358115909271053e-07,3.208766659202222e-07
392.0,6.623231794947483,6.714301396374753,6.581961870552228,6.626046533782385,0.004126992439525454,0.008825486259236782,1.833530820971618e-11,1.4761224745220984e-11,0.0,0.0,0.00022566720171229908,0.0004331604013215533,0.003901022338225243,0.008391996530174677,3.028995879117814e-07,3.293277405512865e-07
393.0,6.6231816903283915,6.714135176824242,6.581956855691073,6.626035829564398,0.004122483463731823,0.008809934725984332,1.8493739342853936e-11,1.4875042959315053e-11,0.0,0.0,0.00022489536185643804,0.0004319069179493549,0.0038973050898692863,0.008377726086005507,2.8301200609797886e-07,3.017220294696305e-07
394.0,6.623017288465868,6.713876588468986,6.581952905837768,6.626027328415687,0.004106438262810197,0.008784926005329808,1.833462118721349e-11,1.484191289901184e-11,0.0,0.0,0.0002240949235728022,0.00043045435267407894,0.0038820686175225286,0.008354145512893712,2.7472171486653317e-07,3.2613976201636596e-07
395.0,6.62293843073808,6.713688452008055,6.581947342208241,6.6260205777826835,0.004099108852983888,0.008766787422537255,1.8249480022185975e-11,1.4722192931166267e-11,0.0,0.0,0.00022326618779837823,0.00042926370644337785,0.003875541156790543,0.008337159894245548,3.015083949674177e-07,3.638218483281253e-07
396.0,6.62282240671525,6.713460896149723,6.581943881310804,6.626008708354625,0.004087852540444666,0.00874521877950972,1.828462278674484e-11,1.4958048545150785e-11,0.0,0.0,0.00022253404468103267,0.00042781127280757845,0.003865008130052636,0.0083170699666018,3.10365710997898e-07,3.375401003409619e-07
397.0,6.622694227007781,6.71324542178138,6.581938213143758,6.626004696918446,0.0040756013864023345,0.008724072486293429,1.8273649013504905e-11,1.478865682668848e-11,0.0,0.0,0.00022167205314230736,0.00042662377848503365,0.003853594472773376,0.008297128967074473,3.348604866506945e-07,3.197407339216616e-07
398.0,6.622625092066796,6.713041226146027,6.581934675998916,6.625991591117549,0.00406904160678801,0.008704963502847581,1.8335623931775137e-11,1.4940912579212462e-11,0.0,0.0,0.0002209693227312546,0.0004252289510076637,0.003847763701379581,0.008279415358591759,3.0858267717439535e-07,3.191932481588726e-07
399.0,6.622456292902082,6.71281003330269,6.581929494863468,6.62598761962379,0.004052679803861363,0.008682241367889913,1.8210549384479373e-11,1.4762217410172958e-11,0.0,0.0,0.00022011390457310639,0.00042397975031985996,0.003832267157073433,0.00825787006059289,2.987422148220761e-07,3.915569771650624e-07
400.0,6.622409254398792,6.71262254694448,6.581925169910183,6.625976148521207,0.004048408448861072,0.00866463984232729,1.825808794203598e-11,1.4910883374265154e-11,0.0,0.0,0.00021939348980302108,0.0004227194818692679,0.0038286195532475343,0.008241412809210555,3.954058105173961e-07,5.075512474659077e-07
401.0,6.622246304608648,6.712389281491267,6.581921211709528,6.625969563525278,0.0040325092899120155,0.008641971796598893,1.8200055703956326e-11,1.4727758436347546e-11,0.0,0.0,0.00021860541165673046,0.0004213519621795043,0.0038134818951298757,0.008220240381669398,4.2198312540886675e-07,3.794527499924658e-07
402.0,6.622175726330718,6.7121988916584066,6.581915787815175,6.62596195045136,0.004025993851554233,0.008623694120704808,1.8080073338989576e-11,1.491148688626681e-11,0.0,0.0,0.00021782746628661845,0.0004202526706673465,0.0038078025039902526,0.008203093060473024,3.638812773623352e-07,3.483895644375969e-07
403.0,6.622067843666696,6.711983685713439,6.581913072597182,6.62595104932196,0.004015477106951249,0.008603263639147787,1.817182010410202e-11,1.498101302469836e-11,0.0,0.0,0.00021714040927876325,0.00041877886223427396,0.0037980145137509625,0.008184101865575959,3.221839215234756e-07,3.829113375551473e-07
404.0,6.621939561214417,6.711771766017896,6.581907024531972,6.625947994760355,0.004003253668244662,0.008582377125754048,1.8070228757632867e-11,1.468709649525904e-11,0.0,0.0,0.00021629734668547965,0.00041776567765045534,0.003786564567617602,0.008164132943572369,3.917539415806129e-07,4.785045312219092e-07
405.0,6.621903599761122,6.71158722051939,6.581904550171649,6.625933334095224,0.003999904958947351,0.008565388642416641,1.8252365049073504e-11,1.5106282245846895e-11,0.0,0.0,0.00021568044051344164,0.00041630326325703664,0.003783851701916956,0.008148724740572152,3.7281651695259955e-07,3.6063858745494906e-07
406.0,6.621707663354284,6.711343372627656,6.581899003902976,6.625932921065937,0.003980865945130847,0.008541045156171736,1.8156105234782986e-11,1.4575310011075147e-11,0.0,0.0,0.00021481134950326747,0.0004152220449551643,0.003765670273349025,0.008125381209506163,3.843222785548273e-07,4.4190171040732667e-07
407.0,6.621714065390471,6.711207278800942,6.581895244486827,6.625918239891132,0.003981882090364626,0.00852890389098083,1.812942522861857e-11,1.4930494371780732e-11,0.0,0.0,0.00021418322753632415,0.0004139726274036709,0.003767248777953278,0.008114435561117248,4.500848750234011e-07,4.957024599104985e-07
408.0,6.621506664499214,6.710953671823901,6.581891746218987,6.625915653770775,0.003961491828022581,0.00850380180531278,1.8599078846870225e-11,1.4517078999803574e-11,0.0,0.0,0.00021339219219486494,0.0004126593188576657,0.003747618897651023,0.00809061051237994,4.807381766938231e-07,5.319740751742565e-07
409.0,6.6214969298540085,6.710844894086505,6.58188580760945,6.625906871003734,0.003961112224455965,0.008493802308277256,1.8068518599499055e-11,1.497535118604853e-11,0.0,0.0,0.00021267683510975343,0.0004117812140639419,0.0037479358169043527,0.008081538599884705,4.995724418592161e-07,4.824943286076366e-07
410.0,6.621406028292494,6.710636324470231,6.581885515141048,6.625895965764929,0.00395205131514456,0.008474035870530005,1.8863427261118018e-11,1.5105064366258486e-11,0.0,0.0,0.0002121054255695879,0.00041016713794179955,0.0037394861009199475,0.008063358554362882,4.5978865502404177e-07,5.101782253240629e-07
411.0,6.6213153735009564,6.710475212189842,6.581878123925864,6.62589795641197,0.003943724957509103,0.008457725577787137,1.798255461583323e-11,1.4723379691489528e-11,0.0,0.0,0.0002112745249013116,0.0004095759973903429,0.003731972793892077,0.008047642151258092,4.776387157151215e-07,5.074291387005723e-07
412.0,6.6214436145988795,6.710388489203592,6.581879825426406,6.6258760439192645,0.003956378917247437,0.008451244528432806,1.8893691361796667e-11,1.51976771400387e-11,0.0,0.0,0.00021094304956606854,0.00040785210634689895,0.0037449716569856115,0.008042871091007155,4.642106957571264e-07,5.213310787519761e-07
413.0,6.62119799122681,6.710111523393457,6.581873099469686,6.625888252963057,0.003932489175712338,0.008422327043039968,1.8604902741454045e-11,1.4258601930480787e-11,0.0,0.0,0.00021000940513653016,0.00040718797148129427,0.003722004996595105,0.008014670590859729,4.747739807022091e-07,4.6848069894328216e-07
414.0,6.621471692132893,6.710251309032949,6.581872167840823,6.625862626460369,0.00395995242920715,0.008438868257257889,1.8606936953582214e-11,1.6412316008345733e-11,0.0,0.0,0.00020968056898105673,0.0004059452372487542,0.003749746943988994,0.008032338873683017,5.249162370990122e-07,5.841463261174738e-07
415.0,6.621126127933709,6.710009937210843,6.581869924728302,6.625875254606382,0.003925620320540832,0.008413468260446064,1.9201419165935844e-11,1.439757230586392e-11,0.0,0.0,0.00020883730683913103,0.0004048567413761893,0.003716237275288208,0.00800800890968963,5.457384134933488e-07,6.02609380246038e-07
416.0,6.621416951322457,6.710393040128953,6.58186328833439,6.625863750538878,0.0039553662988066,0.00845292895900758,1.754257074501088e-11,1.5936592592771982e-11,0.0,0.0,0.00020832644524979984,0.0004047802883358667,0.003746485518011942,0.008047539267167803,5.54335544858157e-07,6.094035039119391e-07
417.0,6.6215304624127285,6.710515988464753,6.5818732193979965,6.62585749211738,0.003965724301473285,0.008465849634737312,2.061669662942753e-11,1.4586730664473828e-11,0.0,0.0,0.00020829928175730044,0.00040313943615985336,0.0037568605512873395,0.008062111535692619,5.644684286442676e-07,5.986628848395579e-07
418.0,6.621961687512655,6.710818106756067,6.581866909250286,6.625877669718289,0.004009477826236702,0.00849404370377788,1.795067164236594e-11,1.508437773577263e-11,0.0,0.0,0.0002079346394443298,0.00040397885741925424,0.0038009508754629955,0.008089437758264649,5.923113293769299e-07,6.270880939774608e-07
419.0,6.623233005715254,6.711401872822602,6.58189210672983,6.625837518871967,0.0041340898985424215,0.00855643539506348,2.083482660208513e-11,1.6516135509254264e-11,0.0,0.0,0.00020928178850084114,0.0004020740258373378,0.003924191885919602,0.008153762674200676,6.162241219777406e-07,5.986950254655069e-07
420.0,6.623506138760878,6.711361639590309,6.581890150061074,6.625892341484181,0.004161598869980333,0.008546929810612933,1.899607779125507e-11,1.388920730203188e-11,0.0,0.0,0.00020891804817114483,0.00040248871814922645,0.003952068224269179,0.008143831889097756,6.125975400092891e-07,6.092033659501635e-07
421.0,6.62494561565491,6.712441157915529,6.581905432740075,6.625839215550979,0.004304018291483446,0.008660194236455095,1.9846575855698858e-11,1.7739740832938956e-11,0.0,0.0,0.0002098530088504478,0.00040182683473551247,0.004093613251272048,0.008257837090953875,5.520313609511317e-07,5.303107657096066e-07
422.0,6.623873275272739,6.712732725336195,6.5818965752260805,6.625900858791365,0.004197670004665745,0.008683186654482844,2.204275065283167e-11,1.36206686655177e-11,0.0,0.0,0.00020824648093342268,0.000401740415026508,0.003988912716523769,0.008280863276711525,5.108072085533588e-07,5.829627448096033e-07
423.0,6.624464705275939,6.71352474554061,6.581884377151112,6.625869905131158,0.004258032812482844,0.008765484040945135,1.845281929301404e-11,1.764705521520999e-11,0.0,0.0,0.00020758451516709873,0.00040220688413155145,0.004049905334639914,0.008362719197499029,5.429626758313475e-07,5.579593145557801e-07
424.0,6.624225836024107,6.7136613516401455,6.5819015076091585,6.625873134529548,0.004232432841494831,0.008778821711059868,2.3274270274267585e-11,1.3740242124629306e-11,0.0,0.0,0.0002077195640865499,0.00040093896827566076,0.004024127457655753,0.008377229926274207,5.858197525271122e-07,6.528165100025395e-07
425.0,6.625199047129804,6.713426835530229,6.581889656568828,6.625886582751647,0.004330939056097664,0.008754025277858277,1.848731787912209e-11,1.5957876666841154e-11,0.0,0.0,0.00020770743696791786,0.0004007487398129666,0.004122571161900921,0.008352570905607629,6.604572288245413e-07,7.056324376804431e-07
426.0,6.625937924169591,6.712240027372078,6.581923765137036,6.625812668157056,0.004401415903255399,0.008642735921502158,2.1929315710250003e-11,1.5989372081385774e-11,0.0,0.0,0.0002090302170643816,0.0003977037620546081,0.00419172306549063,0.008244432862310632,6.626207003878734e-07,5.992971369170906e-07
427.0,6.624632544404289,6.711955353706748,6.581880672634526,6.625867715537498,0.004275187176976189,0.008608763816924913,1.936936531767518e-11,1.4265939007216884e-11,0.0,0.0,0.0002061152286672695,0.00039663952707483816,0.004068419367786629,0.008211405922611452,6.525805222910709e-07,7.183672386224669e-07
428.0,6.623824767475396,6.709954735249032,6.581873127261414,6.6257756071151,0.004195164021398186,0.008417912813393345,2.1040962070382726e-11,1.727624705752384e-11,0.0,0.0,0.0002045388507626918,0.00039338809567612896,0.00399000231402941,0.008023840253771796,6.228566060839015e-07,6.844639454196626e-07
429.0,6.621341305106181,6.70928386048863,6.581831475705517,6.62581507163153,0.003950982940066415,0.008346878885710063,2.1766957373929365e-11,1.4259147932830023e-11,0.0,0.0,0.00020051364405626333,0.0003913413081171921,0.0037498572341544264,0.007954909424176471,6.120618557245317e-07,6.281534163980342e-07
430.0,6.621200309539759,6.708269044207765,6.581817886152261,6.625762425795563,0.003938242338749853,0.008250661841220214,1.840381567422213e-11,1.774370695240956e-11,0.0,0.0,0.0001996778149581786,0.000390008786812836,0.0037379222311376002,0.007859877617750003,6.42292654073437e-07,7.754366573744814e-07
431.0,6.620172345607264,6.707455036406302,6.581815069009764,6.625767097893811,0.0038357276597500655,0.00816879385124912,2.1142299747772863e-11,1.4313808394338622e-11,0.0,0.0,0.00019823485336098402,0.00038752603580981336,0.0036368341632497113,0.007780498977075682,6.586431393704065e-07,7.688383636272162e-07
432.0,6.620203073099926,6.707264020867557,6.581799208751903,6.625753561549109,0.0038403864348024114,0.008151045931844748,1.809519990473175e-11,1.6128553110392356e-11,0.0,0.0,0.00019752936412209985,0.00038739974608791836,0.0036421324318593835,0.007762870695328295,7.246388209278197e-07,7.754904285368135e-07
433.0,6.619714587855184,6.70662939864485,6.581801462566382,6.625730836016816,0.003791312528880065,0.008089856262803351,2.0347171770055417e-11,1.4992954320454387e-11,0.0,0.0,0.00019692010282833025,0.0003852148585382636,0.0035936026122631234,0.00770376346732059,7.898137886118926e-07,8.779369444973161e-07
434.0,6.619455086357174,6.706594684155604,6.58178785096173,6.625743915405531,0.003766723539544409,0.008085076875007395,1.8148629997102613e-11,1.5160749826518324e-11,0.0,0.0,0.0001957785885255041,0.0003848472855308793,0.0035701426003226277,0.007699407644374995,8.023506962771466e-07,8.219451015198188e-07
435.0,6.619343354195128,6.706364895373342,6.581785162749838,6.6257102988502155,0.003755819144529089,0.008065459652312614,1.9493060898870567e-11,1.610951748638647e-11,0.0,0.0,0.00019550748797920016,0.00038376033926845277,0.0035595397854041332,0.007680872888075079,7.7187114575509e-07,8.264249690828725e-07
436.0,6.618962379287047,6.706147164458103,6.5817801381943175,6.625731234993679,0.003718224109272883,0.00804159294644239,1.8328284699724266e-11,1.4358437681542391e-11,0.0,0.0,0.00019445804722086502,0.00038260440858458927,0.003522909610276512,0.007657932051035729,8.5645177550617e-07,1.0564868220705015e-06
437.0,6.619077783908913,6.705949872324748,6.581774308648017,6.62570269844616,0.003730347526089712,0.008024717387858914,1.8050464532987958e-11,1.697768288374049e-11,0.0,0.0,0.0001942055474600495,0.00038206058640014105,0.003535188767333654,0.007641719763093988,9.532112960080697e-07,9.370383647854321e-07
438.0,6.6185932198449136,6.705518015225437,6.5817725930005855,6.625705806006543,0.003682062684432875,0.007981220921889447,1.906301684008807e-11,1.4177908615720623e-11,0.0,0.0,0.00019332905120749121,0.0003802631968365715,0.0034878142079508294,0.007599976537022093,9.194252745543698e-07,9.811880307846155e-07
439.0,6.618745217621452,6.705453902117082,6.581765832605177,6.625699140245563,0.0036979385016274323,0.007975476187151867,1.746655677541077e-11,1.5305527990624057e-11,0.0,0.0,0.00019285071150867416,0.0003800121033629829,0.003504132448041036,0.007594455487418314,9.553420777218326e-07,1.0085963705721213e-06
440.0,6.618450640651253,6.705140762046933,6.581764846007302,6.625680220593976,0.0036685794643951304,0.007946054145295903,1.9782111086058846e-11,1.4691875182297126e-11,0.0,0.0,0.0001923788231768041,0.00037841711071337486,0.003475176789972957,0.007566544598129383,1.0238512453697338e-06,1.0924364531452101e-06
441.0,6.618416384904117,6.705117049147032,6.581758923894284,6.625693011351297,0.0036657461009832726,0.007942403779573634,1.76725176518277e-11,1.4714169586770716e-11,0.0,0.0,0.00019159214119465143,0.00037791877163060325,0.003473192376106913,0.007563482427194108,9.61583681708001e-07,1.0025807489216006e-06
442.0,6.618433947711262,6.704948340097798,6.581757163158403,6.6256656003077365,0.003667678455286022,0.007928273979006162,1.913010142862875e-11,1.5383238086967997e-11,0.0,0.0,0.00019142962369212351,0.00037697857107562427,0.003475291478047313,0.007550316904809137,9.573535465852e-07,9.78503121400146e-07
443.0,6.618108975873184,6.704680959313937,6.5817532341648,6.625678570062935,0.003635574170838267,0.007900238925100257,1.8297100161304834e-11,1.419448057278245e-11,0.0,0.0,0.000190495094066853,0.00037566775187938085,0.003444226277683055,0.00752369246945437,8.527990883596721e-07,8.7870376650637e-07
444.0,6.618305550899783,6.704617633372071,6.581749371453271,6.6256599062882024,0.003655617944651121,0.007895772708386881,1.7839888130594205e-11,1.595310720050669e-11,0.0,0.0,0.00019025996394338518,0.00037533935217003823,0.0034645518949681,0.00751970062647316,8.06085739635507e-07,7.327297436825823e-07
445.0,6.617916881980228,6.7042716219901966,6.581748084132974,6.625656972749943,0.0036168797847251563,0.00786146492402551,1.915764322238324e-11,1.4268736741938733e-11,0.0,0.0,0.000189574539852756,0.00037359752981646135,0.0034265397962318727,0.007487094449551904,7.654486405279861e-07,7.729446571433565e-07
446.0,6.618101223368008,6.704318438321289,6.581742629239714,6.625657749069788,0.0036358594128293393,0.007866068925150373,1.7033829073426947e-11,1.5305210694315474e-11,0.0,0.0,0.0001890530668722428,0.0003735344955690371,0.0034460302670947115,0.00749172441979142,7.760788623849313e-07,8.10009789915094e-07
447.0,6.617986174905623,6.704154891655177,6.581743668932327,6.625636542091586,0.0036242505973295316,0.00785183495635889,1.9997852193856394e-11,1.4728126018792065e-11,0.0,0.0,0.00018886250034940027,0.0003721151618187976,0.00343463129377312,0.007478940651564727,7.568032070111931e-07,7.791429753646931e-07
448.0,6.617909419118568,6.704037926679985,6.581737985400776,6.625652275621758,0.0036171433717792903,0.007838565105822546,1.747616380853986e-11,1.475181599774628e-11,0.0,0.0,0.0001880271364975949,0.00037154882989154044,0.0034283873186395125,0.007466299049893518,7.289166421816142e-07,7.172260374874497e-07
449.0,6.618138396519724,6.704054491179811,6.581738738780534,6.625624580925508,0.00363996577391905,0.007842991025430356,1.9099574302308254e-11,1.5583929176515676e-11,0.0,0.0,0.000188080210250595,0.00037083665813299877,0.0034511942615958737,0.00747141735917398,6.913020725812161e-07,7.370081233790342e-07
450.0,6.617711063592586,6.7036635134178635,6.5817348145396375,6.625638854459348,0.003597624905294713,0.007802465895851273,1.8228704799218246e-11,1.4104416169997791e-11,0.0,0.0,0.00018713230400412993,0.00036937110532430577,0.0034097727688486706,0.007432326417055544,7.198324419127541e-07,7.683734714223741e-07
451.0,6.61811782800807,6.703903781326041,6.581732009951693,6.625623650303715,0.00363858180563776,0.007828013102232695,1.7875036917372465e-11,1.62277580488166e-11,0.0,0.0,0.00018698553360991748,0.0003694762428655264,0.0034508637208550868,0.007457841594112157,7.325511727554695e-07,6.952652550109343e-07
452.0,6.617731128067567,6.703619807247103,6.5817332524998715,6.625619732241823,0.003599787556769544,0.00780000750052806,1.9723771059765867e-11,1.4104325508509063e-11,0.0,0.0,0.00018648969265564985,0.0003677233904212809,0.003412558223581352,0.007431563046090755,7.396405325420345e-07,7.210640160257092e-07
453.0,6.618058375397251,6.7039002206405796,6.581726912003535,6.625628205541886,0.0036331463393715468,0.00782720150986955,1.7123794471232042e-11,1.5460531695250456e-11,0.0,0.0,0.00018595807308612695,0.0003681041822998861,0.0034463075185252622,0.0074581534738204286,8.807477601579383e-07,9.438537492364103e-07
454.0,6.6182363356301765,6.703920186103326,6.581734725587288,6.625600183972802,0.0036501610042888543,0.007832000213052411,2.1066335834446983e-11,1.4791098429437454e-11,0.0,0.0,0.0001862925713587275,0.00036681403453161273,0.0034630928303376936,0.007464412874223475,7.756025924339712e-07,7.733042973232568e-07
455.0,6.618160558452423,6.703765128593257,6.581728169298369,6.625627632100883,0.003643238915405326,0.007813749649237246,1.7448996758573888e-11,1.4489524632751645e-11,0.0,0.0,0.00018542207535703366,0.00036627942730912115,0.003457086279976317,0.007446835997950198,7.305600719751507e-07,6.34223977928467e-07
456.0,6.618876715494852,6.704045168190781,6.581735790712994,6.625591757117294,0.003714092478185806,0.007845341107348799,2.017885430458327e-11,1.7317140314310284e-11,0.0,0.0,0.00018603368095267906,0.000365942595415916,0.0035273569132881284,0.007478737268348821,7.018839449987496e-07,6.612435840599196e-07
457.0,6.61821563608369,6.703653344734828,6.5817310828277185,6.625618351932508,0.003648455325596964,0.007803499280232127,1.95660015982408e-11,1.390802968348915e-11,0.0,0.0,0.00018493506712685638,0.0003643402765416169,0.0034627809844889985,0.007438365614359511,7.392739811089429e-07,7.933893309976398e-07
458.0,6.618932738770276,6.704206598796842,6.581728332129748,6.625601822043792,0.0037204406640527965,0.007860477675305028,1.7867398901236018e-11,1.794759717127373e-11,0.0,0.0,0.00018486956401611633,0.0003650202540934234,0.003534672565849547,0.007494615188983998,8.985341871329139e-07,8.422322276068023e-07
459.0,6.618406280699581,6.704112226880966,6.581731957548309,6.6255987820583515,0.003667432315127091,0.007851344482261333,2.2406310472419462e-11,1.3279708411040924e-11,0.0,0.0,0.0001844640007394534,0.0003633993218862068,0.003482204675936965,0.0074871398353945785,7.636384506732193e-07,8.053249805461843e-07
460.0,6.6189226850362965,6.704525370271523,6.5817234496649215,6.625615474935814,0.003719923537137657,0.007890989533570866,1.740741116563918e-11,1.5815821906191294e-11,0.0,0.0,0.00018392432047662353,0.00036403626213583147,0.003535248118085195,0.007526182959794322,7.510985758381815e-07,7.703116407118474e-07
461.0,6.619451081711693,6.704584089295538,6.58174049067344,6.62557496524399,0.0037710591038254138,0.007900912405154972,2.2491774993611954e-11,1.4819169893596704e-11,0.0,0.0,0.00018496518882598416,0.0003630987717728376,0.0035853555395385667,0.007536985631072785,7.383754608624453e-07,8.280023093485785e-07
462.0,6.619290917664907,6.704472470571576,6.581731156313928,6.625616349859361,0.0037559761350980064,0.007885612071221274,1.8473769157663096e-11,1.4319158352115759e-11,0.0,0.0,0.00018395816013875994,0.00036215471281850106,0.003571229127163673,0.007522578447681151,7.888477955735755e-07,8.789107216212654e-07
463.0,6.620029757708019,6.704233449840605,6.581739663620415,6.625567256492802,0.0038290094087603675,0.007866619334780158,2.1091318741158243e-11,1.7856465803311846e-11,0.0,0.0,0.00018462644552639715,0.00036194456403611464,0.00364357952621494,0.007503881316871602,8.034370190303193e-07,7.934538724420053e-07
464.0,6.61862047375657,6.703692378305306,6.581723894489819,6.6255941285020015,0.0036896579266752477,0.007809824980330444,2.053200074905118e-11,1.3987042341559107e-11,0.0,0.0,0.00018256448395103202,0.0003595068117649855,0.0035063315999237865,0.007449574518147609,7.618428004305115e-07,7.436504178492153e-07
465.0,6.618946495333347,6.703345940751579,6.581713300115317,6.625569423713426,0.0037233195218030397,0.007777651703815379,1.8123081058290603e-11,1.7460029514313693e-11,0.0,0.0,0.00018194041745344305,0.00035964148010163814,0.0035406983738736535,0.007417328995781899,6.807304759436219e-07,6.812279318413539e-07
466.0,6.617973912230894,6.702890005353269,6.581711100442967,6.625555725815628,0.0036262811787926585,0.0077334279537639,2.264489878322997e-11,1.3366498903977924e-11,0.0,0.0,0.00018097477861251662,0.0003574362782997171,0.0034446965925460345,0.007375381068466771,6.098076341085015e-07,6.106069974096144e-07
467.0,6.618224344328304,6.703023344576146,6.581698586979497,6.6255713423575004,0.0036525757348805786,0.0077452002218646315,1.755634250848008e-11,1.616022040646292e-11,0.0,0.0,0.00018018621549358073,0.0003577427182507296,0.0034718121092420164,0.00738691264007676,5.774101449816706e-07,5.448635371410589e-07
468.0,6.618185743572603,6.702630194036537,6.581707004883529,6.625529776692356,0.0036478738689075235,0.007710041734418073,2.2092442622873498e-11,1.4974192842770464e-11,0.0,0.0,0.00018054045325192468,0.0003566348095349939,0.003466740561432855,0.00735273710472952,5.928542227439356e-07,6.698201535591581e-07
469.0,6.6177779015522376,6.702706919318144,6.581694611960905,6.62556069059169,0.0036083289591334476,0.007714622872645563,1.8074043782036025e-11,1.493206409796136e-11,0.0,0.0,0.00017921064671457776,0.00035549171401606984,0.003428430302379246,0.007358491702982975,6.880100396251904e-07,6.394556465209956e-07
470.0,6.61797983450117,6.701992811745123,6.581693344644593,6.625521965258148,0.0036286489856576683,0.007647084648697569,2.1044839854866222e-11,1.761114853029511e-11,0.0,0.0,0.0001793275179857886,0.00035528611598152756,0.003448615343177635,0.007291009733089571,7.061244942450552e-07,7.887996264696585e-07
471.0,6.617029151099582,6.7016223401249775,6.581685525115983,6.625531968225017,0.0035343625983598843,0.0076090371899959295,1.9799279846332987e-11,1.4436875731510363e-11,0.0,0.0,0.00017782342017381235,0.0003526203403054033,0.003355793229633841,0.00725568147490538,7.459485522310772e-07,7.353747851467481e-07
472.0,6.617336280207256,6.701255249191495,6.581676209464856,6.625521304292904,0.003566007074239926,0.00757339448985893,1.8488827070716485e-11,1.8302091974772407e-11,0.0,0.0,0.00017746529181189718,0.0003532685840796064,0.00338782514790957,0.007219457185040641,7.166345184596022e-07,6.687207386812691e-07
473.0,6.616658610568457,6.700973725132854,6.581676438146566,6.625503285173035,0.0034982172421892392,0.007547043995982072,2.1231774795424894e-11,1.3768666430997133e-11,0.0,0.0,0.00017680481216365962,0.00035103164890988743,0.0033205339539229065,0.007195131642473876,8.784761026736022e-07,8.807045983088889e-07
474.0,6.6169065688940245,6.701189971481606,6.581668360801594,6.625520258965427,0.003523820809242983,0.007566971251617993,1.7041490452362724e-11,1.6551268278764722e-11,0.0,0.0,0.00017616133729310177,0.00035152110548042863,0.0033464644587255323,0.0072142644802119585,1.1950132243485385e-06,1.1856659256071503e-06
475.0,6.616740138029599,6.700897469599447,6.581669234855319,6.625488700310649,0.003507090317428,0.00754087692887995,2.183276902839853e-11,1.4892534840028025e-11,0.0,0.0,0.00017619897376686442,0.0003506379000071015,0.0033295853468196424,0.007189053677109031,1.3059968414934589e-06,1.1853517638175005e-06
476.0,6.61653665717642,6.7009171684390365,6.5816651564831465,6.625506400895497,0.003487150069327386,0.007541076754354048,1.7048168051598006e-11,1.477079602724314e-11,0.0,0.0,0.00017524492600795778,0.00034917214866315326,0.0033106167878838876,0.0071907350256510795,1.2883554355409765e-06,1.1695800398163002e-06
477.0,6.616773826792682,6.700491803535614,6.5816612081741805,6.625485551687557,0.0035112618618500595,0.007500625184805728,2.079515681616215e-11,1.746952385580942e-11,0.0,0.0,0.00017532267495776546,0.0003496229654720615,0.003334927909557036,0.007149937264375176,1.011277335257565e-06,1.064954958491101e-06
478.0,6.616184429969801,6.700194372768236,6.581660367860948,6.62548223989788,0.0034524062108855003,0.007471213287035525,1.8477136246519095e-11,1.4275097592699773e-11,0.0,0.0,0.0001744379982440347,0.0003467825763644525,0.0032769666023752743,0.007123511239062287,1.0016102661915917e-06,9.194716087838879e-07
479.0,6.616620890214132,6.70019225232419,6.581653978221907,6.625486772208691,0.0034966911992223722,0.007470548011549893,1.8380159388891976e-11,1.745384963489083e-11,0.0,0.0,0.00017417621768429415,0.00034804630864907464,0.0033215341130592275,0.007121462084706237,9.808684788505346e-07,1.0396181945809463e-06
480.0,6.61609855711306,6.699943850665204,6.5816540299915225,6.625463452307358,0.0034444527121539406,0.0074480398357847505,2.1688278540254408e-11,1.3712154954634987e-11,0.0,0.0,0.00017378287627264885,0.0003458830461519228,0.003269756489670677,0.007101270725479567,9.13346210614918e-07,8.860641532607723e-07
481.0,6.616293461143187,6.700184437669634,6.581648769342418,6.6254819798594955,0.0034644691800769217,0.007470245781014032,1.6929195943332685e-11,1.617324779439218e-11,0.0,0.0,0.00017303094246613946,0.0003461302141761676,0.003290655167596902,0.0071233467870210525,7.83070013880545e-07,7.687798168113486e-07
482.0,6.616208693210596,6.69988043017444,6.581647833259057,6.625454942871175,0.003456085995153784,0.007442548730326502,2.236834491410188e-11,1.4770892277772386e-11,0.0,0.0,0.00017310037065441244,0.0003455987903999758,0.003282337583479654,0.007096319195041767,6.480410197177005e-07,6.307448847583804e-07
483.0,6.615910040908298,6.699741822001185,6.581645353986492,6.6254647792381425,0.0034264686921806195,0.007427704276304261,1.687178471937857e-11,1.477519486287049e-11,0.0,0.0,0.00017214572125934664,0.00034356022275396195,0.0032536912560771833,0.0070835245029635795,6.317148440898073e-07,6.195505867194071e-07
484.0,6.616330640154658,6.699595641143404,6.581642963614883,6.625454649398781,0.0034687676539774358,0.007414099174462233,2.0947462648350948e-11,1.7877668562686463e-11,0.0,0.0,0.0001722922333307883,0.0003446376721450315,0.0032958209523414224,0.007068690967357813,6.544683052248964e-07,7.705349593893625e-07
485.0,6.61576075325582,6.699250032880302,6.581642536595974,6.625445512541847,0.003411821665984659,0.0073804520338456425,1.9498485435785053e-11,1.384935042067319e-11,0.0,0.0,0.00017161842729164733,0.0003417117649176927,0.00323953828571253,0.007038077775416603,6.649529804825727e-07,6.624935113471835e-07
486.0,6.6162645982904,6.6995449421430475,6.581638067123817,6.625456722053065,0.0034626531166582937,0.007408822008998508,1.7889778445485686e-11,1.6794721308709474e-11,0.0,0.0,0.00017127776289964058,0.0003431497910895641,0.0032907332349197903,0.0070650551454996754,6.421188388624094e-07,6.170724092677749e-07
487.0,6.615881796255714,6.699261433919141,6.581638507303798,6.625431905566507,0.0034243288951916803,0.007382952835263534,2.3122974617053063e-11,1.3790815351320819e-11,0.0,0.0,0.00017113022330587265,0.0003413264357816438,0.0032525542807918285,0.007040943984245052,6.443910939790453e-07,6.824152368376125e-07
488.0,6.615931531264193,6.699442385355082,6.58163337882572,6.625449431583429,0.0034298152438474888,0.007399295377165024,1.7197661022249136e-11,1.5580336654131504e-11,0.0,0.0,0.00017022777894918563,0.0003410301986856701,0.003258943091927127,0.007057559877332915,6.443729711760405e-07,7.053011464397006e-07
489.0,6.61615444573887,6.69927373540403,6.5816354242273745,6.625425302811314,0.0034519021511494746,0.007384843259271544,2.264660046508095e-11,1.6047330332121403e-11,0.0,0.0,0.00017060030582819109,0.00034114595009336493,0.003280567909898414,0.007042896255468273,7.339354228699348e-07,8.01053709907071e-07
490.0,6.615684944277927,6.69895389603445,6.581632635262804,6.625434204326334,0.0034052309015122385,0.007351969170811454,1.8171090956604435e-11,1.4062821302178625e-11,0.0,0.0,0.00016966319827069076,0.00033865067587887426,0.0032348017477666787,0.007012591512424818,7.659554748689451e-07,7.269825077604679e-07
491.0,6.6163577602925425,6.699179617156513,6.581632665625644,6.625428683310176,0.0034725094666898273,0.007375093384633838,2.009335320682544e-11,1.8032097184412715e-11,0.0,0.0,0.00016990251363035547,0.000340252473472353,0.003301940018249493,0.007034174175376959,6.669348099791847e-07,6.667357845248602e-07
492.0,6.615684393645731,6.698691109718071,6.5816313728295475,6.625418695993171,0.0034053020816183378,0.007327241372489903,2.1000110738399758e-11,1.3467199270857707e-11,0.0,0.0,0.00016928566747256502,0.00033740257746228957,0.003235426734809264,0.00698931085328222,5.896793365090615e-07,5.279417453921988e-07
493.0,6.616135459696274,6.699177513550714,6.581625676398802,6.625431307665969,0.0034509783297470564,0.007374620588474229,1.756388387241098e-11,1.6670070384883996e-11,0.0,0.0,0.00016873293219585116,0.00033868904559965663,0.0032817312472790605,0.007035440812265418,5.141502721444271e-07,4.907306091549381e-07
494.0,6.615931693824511,6.698840007903543,6.581628460167385,6.625403584665009,0.0034303233657125344,0.00734364232385324,2.367026944010472e-11,1.4188049139744405e-11,0.0,0.0,0.00016888090575999608,0.0003373277636146686,0.0032609479049654872,0.007005728790424415,4.945549870506281e-07,5.857698141570123e-07
495.0,6.615817953446297,6.698944997592735,6.581622481584263,6.625423807402358,0.0034195471862033446,0.007352119019037717,1.739405139426081e-11,1.4990417060206567e-11,0.0,0.0,0.00016790990343021773,0.0003365186009470809,0.0032510551734152965,0.007015044061202217,5.821093578300042e-07,5.563568884198777e-07
496.0,6.6163148570541805,6.698870395148634,6.581627792812294,6.625398632774516,0.003468706424188627,0.007347176237411852,2.256791261988399e-11,1.741512022839474e-11,0.0,0.0,0.00016855507316234242,0.0003371583068582589,0.0032994798515041997,0.00700932621260523,6.71499522085811e-07,6.917179483637186e-07
497.0,6.61558969257712,6.69837153230191,6.581622824649478,6.625409226448252,0.003396686792764087,0.00729623058536568,2.0078769431551874e-11,1.3735091639970313e-11,0.0,0.0,0.00016745386347600936,0.0003343308550208083,0.0032284704036975942,0.00696111412071998,7.625255904833764e-07,7.856096248912034e-07
498.0,6.616171960481242,6.6986276765961215,6.581619868088219,6.62540329011871,0.0034552092393021062,0.007322438647741303,1.9147119945958725e-11,1.8444198745071023e-11,0.0,0.0,0.00016742483051917955,0.00033594749088574786,0.0032870791710074734,0.006985855049585561,7.052377754536474e-07,6.361072699948762e-07
499.0,6.6154210136991765,6.697954570492527,6.581617468018419,6.625388348934271,0.0033803545680756836,0.007256622155825574,2.190684752167516e-11,1.3601876537672545e-11,0.0,0.0,0.0001667427036939222,0.00033314665639804165,0.0032129587535952844,0.0069228198408159,6.53110786477181e-07,6.55658611633214e-07
500.0,6.6156773840947585,6.698398421691522,6.581609291302384,6.625402886515816,0.003406809279237358,0.007299553517570604,1.7198254706249753e-11,1.6148939239674434e-11,0.0,0.0,0.00016603751232288915,0.000334131034244163,0.003240026300726796,0.006964644698688696,7.454661876729101e-07,7.777846377458206e-07
501.0,6.615668376996865,6.698010522309545,6.581614425655101,6.625370989245662,0.0034053951341764537,0.007263953306388239,2.2797758515518374e-11,1.479774241444805e-11,0.0,0.0,0.00016640841994432012,0.0003330644073553168,0.003238174956769474,0.006930074037926668,8.117574626596525e-07,8.148611062542429e-07
502.0,6.615346971071744,6.698032967150944,6.581607692309312,6.625393351903205,0.003373927876243172,0.00726396152477394,1.787557632406344e-11,1.467990781230501e-11,0.0,0.0,0.00016537421751989511,0.00033192843012791576,0.003207753624357273,0.0069313336920608926,8.000343660039952e-07,6.994025851298806e-07
503.0,6.615752179848705,6.697869807733533,6.581609482850293,6.625368397125989,0.0034142696998412463,0.0072501410607544335,2.1045876816556778e-11,1.774021824526087e-11,0.0,0.0,0.00016578814056944337,0.00033261087114439794,0.0032477594203652437,0.006916823165912182,7.221389065591486e-07,7.070236978520383e-07
504.0,6.614892698897471,6.697207444411598,6.581603968946256,6.625373627320291,0.0033288729951214692,0.007183381709130698,2.014614660947951e-11,1.3640908638951934e-11,0.0,0.0,0.0001645676838916623,0.00032965717699931166,0.0031635921646440746,0.00685304554482625,7.13146585731977e-07,6.789873051359689e-07
505.0,6.615281448632122,6.697471205837623,6.581596555420048,6.625371181565791,0.0033684893212073868,0.007210002427182907,1.8073880010823722e-11,1.6922395499228368e-11,0.0,0.0,0.00016430059063078737,0.0003311791954031108,0.0032035298671839563,0.006878215634279081,6.588633926436703e-07,6.07597500715313e-07
506.0,6.614756775105007,6.696801262247764,6.581597603022865,6.625350670502603,0.003315917208214184,0.007145059174516097,2.184109220647627e-11,1.3679149864619796e-11,0.0,0.0,0.000163903834281125,0.0003286383267315455,0.0031514018376433196,0.006815835712328605,6.115362897392385e-07,5.851354559483673e-07
507.0,6.6149035419518,6.6972677174664845,6.581589681914898,6.625368808612741,0.003331386003690079,0.007189890885374284,1.730330171461161e-11,1.5939241454340435e-11,0.0,0.0,0.00016323481844609296,0.000329408733060914,0.0031675392525449056,0.0068598248001609154,6.119326990804506e-07,6.573521524533201e-07
508.0,6.614958688242614,6.696884736005127,6.581593545205851,6.6253373212728155,0.00333651430367621,0.007154741473231108,2.1810793161296987e-11,1.5182388657776836e-11,0.0,0.0,0.00016360807012499051,0.00032858894251670904,0.0031721714898432043,0.006825323862450483,7.347437080150489e-07,8.286682639153512e-07
509.0,6.6145239363972586,6.696742387542381,6.581588518939136,6.625355890464566,0.003293541745812264,0.007138649707781553,1.759052237362488e-11,1.4465731350862645e-11,0.0,0.0,0.00016252435229318813,0.00032704688324911176,0.003130033568356293,0.006810559221254844,9.838251627836368e-07,1.0436032775988309e-06
510.0,6.614850292760342,6.696708368040263,6.581585334428633,6.625337765057799,0.0033264958331709776,0.0071370602982464715,2.0065864226796566e-11,1.7866252733406313e-11,0.0,0.0,0.00016271832584613546,0.0003279995279403058,0.003162680262666393,0.0068079102435265795,1.0972446584498563e-06,1.1505267795878856e-06
511.0,6.614177700521526,6.696034105300924,6.581584465927577,6.625335725993726,0.0032593234593948734,0.007069837930719717,2.0121700422091752e-11,1.34726101837495e-11,0.0,0.0,0.00016179603939531535,0.00032508100200694004,0.0030966317186971034,0.0067438770682727465,8.957013024549538e-07,8.798604400306908e-07
512.0,6.614575091229798,6.6965024798701815,6.581576457630046,6.62534138123699,0.0032998633599752,0.007116109863318878,1.7621810591124605e-11,1.660011951860841e-11,0.0,0.0,0.0001615501242522126,0.00032674624894497584,0.0031375285416364407,0.006788560468372447,7.84694086546519e-07,8.031460014560095e-07
513.0,6.614288348604377,6.69594622974744,6.581580007722224,6.625316511200731,0.0032708340882152266,0.007062971854670715,2.239135990673275e-11,1.4191118224682852e-11,0.0,0.0,0.00016148508790843094,0.00032456821026539837,0.0031086066273739122,0.006737618534585609,7.423729328841068e-07,7.851098197071233e-07
514.0,6.6143291546906795,6.696295504005434,6.5815739919511635,6.625336269637836,0.003275516273951649,0.007095923436759763,1.747104997693559e-11,1.5630295411303912e-11,0.0,0.0,0.00016074894576085152,0.00032480900064771546,0.003113997594853202,0.006770342254732597,7.697333375956081e-07,7.721813794500072e-07
515.0,6.614450145049038,6.696030461620231,6.581575097474025,6.625308274654034,0.003287504757501262,0.007072218696619771,2.1601201542104402e-11,1.5673093701771073e-11,0.0,0.0,0.00016110038325691987,0.0003245530424945282,0.003125583466991876,0.006746877421843519,8.20907252464923e-07,7.882322817238074e-07
516.0,6.613944090581322,6.695682537366137,6.581573034697783,6.625321138810196,0.003237105588353964,0.00703613985559408,1.7700667146727454e-11,1.3868496219686213e-11,0.0,0.0,0.00016004393330089472,0.00032239570784988527,0.0030762392482034896,0.006712930186414089,8.224068495794972e-07,8.139613301053751e-07
517.0,6.614367278426567,6.695931293468853,6.581567509364675,6.625312619792245,0.0032799769061892083,0.007061867367660614,1.9381396880078454e-11,1.6849050781518087e-11,0.0,0.0,0.00016016965737628914,0.0003239525605776937,0.00311903343046842,0.006737097817697807,7.738183444995533e-07,8.169893851123665e-07
518.0,6.613843675069177,6.695275492093405,6.581569687162417,6.625302962106003,0.003227398790676017,0.006997252998740043,2.0255929724907794e-11,1.326670458075621e-11,0.0,0.0,0.00015959650733096025,0.0003210576322367668,0.0030670147754053713,0.006675282504936443,7.875079396850302e-07,9.12861566832089e-07
519.0,6.61424603453606,6.695876629698816,6.581562275235833,6.62531509694957,0.0032683759300227307,0.007056153274924373,1.7533958158132396e-11,1.625473151411171e-11,0.0,0.0,0.00015924182538275302,0.0003225787070212323,0.0031082690067759417,0.00673264788781216,8.650978640360651e-07,9.266800909800757e-07
520.0,6.614094548383893,6.695366613997623,6.581565949467503,6.625287237060417,0.0032528598916391227,0.007007937693720776,2.265645331504156e-11,1.4488901817362974e-11,0.0,0.0,0.00015941991732186067,0.00032098643328040645,0.003092538644810014,0.006686027165782898,9.013295072479956e-07,9.240946574735662e-07
521.0,6.61396317744294,6.69555655387545,6.581561643380634,6.625305906750291,0.0032401534062306897,0.007025064712516046,1.7118066220550087e-11,1.477951699667803e-11,0.0,0.0,0.00015852455633565767,0.00032031143430265107,0.0030806973844655712,0.00670380758460405,9.314654294608335e-07,9.45693609344665e-07
522.0,6.614219132720034,6.695435950788938,6.581560792958643,6.625284335981742,0.0032658339761390954,0.00701516148071974,2.1465212553849545e-11,1.7362669607625357e-11,0.0,0.0,0.00015887467333634998,0.0003209510609427356,0.00310595884228328,0.00669319761212681,1.000460519466367e-06,1.0128076501928193e-06
523.0,6.613657172780322,6.694966330004179,6.581560578133988,6.625291334334303,0.003209659464633501,0.006967499566987484,1.9303585969182494e-11,1.3526205973784287e-11,0.0,0.0,0.00015794038052417624,0.0003182351491504681,0.0030507142858313538,0.006648348750721036,1.004798277970668e-06,9.156671159786823e-07
524.0,6.614189036806131,6.695450565594424,6.58155404706786,6.625290782921935,0.003263498973827222,0.007015978267248786,1.8649583514707397e-11,1.664073417340095e-11,0.0,0.0,0.00015793845928209545,0.00032014606828450516,0.0031046500366978297,0.006694887911318226,9.104778472967352e-07,9.442876460546015e-07
525.0,6.613761658468547,6.694747027769015,6.5815573197775095,6.625274577214574,0.0032204338691036345,0.006947245055444227,2.1865033053276952e-11,1.3305742712409286e-11,0.0,0.0,0.0001576665273894493,0.00031754745219463124,0.0030619229913234542,0.006628869748387215,8.44350390731109e-07,8.27854862381496e-07
526.0,6.614033598473739,6.6953774769369705,6.581550553455355,6.625288744903708,0.003248304501838223,0.007008873203326469,1.72097325082019e-11,1.585265377658345e-11,0.0,0.0,0.00015711140561831902,0.000318366012717569,0.0030904760934123594,0.006689819218810233,7.170028075441344e-07,6.87971798667536e-07
527.0,6.6140100222064975,6.694863423701186,6.581553645659621,6.6252614604274385,0.003245637654687566,0.006960196327374594,2.3022492185522956e-11,1.5085398455039114e-11,0.0,0.0,0.00015740290652202976,0.0003176762960187983,0.0030875380286288453,0.006641803953334763,6.96719536691233e-07,7.160780210324069e-07
528.0,6.613674032801189,6.6949058030329684,6.58155042602039,6.625277760427298,0.003212360678079978,0.0069628042605669885,1.7762156849345304e-11,1.4429106176927325e-11,0.0,0.0,0.00015645551431130663,0.00031605288175678476,0.003055121989634802,0.006645894781859216,7.831741338696583e-07,8.565969509886203e-07
529.0,6.614073858909847,6.694954729328467,6.581547725122617,6.625263393077404,0.003252613378723044,0.0069691336251064395,2.086537561994369e-11,1.748005887460859e-11,0.0,0.0,0.00015668150865876386,0.00031741616697313356,0.003095099859848876,0.006650871229260177,8.320102154046559e-07,8.462288731281487e-07
530.0,6.613468689868348,6.6942869506173075,6.5815480530886905,6.625263915557415,0.0031920636779657918,0.0069023035059891415,2.0068911502973617e-11,1.3192627292702572e-11,0.0,0.0,0.00015592308582037108,0.00031449985897213456,0.0030353178457295394,0.006586967867954278,8.227464158814742e-07,8.357790627305651e-07
531.0,6.613940177142276,6.694937968318076,6.58154021655061,6.625266920220595,0.003239996059166613,0.006967104809747949,1.7509404353092864e-11,1.6325824404900444e-11,0.0,0.0,0.00015568582472408565,0.00031612550663017726,0.003083575442667732,0.006650280849625145,7.347917747962335e-07,6.984534926268453e-07
532.0,6.613591016856746,6.694070337787046,6.58154383075973,6.625245660119405,0.0032047186097016356,0.006882467766764147,2.3257329502253226e-11,1.374822262303552e-11,0.0,0.0,0.0001555833073621485,0.0003141303380341233,0.0030484914454675413,0.006567664903306788,6.438568719458867e-07,6.725254232345335e-07
533.0,6.613607631540638,6.694680178493745,6.581537277740064,6.625260331791143,0.0032070353800574963,0.00694198467026012,1.7600986869398696e-11,1.484109125917451e-11,0.0,0.0,0.0001548931926023633,0.0003140903770348899,0.0030514858307485117,0.006627196323195415,6.56356706621314e-07,6.979700298161956e-07
534.0,6.61369119659008,6.6941886644268305,6.581539002175148,6.625236746127016,0.0032152194414931867,0.006895191829981521,2.2871671162360112e-11,1.695140295980904e-11,0.0,0.0,0.00015511139758868275,0.0003141594574966767,0.0030593799840105723,0.0065803166089374344,7.28059893931548e-07,7.15763547409193e-07
535.0,6.613184032150648,6.693966552955816,6.581536208335604,6.625249219268613,0.0031647823815043746,0.006871733368720151,1.930495456081466e-11,1.3510787920402965e-11,0.0,0.0,0.0001541933449251742,0.00031197584368315934,0.0030098119309117156,0.006558937900990694,7.771056674850196e-07,8.196240462974351e-07
536.0,6.613565006039056,6.694224164576381,6.5815303907116744,6.62523995851032,0.0032034615327381738,0.006898420606606055,1.9057174938418627e-11,1.6697558924614036e-11,0.0,0.0,0.0001541778242305689,0.00031341643641722013,0.003048575987392046,0.0065842775736417725,7.077211155588784e-07,7.265965470624659e-07
537.0,6.613030203117025,6.693269709374757,6.5815324290659145,6.625233104538633,0.0031497774051110713,0.0068036604836124205,2.161614804922665e-11,1.3310306656271877e-11,0.0,0.0,0.0001536057164674633,0.0003107506563453978,0.002995481705487277,0.006492139569135392,6.899831563312726e-07,7.702581316304825e-07
538.0,6.613300306760482,6.694099425844647,6.581523377780625,6.6252390106515895,0.003177692897985875,0.006886041519305831,1.7585285062139778e-11,1.5732169688868067e-11,0.0,0.0,0.00015325955850741647,0.00031191141709391583,0.003023735944911498,0.006573332624632098,6.973945669607622e-07,7.974775798172221e-07
539.0,6.613134543316931,6.693229484998572,6.581528498786603,6.6252169644001775,0.00316060445303267,0.006801252059839412,2.223805837038464e-11,1.491380109888392e-11,0.0,0.0,0.00015328611335214804,0.0003106096432102461,0.0030065808206041996,0.006489943433490872,7.375190763227459e-07,6.989831382931475e-07
540.0,6.6129326344069606,6.693596504090301,6.581522749455221,6.62523131277758,0.003140988495173933,0.006836519131271983,1.781774620785771e-11,1.4278264318027916e-11,0.0,0.0,0.00015261439872174613,0.00030993140374717285,0.002987676590897664,0.006525919220601947,6.975055545236287e-07,6.685069228640755e-07
541.0,6.61310178036362,6.693399035019406,6.58152206509086,6.625212498831596,0.003157971527276046,0.006818653618780915,2.0615192387938132e-11,1.6825222446848094e-11,0.0,0.0,0.00015272999772874825,0.00031035212746862204,0.0030045841528183377,0.006507526873589748,6.573767289595374e-07,7.746177225440265e-07
542.0,6.6125537260272145,6.6926448523820605,6.5815215097651905,6.625218832789694,0.003103221626202413,0.006742601959236613,2.0185418470101924e-11,1.3264078473126246e-11,0.0,0.0,0.00015188399246014327,0.00030793359317203117,0.0029506345783815524,0.006433990925723696,7.030553607175145e-07,6.774403408862698e-07
543.0,6.6128626151440395,6.693414337754799,6.581512369316974,6.625214526774888,0.0031350245827065164,0.006819981097991099,1.7420891949590338e-11,1.6075358266404767e-11,0.0,0.0,0.00015178270102368473,0.00030943204393635683,0.0029825940320365473,0.006509883787992158,6.478496462838445e-07,6.652660625840686e-07
544.0,6.612530404143653,6.692312410891296,6.581518354480746,6.625203957619068,0.0031012049662906163,0.006710845327222869,2.2015941878533948e-11,1.3988006738788715e-11,0.0,0.0,0.00015144494222766114,0.00030724191510938484,0.002949093392724127,0.006402831909565937,6.666313388274635e-07,7.715025475466892e-07
545.0,6.612675828934457,6.693252596743973,6.581509317256388,6.625213531041066,0.003116651167806868,0.006803906570290531,1.774259693974184e-11,1.5010300591536237e-11,0.0,0.0,0.0001511724352488385,0.00030819672494054813,0.002964750641703746,0.006494955215978102,7.280908542839649e-07,7.546293718815962e-07
546.0,6.612731897281682,6.692657018912976,6.581515618015654,6.625192385995583,0.0031216279266027985,0.006746463291739102,2.121932464465345e-11,1.598752119821075e-11,0.0,0.0,0.0001514007802422308,0.0003073019809439765,0.0029694798615114404,0.006438356877735292,7.472848491275592e-07,8.044330598337015e-07
547.0,6.612411055036898,6.6923736692143665,6.581512002205759,6.625204777155438,0.0030899052831138718,0.006716889205892991,1.8186613179386718e-11,1.3997174743603232e-11,0.0,0.0,0.00015068592297811612,0.0003060631110828785,0.002938463752752913,0.006410051962195878,7.556073828421008e-07,7.741326142348116e-07
548.0,6.61266034018964,6.69283625365658,6.581508374226376,6.625189735217811,0.003115196596326407,0.006764651843876952,1.8100343003703625e-11,1.549915264159596e-11,0.0,0.0,0.00015088633205081995,0.00030680296218917285,0.002963530446315794,0.006457082672339687,7.79817959792941e-07,7.662093480924797e-07
549.0,6.612146587580671,6.691572754516662,6.581511282180381,6.625192855378814,0.003063530540029085,0.006637989913785038,2.005526070132896e-11,1.345831138813841e-11,0.0,0.0,0.00015002094053230753,0.00030438858436754735,0.0029127637903329042,0.006332879908183287,7.458091638739074e-07,7.214212342031914e-07
550.0,6.612449902786815,6.69291534760708,6.581500162014897,6.625194140721111,0.0030949740771917663,0.006772120688596934,1.7541256403818576e-11,1.5374043936342703e-11,0.0,0.0,0.00015005084101208684,0.00030627208858896284,0.0029441501377597684,0.006465057690152036,7.730984199114561e-07,7.909098559350177e-07
551.0,6.612371490091265,6.691978305121138,6.581509633100666,6.625180832578787,0.0030861856990599353,0.00667974725423518,2.056084357135381e-11,1.4937355206122785e-11,0.0,0.0,0.00014999828380403706,0.00030439865709147574,0.002935372600838776,0.0063745378203203945,8.148144171218199e-07,8.107768233107169e-07
552.0,6.612462810288398,6.692515078988236,6.581502100194164,6.6251940798205275,0.003096071009423478,0.006732099916770899,1.838718680297665e-11,1.4679624968645494e-11,0.0,0.0,0.0001497442138150334,0.00030507744711730266,0.002945528811049078,0.0064262405180348795,7.979845593672642e-07,7.819516187154672e-07
553.0,6.61275313837807,6.692558006633442,6.581508464553679,6.625170762021777,0.003124467382439039,0.006738724461166609,1.909822254671928e-11,1.5648651499246964e-11,0.0,0.0,0.00015033928962994832,0.0003044320664666764,0.002973367829491275,0.006433471894342741,7.602633178160718e-07,8.205003571907096e-07
554.0,6.612259443030305,6.691351704334561,6.581506865709314,6.625183710135289,0.0030752577320991726,0.0066167994199271335,1.8946463566383568e-11,1.3702172866792045e-11,0.0,0.0,0.00014929736763405214,0.0003026315928339306,0.0029251626427729866,0.006313430359048443,7.977216921338005e-07,7.37468044759157e-07
555.0,6.612541550013313,6.692592522773629,6.581499655620771,6.625171351910602,0.0031041894392542647,0.006742117086302652,1.7668734736981525e-11,1.503913564212048e-11,0.0,0.0,0.0001496346671904829,0.0003039867983670958,0.0029537882412532168,0.006437374716578517,7.665308105646637e-07,7.555713570395812e-07
556.0,6.612071602276841,6.691176970654384,6.5815044818660455,6.625171180641096,0.0030567120410796705,0.00660057900132886,1.922941293087e-11,1.3952960080262056e-11,0.0,0.0,0.00014873528421354147,0.00030156633660937326,0.002907352363259288,0.006298423744679386,6.243936068407503e-07,5.889200401005698e-07
557.0,6.612410037277883,6.692556124590161,6.58149283122576,6.625179710082739,0.0030917206052122315,0.006737641450742182,1.828087938220992e-11,1.4566967819992263e-11,0.0,0.0,0.0001487925735175924,0.0003037648010263616,0.002942381981041199,0.006433352920150604,5.460506534403432e-07,5.23729565218384e-07
558.0,6.612621129090246,6.692206287289042,6.581503460673946,6.6251567667961195,0.0031117668416299933,0.006704952049292234,1.8917418082665736e-11,1.4902182978592147e-11,0.0,0.0,0.00014924114977766273,0.0003019702407098162,0.002961952976714934,0.006402267308815903,5.727151373967957e-07,7.144997665151183e-07
559.0,6.612499252907498,6.691764307730392,6.581497331123534,6.625176978764401,0.003100192178396396,0.006658732896599017,1.9253933480625156e-11,1.5026042740620086e-11,0.0,0.0,0.00014849798097225892,0.0003019343661485972,0.0029510564304792673,0.006356181525315939,6.377669448690033e-07,6.170051344804799e-07
560.0,6.612767757406962,6.692372300979391,6.5814990380715965,6.625148468923793,0.003126871933536616,0.006722383205559964,1.8531290934061147e-11,1.4811289641898132e-11,0.0,0.0,0.00014923183731426954,0.0003016486663871951,0.0029769629041008707,0.006420084302562857,6.771921214750093e-07,6.502366099122631e-07
561.0,6.61202882750103,6.690723992955356,6.581497219795688,6.6251600993472595,0.003053160770534201,0.006556389360809858,1.8649789991606776e-11,1.4429265754755708e-11,0.0,0.0,0.00014765527205514586,0.0002993515133058054,0.0029048430693764545,0.006256273074883259,6.62429102600676e-07,7.647726207950169e-07
562.0,6.612286679455421,6.6919776008258935,6.581486001735583,6.625154869802966,0.0030800677719838242,0.0066822731022927895,1.8694409276647604e-11,1.4442960044659149e-11,0.0,0.0,0.00014786303024796202,0.00030113997255650816,0.0029314817775571945,0.006380432841960597,7.229641786672109e-07,7.002877756839266e-07
563.0,6.612081395348754,6.691238927053367,6.5814915213719996,6.625139069113703,0.0030589873976753276,0.006609985793966348,1.804999279297545e-11,1.4819397897818112e-11,0.0,0.0,0.00014739689774186657,0.00029879389494094275,0.0029108655571134933,0.0063105289586010485,7.249428199671666e-07,6.629404243577149e-07
564.0,6.612256812096314,6.691690922909486,6.581481876069769,6.62516123497354,0.0030774936026543988,0.00665296879359438,1.9645333048294667e-11,1.5284809748374216e-11,0.0,0.0,0.000146972817272463,0.00030028535808400317,0.00292990178185639,0.006351940960682783,6.190035255459534e-07,7.424748275931051e-07
565.0,6.6124072025849125,6.691762269543875,6.581487026796883,6.625124785452816,0.00309201757880298,0.006663748409105838,1.861734033210545e-11,1.4808063691787795e-11,0.0,0.0,0.00014760648498277702,0.0002987806801708931,0.002943782979634921,0.006364291505747311,6.28114185280908e-07,6.762231876353112e-07
566.0,6.611792139741003,6.690638425186372,6.58148163265409,6.6251458689535685,0.003031050708691303,0.006549255623280469,1.8202888337824455e-11,1.529493396408045e-11,0.0,0.0,0.00014601168500072575,0.0002975397510605126,0.0028843618986337622,0.006251039330053151,6.771250568148734e-07,6.76542166804704e-07
567.0,6.6118867815864055,6.691099008465013,6.5814742132363335,6.625126163933957,0.0030412568350072734,0.006597284453105513,1.961680223512368e-11,1.4491732686278993e-11,0.0,0.0,0.0001463473522671795,0.0002979325249816914,0.002894226745043592,0.00629865189737644,6.827376965015485e-07,7.000307473818828e-07
568.0,6.611331992662318,6.69014212070062,6.581475407213252,6.625117934937779,0.0029856585449066627,0.0065024185762841856,1.7553238806163225e-11,1.457941959132937e-11,0.0,0.0,0.00014518956903153985,0.00029546723725271156,0.0028396926295708442,0.006206129776580004,7.763463042792362e-07,8.215624514693788e-07
569.0,6.611593260617273,6.690798779047095,6.58146499537317,6.625134785348701,0.0030128265244102,0.006566399369839373,1.999755717784716e-11,1.5363842610443237e-11,0.0,0.0,0.0001449929963945727,0.00029724330290838586,0.0028670018506254057,0.006268359437680813,8.316773902208363e-07,7.966292501747212e-07
570.0,6.611499824128356,6.690511863864136,6.581469687141655,6.625100940742219,0.003003013698670033,0.0065410923121914455,1.8721481703678873e-11,1.4405844667437879e-11,0.0,0.0,0.0001452239468609997,0.0002951763264090409,0.002856968239299989,0.006245143626616543,8.215125090441563e-07,7.723591658610575e-07
571.0,6.611259718726006,6.690273033589436,6.5814635654877485,6.625126092723997,0.0029796153238257424,0.006514694086543846,1.7581782535160388e-11,1.548268163232593e-11,0.0,0.0,0.00014401208364909755,0.00029529497684696474,0.0028348293809500455,0.006218580753281139,7.738592265988928e-07,8.183564157418384e-07
572.0,6.611270160146573,6.690202512219174,6.581459794311553,6.625101222209404,0.0029810365835018834,0.006510129000977026,2.0511724516385655e-11,1.4602220976549403e-11,0.0,0.0,0.00014448801795413443,0.0002947960897560451,0.0028357531039858203,0.006214572359931251,7.954615619281201e-07,7.60551289729341e-07
573.0,6.6107797682518035,6.689523081009311,6.5814607719902485,6.6250998021511025,0.002931899626155454,0.006442327885821113,1.6823768404135038e-11,1.4479008897594002e-11,0.0,0.0,0.00014325233259870315,0.00029275256268461257,0.0027878466708896473,0.00614883222726186,8.006226671037752e-07,7.430958746420058e-07
574.0,6.611035276053696,6.689948132287259,6.58145109253893,6.6251090934973105,0.002958418351476557,0.006483903878994855,2.0608023012562644e-11,1.6221805592233403e-11,0.0,0.0,0.00014327233432965373,0.0002942804100107087,0.0028143786254224614,0.0061887732621873906,7.673917244422436e-07,8.50206796757232e-07
575.0,6.610753694840904,6.689509141138268,6.581456194064857,6.625083351984414,0.002929750077604768,0.006442578915385326,1.8708843036234447e-11,1.3201764554500453e-11,0.0,0.0,0.0001431753967279233,0.000291915306600442,0.0027857571828445327,0.006149838221175078,8.174980323126054e-07,8.253876098056596e-07
576.0,6.610976044613746,6.689825104691278,6.58144995554891,6.6251048814339235,0.0029526089064837715,0.006472022325735455,1.7145249661282843e-11,1.5202538164102444e-11,0.0,0.0,0.00014245365889067006,0.00029290170036642055,0.002809388852191045,0.006178364131181053,7.663954020569255e-07,7.564941879792126e-07
577.0,6.611005957847404,6.689839924831131,6.581451251826466,6.6250865343753915,0.002955470602093642,0.006475339045574,2.2208716728580692e-11,1.449987603291403e-11,0.0,0.0,0.00014312530374552498,0.00029239481238174664,0.0028115680008477906,0.006182092567284443,7.77297500326369e-07,8.516659078107374e-07
578.0,6.6110623031380555,6.689852198098379,6.581453436987747,6.625089605897214,0.002960886615030893,0.006476259220116414,1.6210423759182486e-11,1.4140795998184193e-11,0.0,0.0,0.00014230570725517976,0.0002910728838701706,0.002817713396050792,0.0061842443190722384,8.675117249217325e-07,9.420171740044238e-07
579.0,6.611498150531428,6.690443824920829,6.581448511504051,6.625095085584767,0.003004963902737745,0.006534873933606129,2.279592030067761e-11,1.6988922778128985e-11,0.0,0.0,0.0001427853275813776,0.0002930665890371243,0.0028612281911793162,0.006240917735420511,9.503839770513011e-07,8.896091484939149e-07
580.0,6.611535159715303,6.690208238552828,6.58145720741609,6.625085329328113,0.003007795229921276,0.006512290922471629,1.9639256004030806e-11,1.3222209398031266e-11,0.0,0.0,0.0001429434573611345,0.0002905617906934999,0.0028639112007975234,0.0062207838629008425,9.405717626187176e-07,9.452688772857176e-07
581.0,6.612894447671272,6.691246993248566,6.5814581223102255,6.625098705130394,0.003143632536104652,0.006614828811817311,1.9657564207660157e-11,1.5607359903219154e-11,0.0,0.0,0.00014340431155732497,0.000292685418331246,0.0029993623084698705,0.006321205522365171,8.659160774553913e-07,9.378711208941701e-07
582.0,6.613153373074161,6.691365442911834,6.581468061476946,6.625103060959021,0.003168531159721336,0.006626238195280959,2.320491911247296e-11,1.3501951261611112e-11,0.0,0.0,0.00014463581372499009,0.00029231397953769666,0.0030230348334411346,0.0063330951130631434,8.605125552120602e-07,8.291026801198694e-07
583.0,6.613888050149172,6.692686889030195,6.58147158562277,6.625104810339978,0.0032416464526400495,0.006758207869021992,1.8313312329340828e-11,1.5340045462094128e-11,0.0,0.0,0.00014414658912778694,0.000292381786917396,0.0030966826058916263,0.006464964159685888,8.172576206362293e-07,8.61922418709036e-07
584.0,6.613797537574161,6.692782528597313,6.581468614320144,6.625103219332687,0.0032328923254016685,0.006767930926462554,2.376189567401821e-11,1.6350365431741335e-11,0.0,0.0,0.00014450315868323732,0.0002941583685137079,0.0030875596502856918,0.006472889857478402,8.295164327392435e-07,8.827004704438433e-07
585.0,6.614056980627934,6.692736319943491,6.581475745330148,6.625111973339275,0.0032581235297786653,0.006762434660421658,2.2260817950705292e-11,1.3758822530454336e-11,0.0,0.0,0.00014447291168067673,0.0002917224198670828,0.003112816070378247,0.006469903459013397,8.345477197416399e-07,8.087815411789674e-07
586.0,6.615382737007316,6.693306329661681,6.581483357776008,6.625109586735964,0.0033899379231306782,0.0068196742925715325,2.101111620305351e-11,1.746022859619098e-11,0.0,0.0,0.00014542868179061316,0.0002941872574185536,0.0032437340425916297,0.006524637101530192,7.751987484357002e-07,8.499336227863424e-07
587.0,6.613925059466713,6.6910901237305795,6.581473049971836,6.625104695512209,0.003245200949487793,0.006598542821836951,2.2173180936651194e-11,1.374938516766856e-11,0.0,0.0,0.00014422509049422287,0.000290425701760862,0.0031002175006869387,0.006307299629006732,7.583583066314803e-07,8.174910693568478e-07
588.0,6.613254604527462,6.69124216609547,6.5814618794691935,6.6250923276293445,0.0031792725058269124,0.006614983846612542,2.0002148729970484e-11,1.5750588070464428e-11,0.0,0.0,0.00014236839336186853,0.0002902854133617009,0.003036123329563189,0.006323904008240168,7.807829018547781e-07,7.944250106737379e-07
589.0,6.611787225230253,6.689239662415723,6.5814439712145605,6.6250645744552985,0.003034325401569326,0.00641750879604256,2.38016940056103e-11,1.6654959664919205e-11,0.0,0.0,0.00014075095765217377,0.0002878870825203898,0.0028928171236214367,0.0061287039100496425,7.573202957150339e-07,9.178034725264995e-07
590.0,6.610998015276862,6.689560403292691,6.581431819582796,6.625077813780841,0.002956619569406442,0.0064482589511849295,2.1958335864204593e-11,1.3093448757522077e-11,0.0,0.0,0.0001391634695172215,0.0002873079320910909,0.002816690822460097,0.006160142021591101,7.652774291231462e-07,8.089975027373632e-07
591.0,6.610753498360168,6.688772458937,6.581431863519989,6.625056223191153,0.0029321634840180346,0.006371623574584556,2.238919771477407e-11,1.713997936938789e-11,0.0,0.0,0.00013898520017015313,0.0002871133132495082,0.0027924559619588686,0.0060838386416028345,7.223218890123777e-07,6.716197322126186e-07
592.0,6.609880757236449,6.687832412345586,6.581420926957089,6.625052938926853,0.0028459830279358865,0.006277947341873408,2.1092687760987382e-11,1.3836962586394847e-11,0.0,0.0,0.00013772129150233536,0.00028462065297627225,0.002707586379415635,0.005992607732202891,6.753570179175427e-07,7.189566942460577e-07
593.0,6.609690561221422,6.68791552649157,6.581415977274656,6.625050815352769,0.0028274583946766747,0.006286471113880012,1.9933631165791695e-11,1.5528587314441768e-11,0.0,0.0,0.00013729982869929887,0.00028552455238532243,0.002689539171385799,0.006000276137434585,6.193945915754202e-07,6.704240601051156e-07
594.0,6.6094679538877505,6.687048113357363,6.581415774719367,6.62503155838618,0.00280521791683837,0.006201655497118342,2.1204652539563334e-11,1.5352270804854833e-11,0.0,0.0,0.0001370829759398997,0.0002833197512317154,0.0026675057812056897,0.005917671483700113,6.291596927806743e-07,6.642621865126044e-07
595.0,6.609237023335859,6.687580091734268,6.581407164394375,6.6250456580691255,0.0027829858941484232,0.006253443366514293,1.8397003366252884e-11,1.511482303526157e-11,0.0,0.0,0.00013646149672964325,0.00028425174254061316,0.002645886760126384,0.005968525692948672,6.376372923960061e-07,6.659310250077745e-07
596.0,6.609364012589294,6.6873635493668475,6.581411463876366,6.62502810930292,0.0027952548712929454,0.006233544006392914,2.0186996909667394e-11,1.5314203154082745e-11,0.0,0.0,0.00013676776899286842,0.0002835490933751627,0.0026577613843617913,0.0059491553434565525,7.25717938285102e-07,8.395695611996499e-07
597.0,6.60900338164798,6.6868890799508325,6.581406428179113,6.625032838217715,0.0027596953468866747,0.006185624173311711,1.8390426096133277e-11,1.4053076654047672e-11,0.0,0.0,0.0001360889344916544,0.00028245048531233763,0.002622765621797149,0.005902258855634696,8.407905978712879e-07,9.148323646770224e-07
598.0,6.609082018200063,6.687359585324912,6.581404965220034,6.625031364573649,0.0027677052980030394,0.006232822075126305,1.881297170050521e-11,1.48506043264854e-11,0.0,0.0,0.00013609992785389152,0.0002832916904645028,0.002630737804214627,0.00594867697504296,8.675659345210738e-07,8.534096188415819e-07
599.0,6.608959830482984,6.686446653366492,6.581407612622595,6.625013200353979,0.0027552217860388655,0.006143345301251275,1.8199453165378482e-11,1.415769233118012e-11,0.0,0.0,0.00013597484856420444,0.0002808903746139725,0.0026184104299873667,0.005861543625925781,8.365074872943588e-07,9.113007115212298e-07
600.0,6.608942614540023,6.687218971477236,6.581398992456993,6.625033492468982,0.0027543622083030183,0.006218547900825568,1.797436588882014e-11,1.4813638368415225e-11,0.0,0.0,0.00013544611079757956,0.00028253408833113654,0.002618090420333418,0.0059351405112054835,8.256771720213069e-07,8.733012889473402e-07
601.0,6.6091666597588405,6.686842805173678,6.581406877217322,6.6250078684675895,0.002775978254151738,0.006183493670608768,1.891815025100536e-11,1.522038845942417e-11,0.0,0.0,0.00013606564363425672,0.00028099671049849857,0.002639122184513897,0.005901682744417971,7.904260035847868e-07,8.14215692300106e-07
602.0,6.608883409148961,6.686769734357314,6.5813988049029435,6.625024760247511,0.002748460424601971,0.006174497410980313,1.7894083495554293e-11,1.4699956229573783e-11,0.0,0.0,0.00013513362336728282,0.0002810725469751895,0.002612614776409057,0.00589270587987998,7.120248256316964e-07,7.189841251424501e-07
603.0,6.609208389385631,6.687140852875366,6.5814039754087235,6.62501667529167,0.002780441397690778,0.006212417758369615,1.8760868762974364e-11,1.4742378300325843e-11,0.0,0.0,0.00013579410132472154,0.00028136645185511535,0.0026439727966287947,0.005930327404628843,6.744997372626956e-07,7.239018856572633e-07
604.0,6.608965346582424,6.686461056101965,6.581404015933555,6.625005864809956,0.0027561330648867024,0.006145519129200861,1.8067684330161415e-11,1.4150215148132048e-11,0.0,0.0,0.0001352393100677712,0.0002794244975144322,0.002620208299869999,0.005865364252435089,6.854549489320888e-07,7.303792513420004e-07
605.0,6.6091890822596815,6.687128094495427,6.581399167222369,6.625027092194462,0.0027789915037311663,0.006210100230096478,1.8327854561763423e-11,1.477235319482812e-11,0.0,0.0,0.00013520319512719565,0.00028107358084943995,0.0026431056999523016,0.005928325186143982,6.826086516692264e-07,7.014631030553629e-07
606.0,6.609518325178697,6.687211697819229,6.581409522003593,6.624994032347577,0.0028108803175104662,0.00622176654716504,1.8976711007385107e-11,1.4485896102519293e-11,0.0,0.0,0.00013583615465414858,0.00027952360931398734,0.0026743559918539447,0.005941462448558444,6.88171002373421e-07,7.804892926084356e-07
607.0,6.609518249017067,6.687149299584315,6.581401642338102,6.625031885714679,0.002811660667896493,0.00621174138696398,1.790775723849408e-11,1.486965633440808e-11,0.0,0.0,0.00013525941406079098,0.00028050088355435326,0.002675690824225515,0.005930465363946845,7.104296101859764e-07,7.751394627815148e-07
608.0,6.6102361058733425,6.687864513453217,6.58141619486787,6.625003739711657,0.002881991100547137,0.006286077374156094,2.0079176720727136e-11,1.4976926326736984e-11,0.0,0.0,0.00013657936626596887,0.0002805168650070114,0.00274466212940996,0.006004780760911288,7.496048712087418e-07,7.79748237793741e-07
609.0,6.609817509753461,6.686849668246808,6.581413499890577,6.625014462406345,0.002840400986288259,0.0061835205840464,1.8351984350266013e-11,1.3900150400332229e-11,0.0,0.0,0.00013585035153392425,0.0002788226970881707,0.002703862606568273,0.005904023433032954,6.88028186061297e-07,6.744539252757651e-07
610.0,6.610135972090859,6.687607279947787,6.58141217336604,6.625020847559191,0.0028723798724818884,0.0062586432388595,1.9216853869104183e-11,1.479225885957919e-11,0.0,0.0,0.00013587316746037324,0.00028019716697570636,0.0027359067560535346,0.005977835728338428,5.999489679808001e-07,6.103435453654641e-07
611.0,6.609981216557157,6.687453526603522,6.581415795397114,6.624988604662884,0.002856542116004353,0.006246492194063803,1.8197835825437035e-11,1.3865925020640437e-11,0.0,0.0,0.00013608222045392938,0.0002783258637140025,0.0027198853063399447,0.005967531704554365,5.745892104787521e-07,6.346257954345189e-07
612.0,6.609868381105801,6.6876245661459075,6.58140220018536,6.625034818235077,0.002846618092044064,0.006258974791083011,1.790349248167165e-11,1.4705305662944013e-11,0.0,0.0,0.00013480693254045646,0.0002798014851824867,0.0027112697369534133,0.005978612522368891,5.4142255019419e-07,5.607835316338188e-07
613.0,6.610687199685042,6.688468865571795,6.581420214550435,6.624992832784111,0.0029266985134606006,0.00634760327876848,1.901517300486634e-11,1.4375683063171197e-11,0.0,0.0,0.00013682345076197243,0.00027982648228883663,0.0027893502515198487,0.0060672263270432625,5.248111787794237e-07,5.504694363805961e-07
614.0,6.610193889197807,6.687379886947447,6.581414455650406,6.625026023642792,0.0028779433547400906,0.0062353863304658065,1.832549614342108e-11,1.4604933782731356e-11,0.0,0.0,0.0001355069427019366,0.00027850716693622883,0.002741885043370437,0.0059562129899747695,5.513686677175711e-07,6.66173554807624e-07
615.0,6.6108297791686885,6.68781309299879,6.581423863997793,6.625010965975263,0.002940591517089433,0.006280212702352808,1.8820756677018477e-11,1.4530062593404863e-11,0.0,0.0,0.0001365351033651426,0.00027907675569627336,0.00280341326705848,0.006000491898867115,6.431466658111595e-07,6.440477894198046e-07
616.0,6.61010357404433,6.687035929034352,6.581416463680689,6.624986122249948,0.002868711036363964,0.006204980678440395,1.9445117254030798e-11,1.389288371172722e-11,0.0,0.0,0.00013560335859745252,0.00027679537193776177,0.0027324336345977917,0.005927568053361198,6.740431687197117e-07,6.172531414357916e-07
617.0,6.60990845163582,6.6870979971394755,6.58140332985622,6.6250195202730975,0.0028505121779600936,0.006207847686637903,1.772038650350101e-11,1.436540531121874e-11,0.0,0.0,0.00013425393182140568,0.00027741616509075964,0.0027155810340600372,0.005929731329351683,6.772120786502881e-07,7.001921954612778e-07
618.0,6.610150962293585,6.687741192388109,6.581407123616781,6.624975604114638,0.0028743838676805428,0.006276558827347163,2.0535400493477053e-11,1.4256626684095059e-11,0.0,0.0,0.00013521217173312688,0.000277602095835587,0.0027384762262646577,0.00599823616797213,6.954696827576272e-07,7.205635394456199e-07
619.0,6.609666104758451,6.6868411985050455,6.581401208734263,6.625015812556951,0.00282648960241869,0.006182538594809284,1.884221866081345e-11,1.4402597818838435e-11,0.0,0.0,0.00013385488263463198,0.0002763505329843121,0.0026919105249587306,0.005905485971904676,7.241948253278892e-07,7.020899202953388e-07
620.0,6.610462901521085,6.687418798788618,6.581410972085462,6.6249882792623636,0.0029051929435623216,0.0062430519526255395,1.916575002018249e-11,1.4621123660533455e-11,0.0,0.0,0.0001350808388597323,0.0002770910210990471,0.0027693548590448066,0.005965161837608727,7.572456577822261e-07,7.990939177655112e-07
621.0,6.609778695146444,6.686039137307216,6.581406438032227,6.624976657877912,0.0028372257114215853,0.006106247942930461,1.9130484985255966e-11,1.3523354463343753e-11,0.0,0.0,0.0001343481932097529,0.00027422904217644487,0.0027020703873590385,0.005831216019534815,8.071308527937537e-07,8.028812192012232e-07
622.0,6.609777061721433,6.6865211015728185,6.581397227545365,6.6249902599652115,0.0028379834176067847,0.0061530841607607524,1.8131078609731142e-11,1.3819258279377037e-11,0.0,0.0,0.00013322660841446046,0.00027480453746125385,0.0027039863630061362,0.005877519103488379,7.704461861881155e-07,7.605198111207252e-07
623.0,6.609477272910166,6.686268058625266,6.581393467776848,6.624956007179117,0.002808380513331753,0.006131205144614748,2.096610094392475e-11,1.525590205552884e-11,0.0,0.0,0.00013369919812559222,0.00027417252761547734,0.0026739135214501665,0.005856241334073471,7.677937559949574e-07,7.912829257988843e-07
624.0,6.608971768581513,6.68652939957786,6.5813845153209956,6.624994598527751,0.0027587253260517326,0.006153480105010771,1.8887821143766463e-11,1.425744891124688e-11,0.0,0.0,0.00013185632076173845,0.0002741634067123222,0.0026261287502163293,0.005878551284415562,7.402550736639175e-07,7.654138828885497e-07
625.0,6.60962477396388,6.686784099028521,6.581390379286689,6.624968831397604,0.002823439467719189,0.006181526763091486,1.9043692993062513e-11,1.5602769347577376e-11,0.0,0.0,0.000133263537188942,0.00027468124088187557,0.0026894301353575555,0.005906147509624631,7.457951726919877e-07,6.980125849786334e-07
626.0,6.609252354312421,6.686315981760783,6.581388703962735,6.624977784694474,0.0027863650349687344,0.0061338197066308844,2.0904181402630305e-11,1.397796127012175e-11,0.0,0.0,0.00013220240078781252,0.00027331436789700147,0.002653432223977141,0.005859736928602919,7.304102037809681e-07,7.684101309643047e-07
627.0,6.609839223075539,6.686466063533025,6.581388199204966,6.624972596846492,0.002845102387057412,0.006149346668653441,1.85716555661645e-11,1.3864560401625863e-11,0.0,0.0,0.00013254115156857265,0.0002730897364184273,0.0027118016023155362,0.005875500228491148,7.596331733027573e-07,7.567037438652734e-07
628.0,6.609525657076947,6.686049525758809,6.581384814159962,6.6249504062217515,0.0028140842916986337,0.006109911953705474,2.315554825156434e-11,1.542893434353619e-11,0.0,0.0,0.0001322351302819534,0.0002725767794215126,0.0026809960994930633,0.005836453007430099,8.530619236168942e-07,8.821668538607208e-07
629.0,6.609349387745424,6.6861771482373165,6.58137970286327,6.624974797653599,0.002796968488215356,0.006120235058371479,1.966322867083276e-11,1.380163416434075e-11,0.0,0.0,0.00013149615296576618,0.0002718793277130202,0.002664640271082147,0.00584753419644593,8.32064167443538e-07,8.215342125282041e-07
630.0,6.609740263266279,6.68632671851775,6.581383425533446,6.624952364878681,0.002835683773283596,0.006137435363906839,2.1760156741123993e-11,1.5858952043194383e-11,0.0,0.0,0.00013213070142009434,0.00027280003271279007,0.0027027869839172662,0.005863864668825527,7.660879462347869e-07,7.706623685208654e-07
631.0,6.60943695572473,6.685802619908783,6.581384057521253,6.62497325251454,0.0028052898203475406,0.006082936739424304,2.1428366446367158e-11,1.2974299704567386e-11,0.0,0.0,0.00013167014445071223,0.00027129975694083897,0.002672857695722232,0.005810808147102295,7.619801745970234e-07,8.288353811690345e-07
632.0,6.60984370911353,6.686252565488095,6.581382555249298,6.624955147813528,0.0028461153864232144,0.006129741767456686,1.7772370932005485e-11,1.3711185615924123e-11,0.0,0.0,0.00013171086705219778,0.0002716602247891756,0.002713642932235546,0.005857282767171508,7.615871354705144e-07,7.98775496002467e-07
633.0,6.609317918124174,6.685237527632307,6.581380922913237,6.624949122890022,0.0027936995210938623,0.0060288404742288165,2.373948851220535e-11,1.6367542808072566e-11,0.0,0.0,0.0001313266374892935,0.00027030385785622833,0.002661611586939172,0.005757758002486275,7.612966653960503e-07,7.786138863136277e-07
634.0,6.608957108591593,6.685876340300471,6.581369921889222,6.624951498008667,0.002758718670237002,0.006092484229180516,2.0297924256943612e-11,1.3085399553993977e-11,0.0,0.0,0.00013022173830311808,0.00027014554640670293,0.002627754558187556,0.005821555657694523,7.423737463273416e-07,7.830250792912831e-07
635.0,6.609147700283278,6.685540491995884,6.581374595079295,6.624940588660253,0.002777310520398358,0.006059990333563009,2.165514162124488e-11,1.6518295174279206e-11,0.0,0.0,0.0001307230000134714,0.0002702981916367337,0.0026457822640817163,0.005788749616728066,8.052563031701678e-07,9.425251982087638e-07
636.0,6.608824321422819,6.6855841967588505,6.581371071245395,6.624958945282225,0.0027453250177424606,0.0060625251476625255,2.2607765629480836e-11,1.2931153514019086e-11,0.0,0.0,0.00012984150983990473,0.00026961454951186336,0.0026146133656864533,0.005792017156739448,8.701422161026208e-07,8.934414112141179e-07
637.0,6.609445046559895,6.6859759661901865,6.581374649364936,6.62494520103953,0.002807039719495736,0.006103076515065546,1.8939425479803018e-11,1.4833494955757492e-11,0.0,0.0,0.00013071875617709055,0.00027019253767164445,0.002675459746290169,0.005832092233534571,8.61217028476982e-07,7.917438593295582e-07
638.0,6.609306673317437,6.685506509390704,6.581377791239881,6.624955002917278,0.002792888207755448,0.006055150647342613,2.321567202942499e-11,1.5170121458411152e-11,0.0,0.0,0.00013009845955317857,0.0002694220699497791,0.0026619767786837164,0.005784864719707636,8.129695185534038e-07,8.63857685198507e-07
639.0,6.609485561275226,6.6857367261799885,6.581372013197459,6.624944413694564,0.0028113548077767043,0.006079231248542433,2.0579255731006634e-11,1.299439556227966e-11,0.0,0.0,0.00013056046009419172,0.0002692926129529106,0.002680029478254272,0.005809246048195283,7.648694282401937e-07,6.925873942389861e-07
640.0,6.609751496273865,6.685982388645547,6.581381560266283,6.624943612493982,0.0028369936007581055,0.00610387761515645,2.1894685683872045e-11,1.657595322496555e-11,0.0,0.0,0.00013037490878538326,0.00026958871416687285,0.002705913239818513,0.0058336065513549164,7.054521542091708e-07,6.82349634660908e-07
641.0,6.609363359596375,6.68489051719847,6.581375152205988,6.624947217125768,0.002798820739038766,0.005994330007270281,2.0912703242631546e-11,1.2771227219058206e-11,0.0,0.0,0.00013026939810512118,0.0002680063260931461,0.0026678811327794116,0.005725565509965808,6.702081542333607e-07,7.581712113267835e-07
642.0,6.60957826569197,6.686410226608046,6.581380777393473,6.624938820766858,0.002819748829849687,0.00614714058411861,1.9131441531197596e-11,1.5191059194359386e-11,0.0,0.0,0.0001303586709676204,0.0002696218709288141,0.0026886854495314894,0.00587679264278128,7.047093505770997e-07,7.260704085163597e-07
643.0,6.609060111367896,6.684285369428611,6.581380075922237,6.624945735330986,0.002768003544565866,0.0059339634097625975,2.186142852636237e-11,1.5298430935998222e-11,0.0,0.0,0.00012988834822805602,0.0002668952572257716,0.0026374269976980097,0.005666445465942594,6.881986398003955e-07,6.226865942315003e-07
644.0,6.6090723221384975,6.686216381793768,6.58137006908652,6.624940366643605,0.0027702253051978347,0.006127601515016521,2.0464286312519255e-11,1.3154220029499422e-11,0.0,0.0,0.00012986543272994433,0.00026946537035427403,0.0026397770257645015,0.005857541951824884,5.828467033893029e-07,5.941928373627707e-07
645.0,6.609196604561762,6.685353407219941,6.581377976579804,6.624939983240316,0.0027818627981959394,0.006041342397962524,2.118628262129667e-11,1.6010154332214872e-11,0.0,0.0,0.00012992075663940988,0.0002676127030106447,0.0026514383843846273,0.005773248591745057,5.036571719015453e-07,4.811032068220201e-07
646.0,6.6091493083378205,6.6856032785965525,6.581362469704714,6.624943130450546,0.002778683863310661,0.006066014814600832,2.2115189685076094e-11,1.4309448185293674e-11,0.0,0.0,0.0001293982293451751,0.00026890135437405966,0.0026487951856199476,0.0057966181809219475,4.904483455381225e-07,4.952793048244177e-07
647.0,6.609913757228319,6.687078785208354,6.581381051105747,6.624944799098852,0.002853270612257246,0.006213398610950069,1.916755324773891e-11,1.487111595684619e-11,0.0,0.0,0.00013113600235118228,0.00026998556397170455,0.0027216302227107427,0.005942851683869052,5.043871953211182e-07,5.613631093120014e-07
648.0,6.610044613513211,6.6847351550785845,6.5813818394452515,6.624937938431251,0.002866277406795937,0.005979721664733388,2.1512383020810172e-11,1.6774142467851533e-11,0.0,0.0,0.00013086988066039358,0.00026730055631414703,0.002734866076038426,0.005711826299980345,5.414500971179171e-07,5.948084388946547e-07
649.0,6.610698516316635,6.687046253823089,6.5813925365301795,6.624955907399522,0.0029305979786453914,0.00620903464235674,2.0778774358007344e-11,1.3803293263470531e-11,0.0,0.0,0.0001330622600043523,0.0002709620840986052,0.0027969494377634153,0.005937484977997235,5.8628087762381e-07,5.875802609019085e-07
650.0,6.610818698986726,6.685969234100404,6.581401118900332,6.6249306868763735,0.0029417580086395483,0.006103854722403215,1.8430048845442285e-11,1.5691281450153084e-11,0.0,0.0,0.00013277310399500294,0.00026769508251994653,0.002808417573471381,0.0058355455075370264,5.67331173164684e-07,6.141323462403423e-07
651.0,6.6108996611289825,6.686978487895299,6.581387070424799,6.624969639251155,0.0029512590704184397,0.006200884864414477,2.1507326595180413e-11,1.6032967755945284e-11,0.0,0.0,0.0001328734831224379,0.0002717204488112807,0.0028178073495592998,0.005928562139986605,5.782377367011078e-07,6.022756165904255e-07
652.0,6.610859932964159,6.68804407381638,6.581396449734083,6.6249398966997015,0.002946348323007707,0.00631041771166786,1.8713955252066316e-11,1.3568873560552715e-11,0.0,0.0,0.0001328779011583803,0.0002703571511114226,0.002812850091909187,0.006039417912265931,6.203299401395526e-07,6.42648290505166e-07
653.0,6.610950658387245,6.685784552125756,6.581386442829791,6.624943896156453,0.0029564215557454573,0.006084065596930167,1.9161144132599262e-11,1.7072516183178588e-11,0.0,0.0,0.00013243922959414058,0.0002688767240353134,0.0028232988319591814,0.005814442702427501,6.834941921353809e-07,7.461704673526287e-07
654.0,6.610555149396527,6.686414973378427,6.581389354530037,6.624938280289015,0.0029165794866490035,0.006147669308941244,2.0938775503857607e-11,1.2685144855717827e-11,0.0,0.0,0.00013218219657207142,0.0002685706505472323,0.0027836744426599355,0.00587837790192889,7.228474169974353e-07,7.207564651216814e-07
655.0,6.61032838381091,6.684749638473497,6.5813873471933935,6.624898961758995,0.002894103661751522,0.005985067671450306,1.8057964464957913e-11,1.6332625607455143e-11,0.0,0.0,0.00013164642494282915,0.00026504977962589493,0.0027617081003935323,0.005719282473878641,7.491364151605349e-07,7.354179457701045e-07
656.0,6.60988111593046,6.685063463463676,6.581373823417543,6.624937198344623,0.0028507292512916556,0.006012626511905178,2.3111274498213794e-11,1.6810735668155216e-11,0.0,0.0,0.00013002366577870246,0.00026675887874610146,0.002719986534689369,0.005745138417409242,7.19050823584499e-07,7.292157498347154e-07
657.0,6.609449096630438,6.685105864210544,6.581370025330572,6.624890476355208,0.002807907129986641,0.006021538785533508,1.8993977925141825e-11,1.2618414450486347e-11,0.0,0.0,0.00012969762488533216,0.00026447368387672336,0.0026775012491470525,0.00575633248561707,7.0825595425681e-07,7.326160397136999e-07
658.0,6.609355017164457,6.684686356480673,6.581360562656009,6.624918859544891,0.0027994454508447207,0.005976749693578154,1.910941050637196e-11,1.767392388228855e-11,0.0,0.0,0.00012829525521424633,0.0002654601051332648,0.002670370139125736,0.00571048424379959,7.800565047387442e-07,8.053446452990743e-07
659.0,6.608487008650131,6.6840484223769465,6.581351107608534,6.624893626421431,0.00271359010415965,0.0059154795955516795,2.0478531922432307e-11,1.2565865632053854e-11,0.0,0.0,0.00012750130053623763,0.0002629711811517992,0.002585243560886056,0.0056516276293108484,8.452427373569247e-07,8.8078508903029e-07
660.0,6.608215467966483,6.683889066025661,6.581343919261051,6.624884657108501,0.0026871548705433078,0.005900440891716149,1.7500512738151786e-11,1.6224018861224225e-11,0.0,0.0,0.00012630437143824528,0.00026268085857030366,0.0025599936101241335,0.005636862178357255,8.568889809296818e-07,8.978547885897437e-07
661.0,6.607735029949218,6.683349640130928,6.581341887884281,6.6249027150189725,0.0026393142064938023,0.005844692511195612,2.303908742531686e-11,1.5316878420497393e-11,0.0,0.0,0.00012556963006519166,0.0002621602591925383,0.002512891992017279,0.005581718395950153,8.525844113321842e-07,8.138560529192713e-07
662.0,6.607594242145269,6.683691234195112,6.581332908480342,6.624870156063565,0.0026261333664928084,0.005882107813154686,1.822387877915507e-11,1.3554147569329843e-11,0.0,0.0,0.000125203999188134,0.00026094518892317707,0.002500128448442248,0.0056203688552558815,8.009188624261102e-07,7.937689756255775e-07
663.0,6.6080467322901555,6.683773505558316,6.581346439978001,6.624904158376959,0.0026700292312154456,0.005886934718135716,2.1463343181642607e-11,1.6736110911249636e-11,0.0,0.0,0.0001254727579398533,0.00026251918435739265,0.0025438069146561004,0.0056236915003784116,7.495586194915256e-07,7.240333999106956e-07
664.0,6.607829640771858,6.683364501139562,6.5813359189443545,6.624873706348039,0.0026493721827504173,0.005849079479152329,2.147389156141209e-11,1.2931096280406702e-11,0.0,0.0,0.00012538376172432775,0.0002599950030217146,0.0025232673152268585,0.005588371291276288,7.211057992306558e-07,7.131848543275382e-07
665.0,6.608378272482585,6.683929780214965,6.581346259111235,6.6248892610086925,0.0027032013371350743,0.005904051920627191,1.97552534648602e-11,1.601974139977397e-11,0.0,0.0,0.00012564656616886552,0.0002617003697960335,0.002576891381536008,0.005641734543762793,6.633894302009328e-07,6.170070683654013e-07
666.0,6.60787130078659,6.683163306697826,6.581337154605125,6.624886417702709,0.00265341461814657,0.00582768889951153,2.3699937847790818e-11,1.411120397927946e-11,0.0,0.0,0.00012491348336659308,0.0002599881792069973,0.0025279003362294957,0.005567079114696683,6.00798550481467e-07,6.21605607851023e-07
667.0,6.6078542674326615,6.683404965277641,6.581332674266443,6.62487094800967,0.0026521593166218133,0.005853401726797173,1.9221199666444876e-11,1.435895265163153e-11,0.0,0.0,0.00012469393041272524,0.00025991722150522115,0.0025268801419946964,0.005592869773781247,5.852442143918793e-07,6.147315107039018e-07
668.0,6.607963736011079,6.683581586714033,6.581338460984803,6.624888412445779,0.0026625275026274198,0.00586931742682547,2.2402468662854758e-11,1.5828673842008948e-11,0.0,0.0,0.00012437932681899305,0.0002605198919904985,0.002537479124789094,0.005608033899412694,6.690510193335129e-07,7.636354222791414e-07
669.0,6.6077904612191665,6.682655261622195,6.581329588022287,6.624860308013551,0.002646087319687948,0.005779495360864562,2.0736979570190087e-11,1.32258091020015e-11,0.0,0.0,0.0001244091621776703,0.0002581841954132897,0.0025208897527815395,0.005520505286809231,7.884047287386856e-07,8.058786420403087e-07
670.0,6.6085428241210575,6.683828735417235,6.581345274230271,6.624879607151434,0.0027197549890788097,0.005894912826580029,1.9184792076770706e-11,1.489942459420319e-11,0.0,0.0,0.00012477257920650033,0.0002599392327993016,0.002594275874396248,0.0056343129229939086,7.06535476061894e-07,6.606707868198396e-07
671.0,6.607892637191943,6.682400232016554,6.581333482793241,6.624860007862817,0.0026559154398703394,0.0057540224153736184,2.3511916747306032e-11,1.4790219736403323e-11,0.0,0.0,0.00012445904854507627,0.000257639686365716,0.002530812465362022,0.005495782732104554,6.439259632418325e-07,5.999969033485941e-07
672.0,6.607842129655426,6.683281270988437,6.58133159516765,6.624869751505778,0.0026510534487774818,0.005841151948265923,1.8493330749166623e-11,1.3546557859902499e-11,0.0,0.0,0.00012371914788431233,0.00025835796211638756,0.00252669685655393,0.005582144164711271,6.374443392391437e-07,6.498214382655516e-07
673.0,6.60744707433774,6.683314412762652,6.581327395749217,6.624863528608503,0.0026119678588523115,0.005845088415414819,2.2012442948474414e-11,1.5854204180828538e-11,0.0,0.0,0.00012357319063481894,0.000258874892724912,0.002487662702912436,0.005585409042463434,7.319653050569066e-07,8.044802264722363e-07
674.0,6.607236438066667,6.682793744651283,6.581317457269291,6.624867847327846,0.0025918980797374714,0.005792589732343777,2.0223123686323324e-11,1.3465620543775918e-11,0.0,0.0,0.00012285092442594983,0.0002575820858029744,0.002468230008592847,0.005534166898850861,8.171467186738109e-07,8.407476899414213e-07
675.0,6.608130625452648,6.684319682587377,6.5813352375650425,6.624873897998876,0.002679538788760596,0.005944578458850173,2.064120638590777e-11,1.515634330717837e-11,0.0,0.0,0.00012402224574995722,0.00025980854582901907,0.0025547422117915062,0.0056839956829840745,7.743312191323311e-07,7.742300370795495e-07
676.0,6.607954648527964,6.682572411178734,6.581326761156597,6.624862398179391,0.002662788737136852,0.005771001299934465,2.227300993304761e-11,1.4830167467572328e-11,0.0,0.0,0.00012385384041957128,0.00025723330770672343,0.002538242657045492,0.005513048616604982,6.922396717886972e-07,7.193756227590079e-07
677.0,6.608371245751642,6.683587333150504,6.581337204903912,6.624874803723874,0.0027034040847730614,0.005871252942663094,1.8473302398749673e-11,1.3577224944980473e-11,0.0,0.0,0.0001240285383769602,0.000258175364524085,0.0025787121327315215,0.005612470901344562,6.634136645791808e-07,6.066767944464325e-07
678.0,6.608069658937215,6.683186678170724,6.581329352641298,6.624849539325464,0.0026740306295917554,0.005833713884526154,2.1974180863108038e-11,1.5796292211569825e-11,0.0,0.0,0.00012404701104649858,0.0002577267520039076,0.002549318402609724,0.005575292984939816,6.652159355333962e-07,6.941475824318762e-07
679.0,6.607703408684166,6.682396255830702,6.5813265198598945,6.624875123502232,0.0026376888824271296,0.00575211323284707,2.1374910817203564e-11,1.3120567692007263e-11,0.0,0.0,0.00012317733491454128,0.00025680236077913013,0.0025138399860406596,0.0054946109248900045,6.715614719291265e-07,6.999471779364022e-07
680.0,6.608283985344013,6.684117960654971,6.581334271630838,6.624853914059102,0.002694971371317461,0.005926404659586862,1.903373842560897e-11,1.459079562008553e-11,0.0,0.0,0.0001241779382272267,0.00025850187169478825,0.002570140014296366,0.005667279044184478,6.534187938687715e-07,6.237437075961929e-07
681.0,6.607966438890182,6.681840412239933,6.581332692879514,6.624861339276001,0.002663374601066809,0.005697907296393252,2.1140741059007784e-11,1.5151338529717854e-11,0.0,0.0,0.0001238525332122515,0.000256140133077086,0.002538858439884053,0.005441062299066601,6.636279705043149e-07,7.048642495638664e-07
682.0,6.608387511161105,6.683577089168689,6.58133767535269,6.624863081532555,0.002704983580841608,0.005871400763613441,1.7844268476786312e-11,1.303625317903602e-11,0.0,0.0,0.00012399280890891166,0.00025721815304620345,0.002580299181483261,0.005613422791649991,6.915904494353886e-07,7.598189172461653e-07
683.0,6.6083641897254415,6.683239120221917,6.581334126963396,6.624839060261141,0.002703006276204505,0.005840005996077625,1.979588516576986e-11,1.6490858958523314e-11,0.0,0.0,0.00012467340553179437,0.00025740442303168106,0.002577606467193021,0.005581892032848474,7.264034796898559e-07,7.095401974713592e-07
684.0,6.6080622221853105,6.682983660744054,6.581331725148486,6.624892260123707,0.002673049703682422,0.005809140062034702,2.1345510166797564e-11,1.2780317820931895e-11,0.0,0.0,0.00012339147713109392,0.0002571809807027912,0.0025489340342933525,0.00555121870881236,7.241922579757173e-07,7.403725195516437e-07
685.0,6.608989604889112,6.68535892350227,6.581339083524061,6.624849773220516,0.002765052136505033,0.006050915028175487,1.8768568403377706e-11,1.5423438762449637e-11,0.0,0.0,0.00012541492035470192,0.0002596927543072854,0.002638850815143102,0.00579035178776363,7.86401007228829e-07,8.704861045721806e-07
686.0,6.608664003618856,6.6826614791743495,6.581343267518499,6.624893246543255,0.002732073610035839,0.005776823263109394,2.1960523029032097e-11,1.571595798043187e-11,0.0,0.0,0.00012436650068161,0.00025710363498353343,0.0026068062056942517,0.005518804702206569,9.009036599776665e-07,9.149259192908551e-07
687.0,6.609414582740299,6.68451115544989,6.581347919402272,6.624859517863211,0.002806666333802474,0.005965163758668159,1.9365020835968286e-11,1.353008813905713e-11,0.0,0.0,0.0001254516186682577,0.00025781241178885763,0.0026802772629561855,0.005706364961645612,9.374521780304492e-07,9.86385233688611e-07
688.0,6.609496947363042,6.684186339372765,6.581347090802844,6.624849481673561,0.0028149856560199422,0.005933685769920473,2.0835297086549237e-11,1.6268261144444447e-11,0.0,0.0,0.00012562727203344596,0.0002581414577915904,0.0026884852361920026,0.005674760007554886,8.731477944930363e-07,7.843045739965298e-07
689.0,6.60939686026392,6.683727712152639,6.581346809151681,6.62490056531463,0.0028050051112240393,0.005882714683801025,2.2177191924315164e-11,1.2490974033211274e-11,0.0,0.0,0.00012498867077773365,0.0002577564219328847,0.0026792523576843357,0.005624188293548218,7.640827619705377e-07,7.699683199215175e-07
690.0,6.610043015512714,6.686315037793154,6.581349000750962,6.624845357391145,0.0028694014761751893,0.006146968040200907,1.9147368375882275e-11,1.568244312527209e-11,0.0,0.0,0.00012643994536549577,0.0002604632313212059,0.002742249328325216,0.005885752623515788,7.122024844765953e-07,7.521853639131419e-07
691.0,6.6093557040159485,6.682950556611527,6.581352677092503,6.624900466145447,0.002800302692344704,0.005805009046608071,2.2417316357500798e-11,1.542888217692315e-11,0.0,0.0,0.00012523439684379247,0.00025709877670539763,0.0026743676605601742,0.005547210163847797,7.006349407373958e-07,7.001060548762565e-07
692.0,6.6092010365662235,6.684357442389661,6.581339296073305,6.624839153541686,0.00278617404929189,0.005951828884797506,1.8732491895849828e-11,1.3607865876012065e-11,0.0,0.0,0.00012491560964426974,0.00025684916412138973,0.0026605126547076066,0.005694258962332352,7.457849400139899e-07,7.207583437650553e-07
693.0,6.608700180939916,6.68302099376247,6.581334496981562,6.624837601380955,0.002736568395835448,0.0058183392381514635,2.1419854802852586e-11,1.586493845145802e-11,0.0,0.0,0.00012424013471479,0.0002556438531068141,0.0026115491534061037,0.005561920026315292,7.791077145544251e-07,7.753587293587201e-07
694.0,6.608173122925904,6.682797545977978,6.581320158536407,6.624862154468706,0.0026852964389497457,0.005793539150927138,2.279243517935197e-11,1.326859054200016e-11,0.0,0.0,0.00012262384157926286,0.0002551386483805787,0.002561916586255756,0.005537700665084046,7.560111147270514e-07,6.998374625148554e-07
695.0,6.60822547492912,6.683849338514163,6.58131593664951,6.624815782750484,0.0026909538279609488,0.00590335557636792,1.9440918021617186e-11,1.5648243696657524e-11,0.0,0.0,0.00012305182668175734,0.00025576195579272136,0.0025672599711233004,0.005646928788938621,6.420301558913573e-07,6.648316365779615e-07
696.0,6.607667209702073,6.681904449427402,6.581318132370756,6.624858451149018,0.0026349077331317373,0.005704599827838444,2.3049869473910652e-11,1.5343240243955064e-11,0.0,0.0,0.00012175722232259387,0.0002540978789069263,0.0025125718394384006,0.005449905979960966,5.786713707428667e-07,5.959689705515492e-07
697.0,6.607527697593847,6.682736306577765,6.5813047001464575,6.624814839863031,0.0026222997447390385,0.005792146671473353,1.8486732675190333e-11,1.4120500280703432e-11,0.0,0.0,0.0001216104124559486,0.00025358568483487026,0.002500146501953578,0.005537986289651201,5.428303295115657e-07,5.746969872813705e-07
698.0,6.607420348430269,6.682094096464123,6.581312843588602,6.624826153364185,0.0026107504841666753,0.005726794309993672,2.1128754957672148e-11,1.5195517747879257e-11,0.0,0.0,0.00012119037714716689,0.0002532486307240947,0.002489020982551085,0.005472973213825418,5.391244684232537e-07,5.724654441583672e-07
699.0,6.607381789983979,6.68182324082494,6.581302434421055,6.624830970301871,0.0026079355562924258,0.005699227052306736,2.177794977890283e-11,1.4302196024319064e-11,0.0,0.0,0.00012091975846400022,0.0002525601985761086,0.002486449834165227,0.005446079112152945,5.659636631986594e-07,5.877415776827185e-07
700.0,6.607553173548214,6.682920387017219,6.581307411874794,6.624812810702688,0.002624576167342082,0.005810757631453247,2.029442741403073e-11,1.47130676894083e-11,0.0,0.0,0.00012110163685925018,0.00025331236573170436,0.0025028637520886554,0.005556842760228272,6.10778394176291e-07,6.025054932701673e-07
701.0,6.607457000965813,6.6812079307265195,6.581310495908227,6.624827776628486,0.0026146505057586017,0.005638015409803489,2.0732586568661134e-11,1.4452788180854652e-11,0.0,0.0,0.00012126905633874093,0.00025182643962329135,0.0024927704095986285,0.005385506789601728,6.110398212325899e-07,6.821805784713983e-07
702.0,6.607122163333959,6.682589594542621,6.581299435061611,6.6248153840752835,0.00258227282723466,0.005777421046733721,1.8374958994111376e-11,1.4394618399855237e-11,0.0,0.0,0.00012049913999094044,0.000252452800772215,0.002461194652850698,0.005524447624781769,5.790343930220662e-07,5.20621179736319e-07
703.0,6.607090734172181,6.681499018801597,6.581309485532298,6.624810980772846,0.0025781248639881894,0.005668803802875092,2.0617603136229663e-11,1.4915738600887378e-11,0.0,0.0,0.00012090575684600145,0.00025151931050256877,0.002456690899284588,0.005416702464635751,5.282078575999952e-07,5.820277367733989e-07
704.0,6.606891978579033,6.6822437561587655,6.581294487842086,6.624832235446905,0.0025597490736946975,0.005741152071186022,1.9915559689191386e-11,1.442889320499557e-11,0.0,0.0,0.00011997867181949636,0.0002525493228812115,0.0024391997484324514,0.005487926377945185,5.706534427503798e-07,6.763703596260596e-07
705.0,6.607152882719951,6.682401952376237,6.5813054559207504,6.624806688166813,0.0025847426799200258,0.005759526420942359,2.0033445321710094e-11,1.3896723007884686e-11,0.0,0.0,0.00012073548715444537,0.00025182554174725145,0.0024634133527738824,0.005507147370816371,5.938399916976778e-07,5.535083787363645e-07
706.0,6.607162910341303,6.681546900928802,6.581300885819917,6.624824517129833,0.0025862024521385893,0.005672238379896922,2.063901628987573e-11,1.5412575246908943e-11,0.0,0.0,0.00012033713612424815,0.00025183020742237364,0.002465269753059872,0.005419783401508948,5.955629544692031e-07,6.247709655999534e-07
707.0,6.606967936408853,6.6820185970108605,6.58129847920184,6.624809401640788,0.002566945720701272,0.005720919537007291,1.8919455805501252e-11,1.4218999608750676e-11,0.0,0.0,0.00012020673299105928,0.0002507198629923188,0.0024461098962270484,0.005469492947234668,6.290914831643015e-07,7.067267803051486e-07
708.0,6.606992818453481,6.681257559333377,6.581303396742855,6.624799856121155,0.002568942171062641,0.00564577032122224,2.0013191512653755e-11,1.594835915769057e-11,0.0,0.0,0.00012008865417538379,0.000250523375732683,0.00244818271719531,0.005394602155187519,6.707996919470881e-07,6.447903020380934e-07
709.0,6.606928637476798,6.681747402408722,6.58129474352102,6.624829993973012,0.002563389395577731,0.0056917408435711485,1.9816547211624514e-11,1.5051545490258733e-11,0.0,0.0,0.00011984107204172895,0.00025101791233696566,0.0024429452041845713,0.0054400798229942105,6.031193514303809e-07,6.431082399727756e-07
710.0,6.6072592967279435,6.682226671057312,6.58130868537334,6.624797835484777,0.00259506113546051,0.00574288355725332,2.024668849689277e-11,1.4026133206166898e-11,0.0,0.0,0.00012058612670434386,0.00025084399804687463,0.002473895555689434,0.005491375671373463,5.794530667319885e-07,6.638878329812945e-07
711.0,6.607615196708561,6.681706333700451,6.581306363754598,6.6248319106851525,0.0026308832953962804,0.005687442301530005,1.962118077926769e-11,1.6428586379359756e-11,0.0,0.0,0.00012100182565934217,0.0002518006333561508,0.0025091855068435738,0.005434894466954432,6.959628933640851e-07,7.472012194208155e-07
712.0,6.60733740125808,6.68209913871762,6.581310496714288,6.624806556473189,0.0026026904543793006,0.005729258224443179,2.0414636325230422e-11,1.2553855201584678e-11,0.0,0.0,0.00012101608471121295,0.00025010560451701775,0.0024808488316817234,0.005478314487399533,8.255379863644533e-07,8.381325266278572e-07
713.0,6.607443872016435,6.681363240229001,6.581309189090027,6.624799337713897,0.002613468292640753,0.005656390251510403,1.864418967405333e-11,1.6451491689059487e-11,0.0,0.0,0.00012092173268609638,0.0002505440292566843,0.0024916765627488835,0.005404988994453042,8.699972057736452e-07,8.572278006768229e-07
714.0,6.606929068011355,6.681685962261149,6.581300091061553,6.624829816142302,0.0025628976949801756,0.005685614611884756,2.1982929154316242e-11,1.4190900101012686e-11,0.0,0.0,0.00011985798947963762,0.0002497711341034172,0.0024422127992032,0.005435041686488381,8.269062973376649e-07,8.01791292956778e-07
715.0,6.6073069999289284,6.6820442673975995,6.581307410973283,6.624785840604361,0.0025999588955644202,0.005725842679323755,1.7936202267587742e-11,1.4044334864953856e-11,0.0,0.0,0.0001204102279213732,0.00025001997667973446,0.0024788014599590683,0.005475084284566797,7.472076839794342e-07,7.384180772240395e-07
716.0,6.607622497510274,6.682214078130771,6.581303613269699,6.62484409357564,0.0026318884240575085,0.005736998455512938,2.1445320300335665e-11,1.7997779039498343e-11,0.0,0.0,0.00012032311028469073,0.0002515240644654181,0.002510846110283698,0.005484691403066717,7.192034891193237e-07,7.829879808035089e-07
717.0,6.607564331544228,6.681839446093964,6.581309917979682,6.624788313147507,0.002625441356454668,0.005705113294645848,1.88844853036337e-11,1.2070242490624245e-11,0.0,0.0,0.00012113795887747394,0.0002489208585512223,0.0025035586096923057,0.005455449308897833,7.447878848889262e-07,7.431271967933724e-07
718.0,6.607993249781848,6.682107633689143,6.5813041838390225,6.624810874227468,0.002668906594282616,0.005729675946167468,1.8683612229753898e-11,1.7236752738584473e-11,0.0,0.0,0.00012083018367423586,0.0002513174108555741,0.0025473532292535203,0.005477677247707428,7.231813548605508e-07,6.812876044661823e-07
719.0,6.607183442070095,6.6809829009733495,6.581301349526869,6.624808255005302,0.0025882092543227605,0.005617464596804802,2.1264080657124866e-11,1.2778628795035752e-11,0.0,0.0,0.00012027465289204748,0.00024780260338461125,0.002467300944009639,0.0053690220210512235,6.336574210737959e-07,6.399723689683729e-07
720.0,6.607510898481575,6.682041785242141,6.581298305671457,6.6247873898353555,0.002621259281011825,0.005725439540678861,1.678867835678503e-11,1.4908894845414024e-11,0.0,0.0,0.00011959132429581792,0.0002498475157296924,0.0025011035739048106,0.005475067022394339,5.643828111964937e-07,5.250025548303363e-07
721.0,6.607118727174805,6.681876157046706,6.581299348372166,6.6248258914273785,0.002581937880263811,0.005705026561932868,2.2560968402847745e-11,1.589317654749483e-11,0.0,0.0,0.00011918947505478282,0.0002492794323803355,0.0024622291478691846,0.005455204781286035,5.192573398437671e-07,5.423482664969823e-07
722.0,6.607245623249736,6.681803667149624,6.5812979987203795,6.624785376420964,0.002594762452935783,0.005701829072866042,1.9494087650074157e-11,1.2992402445633539e-11,0.0,0.0,0.00011921257802753642,0.0002476655988284925,0.00247504279214894,0.005453607019018968,5.070827593075588e-07,5.564550185803547e-07
723.0,6.608180107968971,6.683407035258628,6.5813031906287645,6.624812091857199,0.0026876917340205725,0.005859494340142925,2.124469631318042e-11,1.7989045103463007e-11,0.0,0.0,0.0001198754096041637,0.00025097064367069166,0.0025672799528573165,0.005607952933804183,5.363715590927087e-07,5.707626680509766e-07
724.0,6.60823014352609,6.682061338993665,6.581306699696624,6.624819935683181,0.002692344382946604,0.005724140331048379,2.338184448140847e-11,1.2936958012910168e-11,0.0,0.0,0.00012033107064299522,0.0002476371602257492,0.002571413497306748,0.005475845523857737,5.998149968601798e-07,6.576469648945125e-07
725.0,6.609676073575979,6.684443675312801,6.581318670465215,6.624824135606905,0.0028357403110764257,0.00596195397058977,1.772922432250845e-11,1.5916470199421868e-11,0.0,0.0,0.00012113912528308757,0.0002520418354584363,0.002714020897168892,0.005709293111764601,5.802886244476845e-07,6.19023366732219e-07
726.0,6.609242830323832,6.683919847754558,6.581325773732277,6.624847089023726,0.0027917056591554084,0.005907275873083132,2.31632779207e-11,1.5034119257976467e-11,0.0,0.0,0.00012137136243948084,0.0002508133734734089,0.002669737557418357,0.0056558244591833375,5.967392975709792e-07,6.380404263850872e-07
727.0,6.609757432415396,6.683611904187913,6.581328289175758,6.624827996163587,0.002842914323963818,0.005878390802432695,2.132631111339579e-11,1.3295489601848186e-11,0.0,0.0,0.0001214005561081066,0.00025026258690461476,0.0027208815651129643,0.0056274927676881956,6.322027427478796e-07,6.354478398833088e-07
728.0,6.610095593469903,6.68473031770532,6.581335822717242,6.624821564700503,0.0028759770752661276,0.005990875300481544,2.1822474684248626e-11,1.661600690900256e-11,0.0,0.0,0.0001220672110737832,0.00025161110019569354,0.002753262691182109,0.0057385877635778675,6.471730102351879e-07,6.764367079846556e-07
729.0,6.609194406625571,6.68147761849737,6.581323045139176,6.624808778571305,0.002787136148639854,0.0056668839926065605,2.2310300194615252e-11,1.393310416664302e-11,0.0,0.0,0.00012068306048341366,0.0002467187812306467,0.002665803895797187,0.0054195058225081395,6.491923592532155e-07,6.593888677753328e-07
730.0,6.608963695966279,6.683334539141405,6.581314355595672,6.624809072870504,0.002764934037060603,0.0058525466270901196,1.8761331056814727e-11,1.522648878580103e-11,0.0,0.0,0.00011975555021595301,0.0002494791369793446,0.0026445170606168413,0.005602326797446396,6.614262278091986e-07,7.406926643794006e-07
731.0,6.6075626114917645,6.68104224304705,6.5813013806814675,6.624778876633266,0.0026261230810299264,0.005626336641378385,2.3902000393686512e-11,1.609807483518924e-11,0.0,0.0,0.00011882258526272641,0.00024596873627291227,0.0025065885121004477,0.005379576625444768,7.119836667515385e-07,7.912796607060742e-07
732.0,6.607407776189928,6.681930914009427,6.581287931170191,6.624810062720492,0.0026119845019737095,0.0057120851288933565,1.921561198049292e-11,1.3828068296363808e-11,0.0,0.0,0.0001173826718142277,0.0002477174784273127,0.0024937449588325502,0.005463384092130097,8.56871326931205e-07,9.835583359468091e-07
733.0,6.607330646163048,6.682373843740836,6.581297035904998,6.624777658217845,0.002603361025804899,0.005759618552299184,2.1965142769158568e-11,1.6060339648946154e-11,0.0,0.0,0.00011869095956660217,0.00024813562802357983,0.002483790132057056,0.005510675220795901,8.799341812410788e-07,8.077034797031183e-07
734.0,6.606693800168864,6.679812985773919,6.581282248843445,6.624778680311359,0.002541155132541894,0.0055034305462560475,1.9867052637152032e-11,1.4246521391979818e-11,0.0,0.0,0.00011670528795529935,0.00024415733237089817,0.002423699629510997,0.005258559408298203,7.502150755974097e-07,7.138055869460599e-07
735.0,6.60646013811736,6.681480591644368,6.5812782266150105,6.624778724474786,0.0025181911502349685,0.005670186716957927,2.112228781203044e-11,1.4884837045963524e-11,0.0,0.0,0.00011659577610861999,0.000246717238807036,0.0024009324469323728,0.005422826646855249,6.629271939760163e-07,6.428312956412593e-07
736.0,6.606483109074556,6.679900550295585,6.581282840428737,6.624752472181635,0.0025200268645820664,0.005514807811394975,2.0779161091614723e-11,1.5334029658071666e-11,0.0,0.0,0.00011672797145965347,0.0002436727230636755,0.0024026737919946163,0.0052705458455480705,6.25101127796887e-07,5.89242783229676e-07
737.0,6.6064415832770225,6.68066113200488,6.581269400958932,6.62478157397909,0.0025172182318090857,0.005587955802579212,1.941450905144915e-11,1.5237374915127567e-11,0.0,0.0,0.00011590226975998761,0.0002451320264736012,0.002400643857006223,0.005342053526475472,6.721050428754806e-07,7.702496301391056e-07
738.0,6.606806624347643,6.68195152156252,6.581284104732372,6.624761270121994,0.0025522519615272803,0.005719025144052565,2.1159035049796163e-11,1.484564015377752e-11,0.0,0.0,0.00011716884007786476,0.00024649580064396595,0.002434390497357581,0.005471860586273311,6.926240918346298e-07,6.687571352861187e-07
739.0,6.606699255119105,6.679722329375063,6.581276554319599,6.624768232361942,0.0025422700799508148,0.005495409701312285,1.9456630025573106e-11,1.498759580166511e-11,0.0,0.0,0.00011656349979040037,0.00024357452516595823,0.0024250973233725416,0.005251273756875974,6.092567878724501e-07,5.614192703519408e-07
740.0,6.606384765220184,6.6813439274585384,6.5812720843416095,6.62476523366582,0.002511268087857597,0.005657869379271835,2.1178744624019516e-11,1.4536888585765186e-11,0.0,0.0,0.00011631706636153074,0.00024547345548551303,0.0023943834520769335,0.005411815287427708,5.675694191329533e-07,5.806363586140188e-07
741.0,6.606571044207088,6.679825504964294,6.581282257141348,6.624747835042658,0.0025288787065740038,0.005507766992163488,1.9480943344147258e-11,1.4579102537983987e-11,0.0,0.0,0.00011683844798514816,0.00024316727792730712,0.0024114194249018257,0.005263945143902383,6.208336870301494e-07,6.545703337966174e-07
742.0,6.606346445046857,6.680768608028303,6.581267729540141,6.624780512325625,0.0025078715506715605,0.005598809570268057,1.977411313177431e-11,1.5189820140931386e-11,0.0,0.0,0.00011587533362951483,0.00024490604160364883,0.0023913290327497185,0.005353206838242965,6.671842923270895e-07,6.96690421443067e-07
743.0,6.606624771841223,6.681179986839078,6.581277733439871,6.624745406924042,0.002534703840135206,0.005643457991503535,2.0214326060043503e-11,1.4804000420119875e-11,0.0,0.0,0.0001168272972434575,0.00024472203128070844,0.002417183624007281,0.00539801442905559,6.929188844676043e-07,7.215311672366295e-07
744.0,6.606365536263352,6.679863346801162,6.581272611398525,6.624772818032333,0.0025092924864824873,0.005509052876882933,1.8936508821295425e-11,1.5460668399817392e-11,0.0,0.0,0.00011602988332181731,0.00024375605622394382,0.002392575208791306,0.005264595103524152,6.873943693643662e-07,7.017171348371059e-07
745.0,6.606080643030841,6.680369970092421,6.581266700790731,6.624746541092392,0.002481394224011004,0.005562342900002871,1.9393052783161448e-11,1.4931009850549342e-11,0.0,0.0,0.0001158355188397521,0.00024327679631564952,0.0023649017947639356,0.005318412864382008,6.569104073160689e-07,6.532393052158761e-07
746.0,6.605941007025224,6.679097554656112,6.5812720674979905,6.62474040587724,0.002466893952723208,0.005435714877887183,1.9409954962828178e-11,1.4301464924017238e-11,0.0,0.0,0.00011546696226296024,0.00024156953607408008,0.0023507982053222356,0.005193517388753517,6.287851380122158e-07,6.279530595866465e-07
747.0,6.605756823762192,6.679884827825101,6.581260940179094,6.624763899594828,0.0024495883583096705,0.005512092823027233,1.918042206401193e-11,1.5301112796493615e-11,0.0,0.0,0.00011478002166929446,0.0002427404864341411,0.002334198015531936,0.00526870275206662,6.103211084398927e-07,6.495845264725643e-07
748.0,6.605980447649793,6.680046441566011,6.581267565243602,6.624734673886664,0.002471288240619175,0.005531176767934854,2.17692488020259e-11,1.4083004693408657e-11,0.0,0.0,0.00011530672020616894,0.00024221941944546296,0.0023554037724546235,0.005288357948715277,5.77747958382525e-07,5.993997741159345e-07
749.0,6.605832112871878,6.67940562989972,6.581266203398857,6.624761035519988,0.002456590947302094,0.0054644594379733595,1.9415741327612853e-11,1.5083695160534976e-11,0.0,0.0,0.00011492956624926717,0.00024222504127389353,0.002341054902881481,0.00522162285328417,6.064781713456116e-07,6.11543415295401e-07
750.0,6.605745516270107,6.67980810521154,6.581261786386684,6.624738303479697,0.0024483729883422586,0.005506980173184188,2.1680178317811744e-11,1.5526375426678977e-11,0.0,0.0,0.00011482490949801433,0.00024151871646986006,0.0023329065420061293,0.005264804750024127,6.415368381152395e-07,6.567066902015005e-07
751.0,6.60553667061262,6.678515889372884,6.581267376414151,6.624732794634095,0.002426929419847019,0.005378309473879088,1.9732630247313925e-11,1.3691460489042865e-11,0.0,0.0,0.000114737324476617,0.0002400854715934784,0.0023115791143883757,0.005137643364112653,6.129809820261316e-07,5.806381729551619e-07
752.0,6.605355180648022,6.679480074927626,6.581255797319963,6.624752860500463,0.0024099383328060513,0.005472721442716163,1.8123065760135068e-11,1.467214639706187e-11,0.0,0.0,0.00011373140639239523,0.0002411699512279227,0.0022955591029111145,0.005230819127232506,6.478235025418349e-07,7.323642557332528e-07
753.0,6.605475940059089,6.679340299234351,6.5812626102448775,6.624725768621678,0.0024213329814210386,0.005461453061267472,2.2324549935166197e-11,1.3255737381138131e-11,0.0,0.0,0.0001144606468667936,0.00024042424099099475,0.002306155806309309,0.005220254271804173,7.165282449361755e-07,7.745484723031167e-07
754.0,6.605355068793426,6.679191078219034,6.581257349771959,6.624756036846995,0.002409771902146681,0.005443504137203813,1.7459077507602385e-11,1.4680557291783453e-11,0.0,0.0,0.00011345715428470499,0.0002407795669245457,0.0022955091827483367,0.005201843564616592,8.055651136392345e-07,8.810056626737813e-07
755.0,6.605635644652116,6.6799445199317224,6.581261211616358,6.6247304703798395,0.002437443303575728,0.005521404955188217,2.0844410360348027e-11,1.49653359891172e-11,0.0,0.0,0.00011433244175299423,0.00024077644823177404,0.002322209779612912,0.005279756996798307,9.010822098222918e-07,8.715101581356189e-07
756.0,6.605528133791794,6.678617934064554,6.581264213275071,6.624738724722792,0.0024263920516722267,0.005387920934176196,2.072237593468327e-11,1.3869382617483821e-11,0.0,0.0,0.00011395176266447971,0.00023917497618195627,0.002311570893870077,0.005147904364578891,8.693951376695822e-07,8.415934153484596e-07
757.0,6.605969542447485,6.680119184952376,6.58126125616278,6.62474544896306,0.002470828628470485,0.0055373735989314825,1.8537299031756714e-11,1.547547099271232e-11,0.0,0.0,0.00011395729993363341,0.0002407145087208386,0.0023560610440757942,0.005295801595532514,8.102844610567834e-07,8.574946781295061e-07
758.0,6.606212637057324,6.680223498841096,6.581272521021906,6.624746220549556,0.0024940116035417855,0.005547727829154201,2.458218269982596e-11,1.3327337676566007e-11,0.0,0.0,0.00011499545021585782,0.0002411732294490561,0.002378283572161079,0.005305863778452702,7.325811648482936e-07,6.908212524426208e-07
759.0,6.606838486474053,6.680739543520878,6.581274837922685,6.624769681246095,0.0025563648551368344,0.005596986227478533,1.7558176651174575e-11,1.5269136337302606e-11,0.0,0.0,0.00011483853944300889,0.00024143911456759242,0.0024408041244948363,0.005354777066883682,7.221911989894354e-07,7.700460272594925e-07
760.0,6.607820675926387,6.682843297303037,6.581298223918692,6.624765086157817,0.0026522452007694307,0.005807821114522096,2.239225603890187e-11,1.4553166648382644e-11,0.0,0.0,0.00011740139364219681,0.0002448589589169808,0.0025340447587584537,0.005562124827197446,7.990483687803795e-07,8.373284076715145e-07
761.0,6.6086871019771625,6.680889375555439,6.5813155528098255,6.624780948652825,0.0027371549167338177,0.0056108426902614465,2.1736189339689174e-11,1.3943722150622055e-11,0.0,0.0,0.0001182314667983045,0.00024159570366185615,0.0026181137090572483,0.005368419399121278,8.097408782652407e-07,8.27587478311118e-07
762.0,6.6097531520719315,6.683106330667847,6.581321754507634,6.624769530410706,0.0028431397564299015,0.005833680025713787,1.8729285396863144e-11,1.548319330414629e-11,0.0,0.0,0.00011937623287267601,0.00024410237381767855,0.0027229924372239762,0.005588857253541502,7.710863332499884e-07,7.203983546055377e-07
763.0,6.609029899687898,6.681459022662325,6.5813153378198805,6.624777243100222,0.0027714561868017996,0.005668177956210151,2.3820192244298743e-11,1.4116157697351055e-11,0.0,0.0,0.00011885274069219511,0.0002433891008717834,0.0026518448540257095,0.005424058059459106,7.585920838945417e-07,7.307958792610528e-07
764.0,6.608724894843339,6.682951769736146,6.581295870725681,6.6247812496609395,0.0027429024117657107,0.005817052007520699,1.750856661616334e-11,1.4392513286488622e-11,0.0,0.0,0.0001172544255241738,0.00024326894967693994,0.0026250034044955585,0.005573124588595561,6.445817459790927e-07,6.584692481977463e-07
765.0,6.608637502705421,6.683393491448575,6.581303275653692,6.624776419358561,0.002733422705173061,0.005861707209001364,2.3122615570282888e-11,1.6877740937788766e-11,0.0,0.0,0.00011846233426330449,0.00024626273539144367,0.0026143494144893367,0.005614796979154906,6.109564204203859e-07,6.474944550145116e-07
766.0,6.608963228149495,6.681898769323319,6.581307489481002,6.624796764296857,0.002765573866849209,0.00571020050264641,2.3403032042432692e-11,1.2964396569454218e-11,0.0,0.0,0.00011853625203327216,0.00024374739738018875,0.0026463920464699876,0.0054657566931631775,6.455683459497205e-07,6.964121030431829e-07
767.0,6.609239451604646,6.683651710890651,6.58131484709999,6.6247739651645885,0.002792460450465612,0.005887774572606021,1.8303252493922802e-11,1.5577905420542483e-11,0.0,0.0,0.00011982349982286851,0.0002457379279163746,0.0026720391030484627,0.005641467364812865,5.978475942808613e-07,5.692798767806839e-07
768.0,6.608961877948198,6.680996191702519,6.581320139997136,6.624806736105122,0.002764173795106001,0.005618945559739848,2.4830323576028812e-11,1.571057730443814e-11,0.0,0.0,0.00011911128253870693,0.000244645092482736,0.0026445736887654304,0.005373834808183704,4.888238018644132e-07,4.6565907340802517e-07
769.0,6.608828037130381,6.6835744737382194,6.581305204749633,6.624784389947284,0.0027522832380748995,0.005879008379093582,1.9666198132985062e-11,1.36700958064959e-11,0.0,0.0,0.00011960224388760253,0.0002462352360159098,0.002632245878025968,0.005632316234614119,4.3511616132957564e-07,4.569084635545019e-07
770.0,6.6087821005497265,6.682299826738757,6.581316664245194,6.624817545209514,0.0027465436304533668,0.005748228152924344,2.2226969517307774e-11,1.7990581006508377e-11,0.0,0.0,0.00011918545353327095,0.00024689774159710186,0.0026269359771257978,0.0055008534054932605,4.221997942986052e-07,4.7700583397994e-07
771.0,6.608566854977909,6.680666403303848,6.581306436783887,6.624763760515036,0.002726041819402268,0.005590264278881111,2.2418814712699393e-11,1.2976033452181175e-11,0.0,0.0,0.00011930612579067963,0.0002425874553123934,0.0026063079874000085,0.005347233767963969,4.277062115799744e-07,4.4305560474728596e-07
772.0,6.607593699799455,6.681828481521012,6.581289221302898,6.624750912675371,0.002630447849655768,0.005707756884564026,1.9466812346632556e-11,1.6231837437377487e-11,0.0,0.0,0.00011741985466707594,0.00024304568404505414,0.0025126162019964856,0.005464298082776443,4.1179299220650315e-07,4.131177425302279e-07
773.0,6.607514186845813,6.679504414603052,6.581295174696336,6.624778528494584,0.002621901214947797,0.005472588610847018,2.3316577220194828e-11,1.6279020271716285e-11,0.0,0.0,0.00011669256972694355,0.00024134052396025557,0.002504779820514577,0.005230756242935432,4.2882470627630487e-07,4.918439513320876e-07
774.0,6.6068510908723885,6.681022738419033,6.581278089514584,6.6247403985842865,0.0025573001357804825,0.005628233983474792,2.0311671890884144e-11,1.3807292356731936e-11,0.0,0.0,0.000116377107240982,0.00024216215529697157,0.0024404192773399653,0.005385530408586274,5.037511995356698e-07,5.414195915458461e-07
775.0,6.606367966334487,6.679829926830924,6.581270900952044,6.6247611912672575,0.002509706538244281,0.00550687355636657,2.197187617321967e-11,1.8106587808658892e-11,0.0,0.0,0.00011438549368612206,0.00024063245727416955,0.0023947439082699267,0.005265623088906002,5.77136288232445e-07,6.180101863974684e-07
776.0,6.606057345819803,6.678907065720988,6.581257909885161,6.624729714471987,0.0024799435934641395,0.0054177351249000815,2.3567227442774193e-11,1.4604136646281618e-11,0.0,0.0,0.00011375118159550728,0.00023903993760555496,0.0023655199048759953,0.005177937568884425,6.725069926366407e-07,7.576184101012211e-07
777.0,6.605316015777828,6.679291808193132,6.581241475736451,6.6247029348764,0.0024074540041377386,0.00545888733167299,1.954495705600349e-11,1.502447589662613e-11,0.0,0.0,0.0001121335881341148,0.00023741798955317334,0.0022945621509121413,0.005220679218713934,7.58265091482587e-07,7.901234058840954e-07
778.0,6.605178329167415,6.678057960994376,6.581237997973281,6.624718771796743,0.0023940331194134998,0.005333918919763362,2.111314011890553e-11,1.6100624329400907e-11,0.0,0.0,0.00011112115781890467,0.00023673929718710207,0.0022821990587276564,0.0050965050154251025,7.129028669387515e-07,6.746071511561128e-07
779.0,6.604884775696627,6.678601725299303,6.581230707101612,6.624702173360456,0.00236540685950136,0.005389955193884858,2.158798603364362e-11,1.4200137651463814e-11,0.0,0.0,0.00011109655328815945,0.000236696919175503,0.0022536602088068557,0.005152622985019855,6.500974063449e-07,6.352896895008962e-07
780.0,6.604953359166027,6.678845970799566,6.581235344235486,6.624702351076751,0.0023718014930541086,0.005414361972281742,1.9911170440969774e-11,1.5942556326668886e-11,0.0,0.0,0.00011069575600015572,0.00023618806248435243,0.0022604482264754096,0.005177531578167257,6.575105785432113e-07,6.42331630130888e-07
781.0,6.605307498056884,6.678272916243682,6.58123088478777,6.624715461692436,0.0024076613269113844,0.005355745455124496,2.0692499449924887e-11,1.5653462505211235e-11,0.0,0.0,0.00011109266269070503,0.00023662670858480358,0.002295872150863359,0.005118454959393765,6.965133573199107e-07,6.637871459262934e-07
782.0,6.605071423363808,6.679257275596483,6.581234642424981,6.6246891273326005,0.0023836780938826223,0.005456814826388284,1.9704824665229063e-11,1.3762748580416901e-11,0.0,0.0,0.000110992668832697,0.00023604908659049682,0.002271984825596113,0.005220046487635726,7.005994538125699e-07,7.192521620612309e-07
783.0,6.605293881013044,6.678132376341226,6.5812310344972795,6.62471016852956,0.0024062846515764892,0.00534222078116655,1.9483349559044732e-11,1.625025958205094e-11,0.0,0.0,0.00011097451201481309,0.00023600919368421233,0.00229459318587577,0.0051054258640322,7.169536859063446e-07,7.857234501370994e-07
784.0,6.604882011468539,6.678586460302836,6.581227783371493,6.624694872910692,0.0023654228097045897,0.0053891587392144655,2.113635802756782e-11,1.4310390515862723e-11,0.0,0.0,0.00011059715445893316,0.00023554382891896592,0.002254140826241117,0.005152977258315159,6.848290045395625e-07,6.376519803402211e-07
785.0,6.604998110714835,6.678648786257107,6.581231311083372,6.62469047813486,0.0023766799631462034,0.005395830812224917,1.9171428375229938e-11,1.4524835696659577e-11,0.0,0.0,0.00011066755136673762,0.00023539430176103575,0.002265388168419377,0.005159782475833672,6.242433600884031e-07,6.540346302095894e-07
786.0,6.605217885950327,6.678577565514241,6.581227293903748,6.624718802356376,0.002399059204658061,0.005385876315786777,2.111005629367477e-11,1.5930840379968678e-11,0.0,0.0,0.00011065457490499461,0.0002359380588055631,0.002287737636478176,0.005149227645403359,6.669932748906064e-07,7.106115778535231e-07
787.0,6.605097466212609,6.6791156204274635,6.581234424940159,6.624675088019473,0.002386304127245071,0.005444053240799092,1.9991273797863307e-11,1.3485524539141871e-11,0.0,0.0,0.00011087069636928621,0.00023531855084473502,0.00227472504301933,0.00520797618977509,7.083878564547213e-07,7.58500179268479e-07
788.0,6.605555390198494,6.678735202700774,6.581231438093132,6.624722785446135,0.002432395210536186,0.005401241725463927,1.8361120227903095e-11,1.6033633607986757e-11,0.0,0.0,0.00011114639301520615,0.00023624056872012273,0.002320548255147394,0.005164250053376986,7.005623735863257e-07,7.51103366819339e-07
789.0,6.605236484158354,6.678910418481126,6.581235147535831,6.624680050879438,0.002400133662252249,0.0054230367601691325,2.18619518251831e-11,1.4306911105316148e-11,0.0,0.0,0.0001112841305938868,0.00023516884831873902,0.002288124671077389,0.005187105312832423,7.248605809729676e-07,7.625990179702985e-07
790.0,6.605561771119742,6.678883969786729,6.581234755060738,6.624702504302473,0.002432701605900318,0.00541814654842578,1.942243828521829e-11,1.3645749469210279e-11,0.0,0.0,0.00011168908845655197,0.00023592251793387982,0.0023202082190392002,0.005181398352790408,8.042984045655587e-07,8.256777014903801e-07
791.0,6.605745863124291,6.67935517786663,6.581239433792744,6.624712015907512,0.0024506429331548783,0.005464316195911837,2.0501500539131653e-11,1.5019888049848298e-11,0.0,0.0,0.00011195394198581108,0.00023599566491757612,0.0023378742533913853,0.00522753525589569,8.147377776817468e-07,7.852750985704627e-07
792.0,6.605922046864002,6.679545935806446,6.581239415445512,6.624687357286755,0.002468263141849116,0.005485857851969081,2.1801283020133918e-11,1.4174656266829118e-11,0.0,0.0,0.00011221063945054218,0.00023647235278690643,0.0023552361758025888,0.005248439520024597,8.163265959849432e-07,9.459791575769303e-07
793.0,6.606358048769337,6.6798342425314585,6.581242832612221,6.624733769504973,0.002511521615711589,0.005510047302648654,1.8178919748648326e-11,1.4347702287143861e-11,0.0,0.0,0.00011218527369107261,0.00023640695785710777,0.0023984791050699213,0.005272787876094048,8.572369505948961e-07,8.524686974983138e-07
794.0,6.606605447790443,6.680525012202317,6.581249670135016,6.624685851900505,0.0025355777655427974,0.005583916030181157,2.3020299149620335e-11,1.4594085238771488e-11,0.0,0.0,0.00011295513416331912,0.00023731168122920635,0.0024217531711737293,0.005345812206751154,8.694602057492661e-07,7.92142200795512e-07
795.0,6.607399452973105,6.680237648145597,6.581257844103527,6.624734159162308,0.0026141608869578678,0.005550348898328897,2.111583872572531e-11,1.297552932384488e-11,0.0,0.0,0.00011415772356105292,0.00023714788858331638,0.0024992066059309564,0.005312376289820981,7.96557465858468e-07,8.247199245980702e-07
796.0,6.608346602800765,6.681597738975924,6.581277494494355,6.6247148887453005,0.0027069108306411243,0.005688285023062225,1.854927099154201e-11,1.4357069543727975e-11,0.0,0.0,0.00011589289196019456,0.00023864241136912532,0.0025902646673289587,0.005448889633127988,7.532713519712358e-07,7.529785651120528e-07
797.0,6.6088759398728865,6.6815524916643,6.581272607084558,6.624725530742325,0.002760333278832713,0.005682696092197438,2.2599773394232658e-11,1.465161764731574e-11,0.0,0.0,0.00011684199476537366,0.0002406461368407479,0.0026427476847733482,0.005441291304496234,7.435992939908727e-07,7.586508604563294e-07
798.0,6.608719164247912,6.682514716030788,6.58127337939816,6.6247419841551265,0.0027445784849750954,0.005777273187566236,1.825789665485674e-11,1.2057351453556142e-11,0.0,0.0,0.00011613217991062922,0.00023917491067488217,0.002627757839537003,0.005537440896249818,6.884655274626618e-07,6.573806415377205e-07
799.0,6.609327672614086,6.683340324874794,6.581271262421565,6.624713947640187,0.0028056410192520333,0.005862637723460661,2.1933952656368962e-11,1.9176155804042932e-11,0.0,0.0,0.00011713834213740433,0.00024308496316884716,0.0026878360679572044,0.005618872293118512,6.666091574235961e-07,6.80467173302713e-07
800.0,6.6091746743513875,6.681625421375064,6.581277536844051,6.624765179651314,0.002789713750733557,0.005686024172374979,2.3228299927986878e-11,1.2208981438619273e-11,0.0,0.0,0.00011673740775261064,0.00023857952148295244,0.0026723286284274154,0.005446764666095016,6.47714553530023e-07,6.799847970110799e-07
801.0,6.609450142092068,6.682408421599142,6.5812845433761,6.62471405730371,0.002816559871596779,0.005769436429543329,1.628210283588765e-11,1.6313388223189276e-11,0.0,0.0,0.0001166966343829408,0.00023943707338596766,0.0026992434218813333,0.005529387621479294,6.198153325051231e-07,6.117346780655681e-07
802.0,6.608365938751372,6.680219534689609,6.581264418483889,6.624722881250684,0.002710152026748337,0.0055496653438924445,2.3544015093481065e-11,1.5885419753205926e-11,0.0,0.0,0.00011507680400590955,0.0002373923816162823,0.0025943857261463,0.0053114829594180105,6.894965961274678e-07,7.900028581523595e-07
803.0,6.607614116010693,6.681512212412163,6.581258198682581,6.624718988424602,0.002635591732811261,0.005679322398755883,2.0649199676489076e-11,1.2252838809574672e-11,0.0,0.0,0.00011363734909330493,0.00023699418569681914,0.0025212915022306166,0.005441668590884844,6.628814873397082e-07,6.596221742205771e-07
804.0,6.607603108838085,6.680608768337472,6.581250916854568,6.624702718708842,0.002635219198351777,0.005590604962863212,2.2374540311072934e-11,2.1341820613722615e-11,0.0,0.0,0.0001134949766854764,0.00023797150361832075,0.0025211134384930467,0.005352057686168152,6.107831732535499e-07,5.757730767389787e-07
805.0,6.606264644548199,6.6790650172903865,6.581240319137849,6.624713210519448,0.0025024325410351045,0.005435180677093592,2.3706899371059472e-11,1.3191144288594598e-11,0.0,0.0,0.00011149953842640192,0.00023477128074882959,0.0023903580561535965,0.005199800679886901,5.749464551061118e-07,6.087164578608981e-07
806.0,6.6056773506180235,6.679630699289301,6.581232393707223,6.624684108758274,0.0024444956910800223,0.005494659053102966,1.96900538193144e-11,1.6431660973528425e-11,0.0,0.0,0.00011045874398402801,0.00023496438211400542,0.002333458307283537,0.0052590726950524636,5.786398124571647e-07,6.219759364975544e-07
807.0,6.605398981178137,6.677826253239133,6.5812303507040895,6.624701747089849,0.002416863047404776,0.005312450614928459,2.3580853177246125e-11,1.8296277458653387e-11,0.0,0.0,0.00010956643708139153,0.00023292252953579723,0.002306615393187905,0.005078829374237444,6.812171354796598e-07,6.987111552179486e-07
808.0,6.604770801051032,6.678618733520227,6.5812211999994314,6.624678408037845,0.0023549601051599325,0.005394032548238315,2.1218585574283875e-11,1.3092402609236886e-11,0.0,0.0,0.00010887384528147944,0.00023309540792224132,0.0022454110803786405,0.005160282424327305,6.75179499813039e-07,6.547159887669584e-07
809.0,6.604773150987801,6.677979102724554,6.581224306522865,6.624688307049885,0.002354884446493649,0.005329079567466937,2.0977998787650607e-11,1.9223804715567256e-11,0.0,0.0,0.00010861607096401032,0.0002325905807634825,0.0022456401892481203,0.005095856521392482,6.28186281518731e-07,6.324653109708463e-07
810.0,6.604363445668274,6.677341949270571,6.5812171864253814,6.624677878031308,0.002314625924289297,0.005266407123926231,2.5427745416310445e-11,1.3254658209863221e-11,0.0,0.0,0.00010794954043188233,0.0002315424837490605,0.002206054316016928,0.0050342753304157195,6.220678404864156e-07,5.893097614518226e-07
811.0,6.604407652118058,6.678457810074989,6.581218178978635,6.624670474370158,0.0023189473139424354,0.005378733570482976,1.972154128887754e-11,1.530125953083921e-11,0.0,0.0,0.00010837229936096146,0.00023239354239528378,0.0022099774678100846,0.005145716785217852,5.975467713893113e-07,6.232428698398597e-07
812.0,6.604371117681108,6.677170524498353,6.581217295913685,6.624688666143523,0.0023153821767422484,0.00524818583548281,2.2007148460029746e-11,1.7335149698975275e-11,0.0,0.0,0.0001077480053933589,0.00023140962189308813,0.0022070468335321945,0.0050161542116297555,5.873378166951749e-07,6.220019599661297e-07
813.0,6.60425407553658,6.678016105409041,6.58121622326045,6.624673573745183,0.0023037852276128644,0.005334253166385825,2.0508054381643744e-11,1.3692175153817709e-11,0.0,0.0,0.00010812520481475264,0.0002321504583563917,0.0021950672008384862,0.0051015509819263985,5.92821959625443e-07,5.517261030345379e-07
814.0,6.6042618167485365,6.6775814018444635,6.581218905144254,6.6246736812053655,0.0023042911604281924,0.00529077206391,2.0151482614910424e-11,1.791540811317506e-11,0.0,0.0,0.00010783355965619829,0.0002309932433881172,0.0021958630187517503,0.005059142203989155,5.945820202439423e-07,6.366165327279474e-07
815.0,6.604189944383921,6.677088476061839,6.5812108043398245,6.62467519561703,0.002297914004409764,0.005241328044480973,2.479517726559975e-11,1.3131353563530446e-11,0.0,0.0,0.0001074831032959852,0.00023092250796924273,0.002189856805407002,0.005009826449412592,5.740957067770027e-07,5.790870991370647e-07
816.0,6.604422825057726,6.678255098111037,6.581219508621586,6.624658299797577,0.002320331643613955,0.005359679831345985,1.9529628840856675e-11,1.522306185693448e-11,0.0,0.0,0.00010834442972740463,0.00023132619831543443,0.0022114143389932108,0.005127781084813874,5.728748933388526e-07,5.725482166765624e-07
817.0,6.604406982443863,6.677331584693531,6.581213391062151,6.624682082496933,0.0023193591381713303,0.005264950219659971,2.179532039349365e-11,1.523481879324657e-11,0.0,0.0,0.00010770836238779903,0.00023096872969665652,0.002211088074197092,0.005033310816258677,5.627015864392896e-07,6.706737046367567e-07
818.0,6.604675620065627,6.67797176793972,6.5812206086830125,6.624671736130932,0.002345501138261375,0.005330003180878773,2.0235834649838784e-11,1.4061019342880705e-11,0.0,0.0,0.00010869362306033234,0.00023163563967241654,0.002236191821903002,0.005097712728415258,6.156932980407606e-07,6.548127910974272e-07
819.0,6.604632287469029,6.678382162066198,6.581223219454629,6.62467157900948,0.00234090680143997,0.005371058305672013,2.0095317340233223e-11,1.5674803150401898e-11,0.0,0.0,0.00010838875542197514,0.00023139829904179318,0.00223185711330675,0.005138984427472797,6.609327112449361e-07,6.75579157422139e-07
820.0,6.605076530450109,6.677770252303588,6.581219878195757,6.6246866682140775,0.0023856652254352355,0.005308358408950831,2.2145329792942192e-11,1.4025244349088681e-11,0.0,0.0,0.00010865862309692755,0.00023160171576872444,0.0022764236599519807,0.0050761878855519384,5.829423863272123e-07,5.688076301677204e-07
821.0,6.605373042472284,6.679449276845981,6.581231607323819,6.62465673989523,0.002414143514846573,0.005479253695075172,1.960600655017981e-11,1.484752965017324e-11,0.0,0.0,0.00010962546375991232,0.00023227162152822107,0.002304003304691673,0.005246461437150744,5.14746394987771e-07,5.206363962045935e-07
822.0,6.6058119618384925,6.678774959728397,6.581226604082193,6.624702259160661,0.002458535775629768,0.005407270056773753,2.2724069351597174e-11,1.4323483155326623e-11,0.0,0.0,0.00010966341156729101,0.00023278146258185842,0.0023483805754902607,0.005173968870835029,4.917885722157285e-07,5.197233568641659e-07
823.0,6.606433128006404,6.679292019043478,6.581244256894139,6.624679937775129,0.002518887111226362,0.00546120812683494,2.031589726123723e-11,1.4662983429084182e-11,0.0,0.0,0.00011127814282712163,0.00023317003399537034,0.0024071257416543013,0.005227523848405815,4.83226744938707e-07,5.142444337543601e-07
824.0,6.606249686278061,6.680183470840039,6.581244210652766,6.624698406298192,0.0025005475625295088,0.005548506454184678,2.162795567406005e-11,1.393956476578636e-11,0.0,0.0,0.00011112300885991213,0.00023401153073095604,0.002388907238831729,0.005313884413899168,5.173148378675617e-07,6.105095545545946e-07
825.0,6.606881428527494,6.679205857161304,6.581248276303467,6.624707748831353,0.0025633152224026875,0.0054498108329949805,2.1349214637791855e-11,1.3727154683645935e-11,0.0,0.0,0.0001114696760004826,0.0002332482270589722,0.002451229392245439,0.005215867612818348,6.161541567659051e-07,6.949931176590409e-07
826.0,6.60662666195712,6.680850725044011,6.581251637929613,6.624669892702184,0.0025375024027506133,0.005618083234182721,2.2036237609029476e-11,1.4308669934208138e-11,0.0,0.0,0.00011158572757307802,0.00023429741654459158,0.00242524205756357,0.0053831953806229215,6.746176139652845e-07,5.904370152076668e-07
827.0,6.607070465756267,6.679910673501659,6.5812416892898,6.624717954352176,0.002582877646646826,0.005519271914948391,2.2642505794049674e-11,1.3251265318426664e-11,0.0,0.0,0.00011125810310919727,0.00023355089675042092,0.002471038106710465,0.0052851450935739895,5.814368271636621e-07,5.759246239806016e-07
828.0,6.607264091265546,6.680004077507491,6.581253042601354,6.624672375525496,0.0026011048664191833,0.005533170198199553,1.915627772656461e-11,1.5292864532102242e-11,0.0,0.0,0.00011188462327790074,0.00023346195080708012,0.002488695828937158,0.005299153566785838,5.244142041246402e-07,5.546806066353614e-07
829.0,6.6068652196516044,6.68003441849918,6.581246573473116,6.624706931010413,0.0025618646178488993,0.0055327487488764935,2.2368028423814125e-11,1.3883911725294349e-11,0.0,0.0,0.00011150654133917982,0.00023340524750470253,0.0024498297377511013,0.005298796658342945,5.283387586171954e-07,5.468430288471152e-07
830.0,6.606978252945317,6.679254421613548,6.5812513934945285,6.624694504782162,0.002572685945078689,0.005455991683138686,1.9559212715518748e-11,1.3930577182621681e-11,0.0,0.0,0.00011109674598572401,0.00023225501925306012,0.002461057083164338,0.005223133136574341,5.321159286267904e-07,6.035273112853033e-07
831.0,6.606213208240705,6.679686090162718,6.581247082980042,6.624673328175304,0.0024966125260661265,0.005501276198741436,2.25659248333991e-11,1.5202342121545258e-11,0.0,0.0,0.00011066330520734996,0.00023280858388581932,0.002385393203892982,0.005267904706068725,5.56016965794478e-07,5.629087868923601e-07
832.0,6.606220219641865,6.6789961196112095,6.5812364594206825,6.624702145786289,0.002498376022118318,0.005429397382492124,2.08410271466692e-11,1.272697530888163e-11,0.0,0.0,0.0001096688506224131,0.00023121852902576386,0.0023880911641333213,0.005197551147692379,6.160073625843317e-07,6.277057739822926e-07
833.0,6.6062072261779035,6.679259637109509,6.581240028915905,6.624661222836031,0.002496719726199713,0.005459841427347931,1.9573879864418248e-11,1.5894535231764527e-11,0.0,0.0,0.00010988558610805968,0.00023186135939648776,0.0023859900215454834,0.005227028164917067,8.441185461698523e-07,9.51903034376333e-07
834.0,6.606009470623109,6.678459147384242,6.581232455110031,6.62469103068567,0.0024777015513078177,0.005376811669857218,2.3654448877797687e-11,1.4016249050277303e-11,0.0,0.0,0.00010951334394094709,0.00023060901025257502,0.0023670787411130398,0.0051450934813619155,1.1094662538309057e-06,1.109178242727287e-06
835.0,6.605944187530426,6.678885453277819,6.581235580094427,6.624668967274528,0.002470860743599628,0.005421648600329241,1.9087165361370744e-11,1.4110772350263076e-11,0.0,0.0,0.00010909466127571825,0.00023070327006686778,0.002360808104831642,0.0051901149862377685,9.57977492267971e-07,8.303440246045409e-07
836.0,6.605625779274076,6.678509390055714,6.581236210703868,6.62467001963001,0.00243895685702068,0.005383937042570635,2.3227548775515493e-11,1.694318263627476e-11,0.0,0.0,0.00010947524624066823,0.000231266422141349,0.002328742282736147,0.005152046100756154,7.393280438651887e-07,6.245196731317097e-07
837.0,6.605502432286666,6.678391486160283,6.581231163650711,6.6246847225930905,0.0024271268635955895,0.005370676356719269,2.0960220129822998e-11,1.2434677880924974e-11,0.0,0.0,0.00010863836739780693,0.0002300801937161489,0.002317837777102823,0.00513995429967369,6.507190949598608e-07,6.418633294316132e-07
838.0,6.605720202899792,6.679045076188816,6.581235312879222,6.6246595708485065,0.002448489002056959,0.005438550534030858,1.9770108316648956e-11,1.5888125502801654e-11,0.0,0.0,0.0001093734623715041,0.0002312627171625329,0.0023385106885797542,0.005206708530651664,6.048511057006428e-07,5.792862166621776e-07
839.0,6.605672889210241,6.677495716871315,6.581228309103096,6.624686069206672,0.0024444580107144554,0.0052809647664641725,2.4592182476760198e-11,1.4821566598150272e-11,0.0,0.0,0.00010877837085178211,0.00022948678146602667,0.0023351469683989554,0.005050933406851937,5.326714637180104e-07,5.445781462096199e-07
840.0,6.60561814814075,6.679248876432524,6.581228355222967,6.624651875082279,0.0024389792917784547,0.00545970013502449,1.9086074209579428e-11,1.3458462687703735e-11,0.0,0.0,0.0001086406745513018,0.0002301281245874344,0.0023298130706636004,0.005229042638686461,5.255465635527384e-07,5.293717505950797e-07
841.0,6.605774877786923,6.6782435601277115,6.58123347696615,6.624674006036045,0.002454140082077227,0.005356955409166635,2.3116958710441222e-11,1.900197554915994e-11,0.0,0.0,0.00010927620525937249,0.00023080120418935465,0.002344292713219909,0.005125581932656161,5.711635979457692e-07,5.72272321119337e-07
842.0,6.605617063778297,6.678476497001135,6.5812286147599774,6.62467255509932,0.0024388449018318756,0.005380394190181567,2.1926170704969493e-11,1.222961226105598e-11,0.0,0.0,0.00010870590544487444,0.00023001350617211106,0.002329560175754942,0.0051497910952203775,5.788206320588483e-07,5.895887890786751e-07
843.0,6.60599034041422,6.6795976473351075,6.581233752746589,6.624656406435786,0.0024756587667630952,0.005494124089931873,1.9027610623625685e-11,1.5873593784631287e-11,0.0,0.0,0.00010952487328553239,0.00023126558991440197,0.002365519502613391,0.005262245101160307,6.143908641716091e-07,6.133988571656617e-07
844.0,6.605830643481604,6.67760792912892,6.581224451697444,6.624689190151403,0.002460619178416146,0.00529187389775158,2.4731304611311716e-11,1.6094890937148195e-11,0.0,0.0,0.00010838867056156249,0.00022946351988618056,0.0023515625271599296,0.005061711655056016,6.679806946538954e-07,6.987228093817865e-07
845.0,6.605714096138663,6.67964879345382,6.581219466737419,6.624639926265159,0.0024494629401244855,0.005500886718866172,1.9870902651040465e-11,1.3055292948645042e-11,0.0,0.0,0.00010842603276664754,0.00022993612009875397,0.002340427420363163,0.005270361882514954,6.094869946750103e-07,5.887162524653795e-07
846.0,6.6057393402716444,6.67810581834142,6.581224617528926,6.62467903210653,0.0024514722742717036,0.005342678623488856,2.210665897397655e-11,1.916152621313401e-11,0.0,0.0,0.00010819329901413622,0.00022981705672915805,0.002342727489560606,0.005112295128210174,5.514856969615793e-07,5.66438549523386e-07
847.0,6.605530230392276,6.677935149999546,6.581217507572557,6.624650204739536,0.0024312722819719713,0.005328494526000895,2.4375822337228132e-11,1.2389794652309036e-11,0.0,0.0,0.00010795409776784497,0.00022841432503411786,0.0023227414117070583,0.005099500034144098,5.767724970683145e-07,5.801668226789939e-07
848.0,6.605851786981994,6.679333384777713,6.581221965855451,6.624645537505759,0.0024629821126542833,0.005468784727195546,2.018699795432871e-11,1.650642654920341e-11,0.0,0.0,0.00010862219752637569,0.00023024257856919258,0.0023537266242966816,0.005237838726470062,6.332908312260542e-07,7.03422156290246e-07
849.0,6.605699082048817,6.6776549880653375,6.581219555378674,6.624682704225208,0.002447952667014359,0.005297228384012911,2.3784681880310247e-11,1.575153097779867e-11,0.0,0.0,0.00010789282974031867,0.0002288171543623569,0.002339357103342254,0.005067660478934436,7.02733931786168e-07,7.507507161181621e-07
850.0,6.605523249551543,6.678838561782923,6.581212187043195,6.624631983915492,0.002431106250834727,0.005420657786743051,2.0363167033352883e-11,1.3982913235157693e-11,0.0,0.0,0.00010809547503937021,0.00022918816993206873,0.002322294221429349,0.0051907526396780465,7.165543660073627e-07,7.169771329347001e-07
851.0,6.605013559017984,6.677493508219577,6.581215073361862,6.624668498578066,0.0023798485656122124,0.005282500964151183,2.3091199774580167e-11,1.7848307903691255e-11,0.0,0.0,0.0001070180959582423,0.00022843067605317019,0.002272193173492209,0.00505345592406827,6.372961617608474e-07,6.143640297435422e-07
852.0,6.604634408853501,6.676889574235754,6.581201563382331,6.624628649715774,0.002343284547117071,0.005226092451998057,2.3142828214867212e-11,1.2735274094338206e-11,0.0,0.0,0.000106419788005442,0.0002263717563761044,0.0022362718616634825,0.004999105924257709,5.928974481463529e-07,6.147713642461465e-07
853.0,6.604708687018277,6.677640116792145,6.581203665580498,6.6246282264666005,0.002350502143777806,0.005301189032554632,2.0455008204203974e-11,1.6265128001367867e-11,0.0,0.0,0.00010655922630843574,0.00022764204729065868,0.0022433344546832,0.005072935835653559,6.08462786170555e-07,6.111496104137821e-07
854.0,6.604436331343525,6.676503399694603,6.5812004469256635,6.62464808720813,0.0023235884417862306,0.005185531248647347,2.313910395995126e-11,1.496468528938873e-11,0.0,0.0,0.0001061092766803015,0.0002261326245506724,0.0022169010359758866,0.004958770933382209,5.781291300426572e-07,6.276907144652377e-07
855.0,6.604398373326726,6.6770792011434,6.58119424613318,6.624616711319788,0.002320412719354474,0.005246248982361154,1.9577023288321585e-11,1.4161585470409082e-11,0.0,0.0,0.000106002664007432,0.00022670258889855892,0.0022138635356434154,0.005018964378177472,5.465197036262635e-07,5.820152851218062e-07
856.0,6.603832490937856,6.676624350421637,6.581198279187537,6.624639532821467,0.002263421175031811,0.00519848176001688,2.3137082085258843e-11,1.5420417392606956e-11,0.0,0.0,0.00010536956786719394,0.00022603692437455362,0.0021573964164265623,0.004971673587191964,6.551907380547727e-07,7.712484503618722e-07
857.0,6.603931736796595,6.676171642426586,6.58118611601331,6.624617346176754,0.002274562078328461,0.005155429624983136,1.972540047093566e-11,1.4017218748717772e-11,0.0,0.0,0.00010494713609712124,0.00022517436513742482,0.002168845134121359,0.004929490642465923,7.698081099810939e-07,7.646173797881415e-07
858.0,6.603932133908685,6.677129443817119,6.581194966025439,6.624624318845129,0.0022737167883247074,0.005250512497198973,2.224531095893173e-11,1.479479331220092e-11,0.0,0.0,0.0001051919360126629,0.00022637030724434345,0.0021677980177861322,0.00502347847792885,7.268345259123973e-07,6.637120257805618e-07
859.0,6.604235076330464,6.676597277816486,6.581192031856496,6.624631039510025,0.002304304447396847,0.005196623830646166,2.0744406013557685e-11,1.5375105134997693e-11,0.0,0.0,0.00010566212992384893,0.00022569133956213408,0.002197987766071011,0.0049702877490721015,6.545514019870586e-07,6.447420119297876e-07
860.0,6.604725736139041,6.677169176365951,6.5811976043243465,6.624626218260913,0.0023528131814693877,0.005254295810503752,1.9857167224925827e-11,1.3883796065362625e-11,0.0,0.0,0.00010647331725543997,0.00022734359177575752,0.0022457355988201966,0.005026389536500623,6.042653937509477e-07,5.626822273713887e-07
861.0,6.604484583872527,6.677617541611905,6.581206326514616,6.624640383575764,0.0023278257357912243,0.005297715803614208,2.1668669208117817e-11,1.4207508202729487e-11,0.0,0.0,0.0001072155835858747,0.00022713554757373755,0.0022200513033238185,0.005070029438159111,5.588488815307481e-07,5.508178813612546e-07
862.0,6.605066725867227,6.67661634151079,6.5811987126023626,6.624628925128449,0.002386801326486295,0.005198741638234279,1.926541778969962e-11,1.5196709634234492e-11,0.0,0.0,0.00010708567887039144,0.00022685891035933197,0.002279149447241891,0.004971255009789276,5.662003740125654e-07,6.277180856707946e-07
863.0,6.6044434381144494,6.677879547793032,6.581207478686233,6.624632121627733,0.002323595942821771,0.005324742616529978,2.223770414246486e-11,1.4640177017140755e-11,0.0,0.0,0.00010681820687194483,0.00022713681402775172,0.002216191168700715,0.005097027129496908,5.86567249111574e-07,5.786730053183451e-07
864.0,6.605015563405653,6.676867588618603,6.581196043684555,6.62462869981111,0.002381951972109737,0.005223888880749451,2.0498189366635527e-11,1.6239947075035074e-11,0.0,0.0,0.00010648994002060181,0.00022591285414375132,0.0022748837057433285,0.004997347827506085,5.783263458067818e-07,6.281990996145429e-07
865.0,6.605330933914707,6.677889715118693,6.581207259038546,6.624634638213554,0.0024123674876159475,0.0053255076905138424,2.1166631742220585e-11,1.3500288288522887e-11,0.0,0.0,0.00010701352042270055,0.00022778786973535412,0.002304765476215597,0.005097059093952218,5.884909776501804e-07,6.607268262698001e-07
866.0,6.605725817491582,6.6787523175206,6.581214996598617,6.624643246334021,0.0024510820892964485,0.005410907118657898,2.1435809124556407e-11,1.4550994065192902e-11,0.0,0.0,0.00010859649447342785,0.00022775552365424107,0.0023418496590138053,0.005182530109626921,6.35935809214603e-07,6.214853767373414e-07
867.0,6.606504547840792,6.677829992127222,6.5812151912177494,6.624646041392033,0.0025289356623041928,0.005318395073518985,1.896602146887294e-11,1.4390630679967857e-11,0.0,0.0,0.00010871514155344787,0.0002283887919202921,0.002419554367568849,0.005089335840393653,6.661531818956306e-07,6.704412050416604e-07
868.0,6.60569433462412,6.679331832383366,6.581221612524437,6.624639842128237,0.0024472722099683967,0.005469199025512984,2.1250318281231017e-11,1.4052034809030298e-11,0.0,0.0,0.00010881040031787909,0.00022846801627060304,0.002337860288329353,0.005240081710420106,6.01521321164752e-07,6.492988222749915e-07
869.0,6.60600139055659,6.677084069071509,6.5812041349511015,6.6246317458240505,0.002479725560548852,0.005245232324745829,2.1069483770551473e-11,1.4832424733556697e-11,0.0,0.0,0.00010744368909552296,0.00022590329256070744,0.0023717352454370806,0.00501884065647753,5.466260162483891e-07,4.883757075906149e-07
870.0,6.605601898598313,6.678127105326848,6.581211754812872,6.624631533164559,0.00243901437854418,0.0053495572162289215,2.0812788272111264e-11,1.4089567632576474e-11,0.0,0.0,0.0001068905446986582,0.00022714157914460634,0.0023316036260741567,0.005121917418924003,5.20207771364961e-07,4.982181603100788e-07
871.0,6.605965106353892,6.67806418198471,6.58121219006118,6.624630328718468,0.00247529162927127,0.005343385326623953,2.259348699679056e-11,1.4833050656845592e-11,0.0,0.0,0.0001078138869573809,0.00022577748352551073,0.0023669894362674223,0.0051170940158666856,4.883060464669287e-07,5.1382723175668e-07
872.0,6.606260754646022,6.67786640988831,6.581214107038551,6.624642557822985,0.002504664760747008,0.00532238520653245,1.8049364000244677e-11,1.3232281163852793e-11,0.0,0.0,0.00010714646993871759,0.0002269142970466718,0.0023970348221316403,0.00509499035274468,4.834686766501975e-07,4.805567410990511e-07
873.0,6.606010011139537,6.679678348522424,6.581219260560137,6.624631743318005,0.002479075057939983,0.00550466052044179,2.3321769876531203e-11,1.575706379611675e-11,0.0,0.0,0.00010817745298229316,0.0002282449183487105,0.002370425474136456,0.005275971450141681,4.721308212334781e-07,4.4415195139913167e-07
874.0,6.606186129928675,6.677542003058628,6.581211592416401,6.62464353556269,0.002497453751227339,0.005289846749593678,2.1799909854226763e-11,1.2523370924912709e-11,0.0,0.0,0.00010726250296150734,0.00022568627127622344,0.002389728791274382,0.005063642915486143,4.624569914500176e-07,5.175628313104724e-07
875.0,6.606603526889714,6.679570412924336,6.581223922957652,6.624644304422406,0.0025379603932061544,0.005492610850192853,1.9909389877046474e-11,1.467321138396045e-11,0.0,0.0,0.00010788747088544635,0.00022855304969391767,0.0024295310252197637,0.005263441393866221,5.418971009443606e-07,6.164066327153679e-07
876.0,6.607111427035671,6.679015870693148,6.581234749408297,6.624647335582128,0.002587667762737454,0.005436853511102186,2.332619784923759e-11,1.38464587905434e-11,0.0,0.0,0.0001093616113744809,0.00022768297853433987,0.0024777102836468674,0.0052085675328540065,5.958677161049829e-07,6.029997138400408e-07
877.0,6.607635639670739,6.680307304154269,6.581237751045457,6.624665025134102,0.0026397888625282087,0.005564227902016819,1.7622043647741143e-11,1.1876293898797733e-11,0.0,0.0,0.00010905547333831382,0.00022898915440176676,0.002530148061367746,0.005334619757485055,5.853278221492833e-07,6.189901299965973e-07
878.0,6.6084710580042385,6.681509839678634,6.581248042286088,6.624650188111514,0.002722301571815105,0.005685965156712133,2.2795061890924828e-11,1.8075002521801118e-11,0.0,0.0,0.00011139550592555861,0.00023232879995046572,0.002610250793719357,0.005452993028457026,6.552721701886879e-07,6.433283046412243e-07
879.0,6.60800733300115,6.679526097860318,6.581241243688699,6.624677853483256,0.0026766089312452086,0.005484824437706313,2.3303370511980816e-11,1.2179155806143345e-11,0.0,0.0,0.0001103748226419522,0.0002283675490595936,0.0025654653577903623,0.005255530637106137,7.687508128933408e-07,9.262515405813531e-07
880.0,6.608077168143416,6.680604766158448,6.5812371435062085,6.624643860564606,0.0026840024637206318,0.005596090559384335,1.768070159682508e-11,1.566297273972519e-11,0.0,0.0,0.00010979548340063614,0.00022963245622934926,0.0025734298006809537,0.0053656480759041525,7.771796390418453e-07,8.100272508339122e-07
881.0,6.60740548340447,6.678295742228167,6.581242807967372,6.6246437078414395,0.0026162675437099566,0.0053652034386728956,2.401340446783577e-11,1.515172631260525e-11,0.0,0.0,0.00010980922830071796,0.00022707045335278295,0.0025057459214162564,0.005137427116267685,7.123939929822418e-07,7.05869052426984e-07
882.0,6.6066874625708225,6.679925631800213,6.58122088321288,6.624645530651454,0.0025466579357942515,0.00552801011487578,1.9908833965274785e-11,1.2052016394956816e-11,0.0,0.0,0.00010749989376728206,0.00022736825232860165,0.002438478306644481,0.005299937772505141,6.797353824881478e-07,7.040900420371911e-07
883.0,6.607032522478578,6.678845901443321,6.581223024345499,6.6246363476002585,0.0025809498133079075,0.005420955384306349,2.213550716421292e-11,1.9588572081339403e-11,0.0,0.0,0.00010815706424428733,0.000228128867640758,0.002472096044965299,0.005192080700155989,6.967040983213324e-07,7.458165096019796e-07
884.0,6.605672975990314,6.67738582359474,6.581209496164621,6.624638389280856,0.0024463479825691877,0.005274743431388498,2.584074990708983e-11,1.3168986289714865e-11,0.0,0.0,0.00010643561016946798,0.00022472523307746447,0.0023391958308539573,0.005049299651380309,7.16541545762291e-07,7.185469307221244e-07
885.0,6.605151594532447,6.6782368171125,6.581195791481396,6.624612235552076,0.0023955803051050814,0.0053624581560425925,1.9982316879194096e-11,1.5482995764531415e-11,0.0,0.0,0.00010513281733442895,0.00022591710285469336,0.0022897713267061204,0.005135875903459764,6.761610645319139e-07,6.65149728133785e-07
886.0,6.605023554472203,6.676358691415678,6.5812064695822805,6.624627467358853,0.0023817084889923906,0.005173122405682471,2.5164542774848118e-11,1.7123340444273867e-11,0.0,0.0,0.00010545609722409599,0.0002236634401859004,0.00227557410342301,0.004948673473311553,6.782883452849104e-07,7.854921850160981e-07
887.0,6.604223901595,6.677259837775956,6.581184752315003,6.624607310946609,0.002303914927999616,0.005265252682934652,2.1241671349646635e-11,1.3404012962851127e-11,0.0,0.0,0.00010376324535426496,0.00022392888923499375,0.0021994074919726775,0.005040596119457734,7.441906726738053e-07,7.276742419254804e-07
888.0,6.604377285065647,6.676558973922137,6.581192139582671,6.624618998165333,0.0023185145482975604,0.00519399757568012,2.3331756528507508e-11,1.8636461373714235e-11,0.0,0.0,0.00010401330045383118,0.00022389530197790278,0.0022137855313027906,0.004969376740300548,7.157165409390279e-07,7.25533401668294e-07
889.0,6.603879018569166,6.675748075031194,6.581183810637705,6.624607640637187,0.0022695207931458946,0.0051140434394006526,2.6089891628696413e-11,1.3180534910752201e-11,0.0,0.0,0.00010346394481244126,0.00022175417002706519,0.0021653827327294812,0.004891593000660022,6.741156039718649e-07,6.962687135663817e-07
890.0,6.603748854400615,6.676990560305349,6.58118052948269,6.624600400182685,0.002256832491792398,0.00523901601226624,1.8872412664951765e-11,1.539263983301202e-11,0.0,0.0,0.00010304389359327974,0.0002238645097441883,0.0021531648383699272,0.005014497928630426,6.237598291909812e-07,6.535738916266051e-07
891.0,6.603912665466149,6.675737026939344,6.581190443720179,6.624619445555392,0.002272222174597037,0.00511175813839515,2.3294939153883226e-11,1.6512459319491507e-11,0.0,0.0,0.00010376156162410048,0.0002223689725008479,0.00216784833484159,0.004888739472292752,6.122781313458797e-07,6.496936015491232e-07
892.0,6.603485638202559,6.676336834030369,6.5811766939933785,6.624596971944909,0.0022308944209181707,0.0051739862085458796,2.0951770255981998e-11,1.4021688736778026e-11,0.0,0.0,0.0001028194798967137,0.00022271763442710868,0.0021274800669300142,0.004950640024482174,5.948740914431765e-07,6.285496365964467e-07
893.0,6.6036460201465,6.676044597071305,6.581186926737043,6.624609644682701,0.0022459093409456475,0.005143495238860298,2.1334154909270113e-11,1.728809270515937e-11,0.0,0.0,0.00010310983120051897,0.00022252783988663792,0.0021421977850489735,0.00492031193897591,6.01724696154851e-07,6.55459997750825e-07
894.0,6.60358469454211,6.675495122058744,6.581177554664156,6.62460183216235,0.0022407139877952302,0.005089328989639243,2.4678082429992503e-11,1.2970302998298498e-11,0.0,0.0,0.00010297779580254407,0.00022114412246898544,0.0021371320227324994,0.004867579741074399,6.041692601869542e-07,6.051260958567325e-07
895.0,6.603565937250981,6.6767090132243165,6.581182918139912,6.62459867211477,0.002238301911106984,0.005211034110954582,1.8489507400052105e-11,1.5158067487037584e-11,0.0,0.0,0.00010293950053711836,0.00022333451981481034,0.002134807454214352,0.00498715376971479,5.549563555137566e-07,5.458214249820945e-07
896.0,6.603986768184442,6.6763583248832274,6.581192653655692,6.624626421468043,0.0022794114528750984,0.005173190341518556,2.2739447714669077e-11,1.545907357470341e-11,0.0,0.0,0.00010397725509453685,0.00022300131572991215,0.002174943527099076,0.0049497078997022695,4.90670681485595e-07,4.811260863728901e-07
897.0,6.603930162788668,6.676323000174896,6.5811881773924075,6.624599067820947,0.002274198539626064,0.005172393235394777,2.02121472856788e-11,1.4098135899603352e-11,0.0,0.0,0.0001038925554343917,0.00022296638287007078,0.0021698465182176585,0.004948901005071276,4.5946597401424003e-07,5.258474534297542e-07
898.0,6.604029440431978,6.6766930292679865,6.581198604015354,6.62462172059692,0.0022830836416623296,0.005207130867106506,2.0995009485962793e-11,1.5737294425280207e-11,0.0,0.0,0.0001041660195518882,0.0002233249999382493,0.002178411671250708,0.004983304224378825,5.059508597331422e-07,5.016427894327798e-07
899.0,6.604177634403771,6.675595493580265,6.581187980862219,6.624600278040357,0.0022989653541552134,0.00509952155399078,2.308241539635751e-11,1.3882502850391753e-11,0.0,0.0,0.00010416069459366196,0.00022117584086117696,0.0021942344855832617,0.004877743579832695,5.701739782895867e-07,6.021332969077236e-07
900.0,6.603824428395746,6.677011090588119,6.581190716950829,6.624604791005351,0.002263371144491618,0.005240629958276718,1.817335905370562e-11,1.5131631497028107e-11,0.0,0.0,0.00010361430579487448,0.00022382943759711259,0.0021592177596428275,0.0050162823325504355,5.390790539158021e-07,5.18188129169334e-07
901.0,6.6045530969500374,6.677240987085006,6.581197702616966,6.6246353888091605,0.0023355394333071733,0.005260559827584543,2.434569780577372e-11,1.4277640701962445e-11,0.0,0.0,0.00010489139408719255,0.00022399147260575918,0.0022301330701789235,0.00503607853205998,5.149690410572937e-07,4.898229188048671e-07
902.0,6.604816323647561,6.677473706489832,6.581205596600719,6.6246107234533875,0.002361072704684196,0.005286298303644318,1.9817992835761406e-11,1.4426482358095852e-11,0.0,0.0,0.0001057308515019781,0.0002252394558530426,0.0022548309157480184,0.00506057052319829,5.109374341994077e-07,4.883245929851076e-07
903.0,6.605398871628126,6.6783196649038725,6.5812211091323345,6.62465744847401,0.0024177762495793073,0.00536622164298645,2.1923288631377128e-11,1.5203009245466462e-11,0.0,0.0,0.00010703579473916656,0.00022623868214686552,0.002310204709024858,0.005139416895536445,5.357458152826657e-07,5.660653031385615e-07
904.0,6.605655589019902,6.6767670280082205,6.581220360736761,6.624615811775571,0.0024435228283140147,0.005215121623264755,2.216249046143497e-11,1.4113601566117727e-11,0.0,0.0,0.00010751929854029842,0.00022365984533375416,0.0023354188040135377,0.004990845101684813,5.847257601783077e-07,6.16676246189853e-07
905.0,6.604781254034119,6.6774913430902405,6.581214018610433,6.624632355835753,0.002356723542368586,0.005285898725448897,1.941388150518333e-11,1.5427815394581428e-11,0.0,0.0,0.00010604375351501814,0.0002252596461330803,0.0022501025251912706,0.005059972691860211,5.772636622977035e-07,6.663874556058076e-07
906.0,6.604956773939692,6.676861433538432,6.581209159717191,6.624627107856142,0.0023747614222503076,0.00522343256822909,2.5395066462388217e-11,1.3537149055544045e-11,0.0,0.0,0.00010599298727975466,0.00022314295242178154,0.002268179631492652,0.0049996615769289975,5.888034779005625e-07,6.280388783094592e-07
907.0,6.6045326796883055,6.67691659991437,6.581205791781611,6.624600368308421,0.002332688790669593,0.005231623160594766,1.925504630641696e-11,1.4987628600931883e-11,0.0,0.0,0.00010538227647672403,0.00022418067899056713,0.002226660874594452,0.005006796015101202,6.456395984166906e-07,6.464665029958004e-07
908.0,6.604766382277519,6.677040373195339,6.581204840304467,6.624638802293852,0.002356154197305239,0.005240157090148779,2.370530191009063e-11,1.540859687495632e-11,0.0,0.0,0.00010548354620203666,0.00022328656710273405,0.0022499515808801687,0.0050160939632092295,7.190702230332583e-07,7.765598368139958e-07
909.0,6.604773529524884,6.676489441992599,6.581205661045259,6.624592690383101,0.0023567868479625106,0.00518967516094992,2.0824474191513547e-11,1.4156943485684959e-11,0.0,0.0,0.00010548981838312203,0.00022245990007404868,0.00225060349579074,0.004966564771000737,6.935337886482836e-07,6.504898751335908e-07
910.0,6.604274503029679,6.676410752394262,6.5811974268505375,6.624630403867437,0.00230770761791411,0.005178034852682212,2.1339410328181584e-11,1.625435476549676e-11,0.0,0.0,0.00010445487279036059,0.00022309685176129777,0.002202660698884466,0.004954344013817075,5.920462392831469e-07,5.939871038382152e-07
911.0,6.604230532701989,6.67603360561339,6.581197833037416,6.624596657348558,0.0023032699664571115,0.005143694826483094,2.2955629741571246e-11,1.2807449832931417e-11,0.0,0.0,0.0001042891576055231,0.00022069901612888892,0.0021984514451952823,0.004922434127541937,5.293636563065223e-07,5.616828122698351e-07
912.0,6.60381601999787,6.676050701044622,6.581192250180758,6.624599773674807,0.0022623769817111967,0.005145092736981472,1.9455015935012676e-11,1.5496736410760758e-11,0.0,0.0,0.00010373720121940515,0.00022279021401925254,0.0021581051647799033,0.0049217680314050365,5.34615711888255e-07,5.344915571822349e-07
913.0,6.603910129480742,6.675757456651485,6.581189156240781,6.624616540872653,0.0022720973239962294,0.005114091577883136,2.3860427515395596e-11,1.413311640016332e-11,0.0,0.0,0.0001035733845280032,0.00022071079999135804,0.0021680166190185418,0.00489282789339789,5.0732044968485e-07,5.528844938866932e-07
914.0,6.603875652349757,6.676362187029432,6.581188454579657,6.624578235222775,0.002268719777009837,0.005178395180665541,1.972609112309461e-11,1.3721337056003292e-11,0.0,0.0,0.00010344787396858232,0.00022149516169736827,0.002164800496652572,0.004956378223195012,4.7140638868203933e-07,5.217957731611984e-07
915.0,6.604003599511725,6.675836485091179,6.581182268160285,6.624626724292876,0.0022821331351439993,0.005120976079830465,2.316739599326372e-11,1.747352786732846e-11,0.0,0.0,0.00010304200648497896,0.00022166060128396906,0.0021785687604206423,0.004898723261700792,5.22368238378695e-07,5.922168457037138e-07
916.0,6.603866834609801,6.676169228048795,6.581183392583491,6.624568455379199,0.0022683442026308546,0.00516007726695968,2.043435308026788e-11,1.2316493284837519e-11,0.0,0.0,0.0001029561916820896,0.00021930843276819046,0.0021647976124570764,0.0049401698798837,5.90398491689087e-07,5.989543077896352e-07
917.0,6.604022764725084,6.6762939072323215,6.58118070913811,6.624605318215287,0.002284205558697324,0.0051688589017034985,1.930293559642771e-11,1.6085602115457205e-11,0.0,0.0,0.00010286678585738355,0.0002222619995087778,0.0021807344316269015,0.004945931777154364,6.043412130391909e-07,6.651250403553133e-07
918.0,6.60436039904513,6.675883150912284,6.5811845408831475,6.6245999480589965,0.002317585816198121,0.0051283202853286605,2.6180776531622426e-11,1.3405540514393414e-11,0.0,0.0,0.00010330709718016583,0.00021981249170938044,0.0022136525228584726,0.004907841484755417,6.261961594820771e-07,6.663088638623537e-07
919.0,6.604707000541168,6.677718590925678,6.581182496574016,6.624577193408712,0.002352450396715231,0.005314139751696375,1.9385979793570512e-11,1.2220235534503645e-11,0.0,0.0,0.00010356986425784115,0.00022201429584699293,0.0022482444091467303,0.005091527157820922,6.361233106591467e-07,5.982980284601907e-07
920.0,6.60518398903802,6.677195141826094,6.581187104449591,6.624640602368686,0.0023996884588428084,0.005255453945740888,2.326387595314112e-11,1.9030788585374695e-11,0.0,0.0,0.00010365286390407323,0.0002227971457444214,0.002295478313449438,0.00503207931260544,5.572814892971393e-07,5.774873910263498e-07
921.0,6.605215740024257,6.677877856701014,6.581183890517541,6.6245729416771555,0.0024031849506716075,0.005330491502385982,1.9974333581247768e-11,1.2131390555829291e-11,0.0,0.0,0.0001041277289511158,0.00022087339369280962,0.0022985113949905924,0.005109006884715749,5.458267298995872e-07,6.11223977423991e-07
922.0,6.606466634670099,6.678829598333179,6.581189749192524,6.624620116456106,0.002527688547757339,0.005420948187707311,1.9236757044700532e-11,1.6638061113602267e-11,0.0,0.0,0.00010453315620642895,0.00022389167907731187,0.0024226004203306882,0.005196477594551848,5.549712202214794e-07,5.789140781510944e-07
923.0,6.6070141456182965,6.678162516536368,6.581195759281286,6.624616215443855,0.0025818386337011353,0.0053546301092513605,2.424359215977279e-11,1.4361154032733677e-11,0.0,0.0,0.00010553858790084544,0.00022214036114121287,0.0024757405526644083,0.00513190534217886,5.594931358812266e-07,5.844059312874516e-07
924.0,6.607226349373283,6.6803281510861146,6.581190369248514,6.624591023394044,0.0026035980124768784,0.005573712769207235,1.8601818987417415e-11,1.4037914188426512e-11,0.0,0.0,0.00010568425353137797,0.0002241768976131574,0.002497317961118638,0.00534889078501496,5.957978268616713e-07,6.450865791175202e-07
925.0,6.607426313799983,6.679606720291161,6.581204611975535,6.624668512726751,0.0026221701824449156,0.005493820756440926,2.230894304987578e-11,2.0340030721212668e-11,0.0,0.0,0.00010602430662165893,0.0002256944030488883,0.002515567046419404,0.005267589221288485,5.788294038531855e-07,5.371321035518575e-07
926.0,6.6071348684386155,6.678088958256698,6.581198109856943,6.624588104145861,0.002593675858167412,0.005350085411083635,2.4025979148845767e-11,1.2984039659972096e-11,0.0,0.0,0.00010608447857410775,0.0002216947114843582,0.002487033427076785,0.0051278199499644765,5.5795251651908e-07,5.707496348014087e-07
927.0,6.607337025325728,6.679698647330792,6.58119735745801,6.6246381225756545,0.0026139667867716887,0.005506052475513672,1.9640996384054064e-11,1.6191470817838315e-11,0.0,0.0,0.000105562805664952,0.00022519529920246554,0.0025078206809650535,0.005280243126681823,5.83300141683126e-07,6.140496293840327e-07
928.0,6.607333135768189,6.678584555173313,6.581202145954278,6.624603031354017,0.0026130989813910256,0.005398152381929657,2.511831297069339e-11,1.610736961471862e-11,0.0,0.0,0.00010598713494505551,0.00022245643901810616,0.0025064655579289438,0.005175026728409699,6.462885170259051e-07,6.692145018513924e-07
929.0,6.606944122897996,6.6800260526895725,6.581189820174075,6.624626860777047,0.0025754302723920764,0.0055399191912523715,1.9258855681969587e-11,1.3030367488687297e-11,0.0,0.0,0.00010510952516534399,0.00022519471522393657,0.002469658867843652,0.005314056954656169,6.618793830805267e-07,6.675213722661855e-07
930.0,6.607974185856152,6.6806657181678935,6.581217349465629,6.624641894816324,0.0026756836390522667,0.005602382335156771,2.2885556607618988e-11,1.8852645873304252e-11,0.0,0.0,0.00010765339326366119,0.0002268269615324197,0.0025674022713157037,0.0053749331158347135,6.279744729016027e-07,6.222577896370959e-07
931.0,6.607328205082671,6.678367986235903,6.581217883435717,6.624629608553335,0.0026110321646954197,0.0053738377682568195,2.391267815760371e-11,1.3083937198885009e-11,0.0,0.0,0.00010704936287589907,0.0002237249719231141,0.0025033128279824974,0.00514937609958958,6.699738370230231e-07,7.366967441250811e-07
932.0,6.60781206926962,6.68103117695799,6.581232183053948,6.624659454109234,0.0026579886215671506,0.005637172284875538,2.0899618829773885e-11,1.554503760215148e-11,0.0,0.0,0.00010765694345591496,0.00022749587265360953,0.0025494816412026285,0.005408671065220303,8.500369086072828e-07,1.0053470016260523e-06
933.0,6.608926646441601,6.68011856829437,6.581251168563285,6.6246233274577735,0.0027675477878315543,0.005549524083659698,2.5100252495095697e-11,1.7253118551364965e-11,0.0,0.0,0.00011037947290606085,0.00022686982130530958,0.002656143663020582,0.005321526659665028,1.0246519049115158e-06,1.1276026893615566e-06
934.0,6.607779494270185,6.680369843255049,6.58123605827671,6.624683874423835,0.0026543435993475056,0.0055685968831214565,2.1946240998973718e-11,1.2825610428046817e-11,0.0,0.0,0.00010818731292625217,0.00022761288191392663,0.002545271297778895,0.005340253612438698,8.849886423591937e-07,7.303887688322514e-07
935.0,6.608437698101652,6.680507228333527,6.581250560151296,6.624624195315483,0.002718713795035547,0.005588303301804434,2.0725972546267133e-11,1.9137653461311775e-11,0.0,0.0,0.00011035211573746259,0.00022867591472724725,0.002607629369014297,0.00535896296985851,7.323102837877132e-07,6.644172186782941e-07
936.0,6.606565951395922,6.676933924055818,6.5812255902194,6.624641067397378,0.0025340361176521887,0.005229285665844046,2.3764238161835426e-11,1.3727620594913836e-11,0.0,0.0,0.00010781232794551953,0.00022394089895839947,0.002425545434099381,0.005004654437581544,6.783556072876934e-07,6.903293041022586e-07
937.0,6.605906304831588,6.679170416983628,6.581213468287184,6.624604756698448,0.0024692836544404073,0.005456566028518058,1.973159596150155e-11,1.5112992215852737e-11,0.0,0.0,0.00010661595581239655,0.00022616085722376549,0.0023620667607782138,0.005229833858099695,6.009378497972208e-07,5.713131945974861e-07
938.0,6.606870034111523,6.6775771332199065,6.581212052258358,6.624606921720712,0.002565798185316378,0.005297021149919348,2.1266465792363052e-11,1.8154423320076737e-11,0.0,0.0,0.0001084827374424599,0.000226304695370786,0.0024567942883843338,0.005070209097697524,5.211594895843566e-07,5.073568510372674e-07
939.0,6.60504284386342,6.677395277932785,6.581193755645712,6.624620424305001,0.002384908821770769,0.005277485362778424,2.2477287363243578e-11,1.3302711772927681e-11,0.0,0.0,0.00010583879454223088,0.00022348146751706042,0.0022785851268313944,0.005053513556801762,4.849003971442465e-07,4.903384596030108e-07
940.0,6.605251580671189,6.677633387095331,6.581185225504874,6.624589094991969,0.002406635516631605,0.00530442921033613,1.997886867464234e-11,1.7627439756707703e-11,0.0,0.0,0.00010543601012638177,0.00022590493602354063,0.0023007223711038823,0.00507808564296479,4.771354013409557e-07,4.3863134779978843e-07
941.0,6.604130814204283,6.675089572799207,6.581182568932964,6.624603928102048,0.0022948245271319227,0.005048564469715802,2.4713893237881443e-11,1.4947308202015524e-11,0.0,0.0,0.0001040272542372669,0.00021970036937107924,0.0021903013418922116,0.004828355168988164,4.959310024442838e-07,5.08931356558472e-07
942.0,6.60359136934209,6.6763330525335025,6.581170227450555,6.624576349110324,0.0022421141891534207,0.005175670342317973,1.9449816896248073e-11,1.5168854298678972e-11,0.0,0.0,0.00010254102729043187,0.00022202226471114823,0.002139047428743719,0.004953118367993961,5.257331192693606e-07,5.297096128619274e-07
943.0,6.604004036004525,6.675214369082011,6.581174324787224,6.624591163035071,0.0022829711217301992,0.005062320604694062,2.1027802270128003e-11,1.6731715556930416e-11,0.0,0.0,0.00010333861352966656,0.00022049533043326568,0.0021790261533311205,0.004841155229792933,6.063548694120967e-07,6.700444678621432e-07
944.0,6.603501055215709,6.675735466025397,6.581178095268306,6.624588281925535,0.002232295994740249,0.005114718409986026,2.3832842629167066e-11,1.389093398336452e-11,0.0,0.0,0.00010313022574342525,0.0002205417343116561,0.0021285122069980246,0.0048934482356582515,6.535619987991626e-07,7.284400161170468e-07
945.0,6.604052123889694,6.676117917001709,6.581177704247109,6.62459170075733,0.002287441964258566,0.005152621624437912,1.8416455929555443e-11,1.617091457044393e-11,0.0,0.0,0.00010376540209077538,0.00022293806117462057,0.002183032487701392,0.004929005693423536,6.440744663985719e-07,6.778698397560232e-07
946.0,6.603648810951926,6.6755903638205645,6.581187561973211,6.624603185287494,0.0022461248978714577,0.005098717853307073,2.44507770050641e-11,1.5470056838023502e-11,0.0,0.0,0.00010373645765579996,0.00022082209059283054,0.002141754248777685,0.004877283471635791,6.341914379727646e-07,6.122910784522321e-07
947.0,6.603525342358203,6.675771617320238,6.581174845687265,6.624587879351537,0.002235049667094077,0.005118373796870136,1.9698704936051442e-11,1.4173359428072943e-11,0.0,0.0,0.00010254585401878572,0.00022148460035719076,0.002131898986136648,0.00489629992379441,6.048269386428984e-07,5.892727185349346e-07
948.0,6.60314722020578,6.674882711792377,6.581170686743107,6.624581417517105,0.002197653346267582,0.0050301294275271234,2.0579430072381307e-11,1.674833668607791e-11,0.0,0.0,0.0001015937751028662,0.00021853095208211517,0.002095490521384601,0.004811044076416299,5.690497801147788e-07,5.543990287099876e-07
949.0,6.602812618068163,6.67461095961005,6.581164090008109,6.624571937289584,0.002164852806005299,0.005003902232046329,2.2954470978556226e-11,1.38670624421711e-11,0.0,0.0,0.00010072167786427297,0.0002178229292116044,0.002063610388522065,0.004785571971723312,5.207396189609416e-07,5.073311114130262e-07
950.0,6.603003651085625,6.67490574088969,6.581163493047326,6.624569409235801,0.002184015803829832,0.005033633165388907,1.7890525132828723e-11,1.5736777630784554e-11,0.0,0.0,0.00010072220147827665,0.0002182776702196025,0.0020828543707769134,0.0048149167622965955,4.392315746424001e-07,4.3873287271006206e-07
951.0,6.602937939838553,6.674782825563642,6.581169884071287,6.624578354630196,0.0021768055767266313,0.005020447093344871,2.4574694781841733e-11,1.5402016545517427e-11,0.0,0.0,0.00010104300780411993,0.00021811941197354942,0.002075354940575299,0.004801894369804265,4.0762834721231224e-07,4.3331156705727973e-07
952.0,6.603086710719623,6.675047412378924,6.581164926667114,6.62457298662354,0.0021921784052508107,0.005047442575538331,1.9579591295527123e-11,1.4270750401767888e-11,0.0,0.0,0.00010078018761823541,0.00021842953944316512,0.002090979670989434,0.004828560709446702,4.1854664314153216e-07,4.523266484632505e-07
953.0,6.602851731849909,6.674798606477789,6.5811630088416155,6.624571745112822,0.0021688723008293077,0.005022686136496887,2.036557552880349e-11,1.6372617962054534e-11,0.0,0.0,0.00010023368747705459,0.0002176699612867302,0.002068199076730303,0.004804589875793675,4.395366219500425e-07,4.262994164809813e-07
954.0,6.602608115343405,6.67411163935811,6.581152880317385,6.6245619156938105,0.0021455235026019872,0.004954972366429949,2.3535646519394323e-11,1.3874128346250387e-11,0.0,0.0,9.95665522523778e-05,0.00021611831159562965,0.002045491219536991,0.004738390452661347,4.657308126187812e-07,4.636021729727029e-07
955.0,6.602575579791095,6.674731894923306,6.581151568896141,6.624554934686954,0.002142401089495355,0.005017696023635111,1.807191813552175e-11,1.6249642367329764e-11,0.0,0.0,9.915899340797565e-05,0.00021673685415834934,0.002042707752227356,0.004800374248769692,5.34343860023047e-07,5.849207070710138e-07
956.0,6.602537327672953,6.674130381990079,6.581151919435179,6.624563428870157,0.002138540823777331,0.00495669531199217,2.475112456648207e-11,1.5372475050345025e-11,0.0,0.0,9.942980798227936e-05,0.0002162315101478015,0.0020385545400164675,0.004739891269255368,5.564757785840595e-07,5.725325889990663e-07
957.0,6.602823693367583,6.674828540701058,6.581154650753704,6.62455518520807,0.00216690426138791,0.005027335549298643,1.9037561195177315e-11,1.4479194905660591e-11,0.0,0.0,9.963487165172626e-05,0.00021663257748139346,0.0020667276163005184,0.0048100816425688175,5.41773435664633e-07,6.213292484321783e-07
958.0,6.602816462415894,6.67466189955356,6.581153652664757,6.624562029539084,0.0021662809751135945,0.005009987001447763,2.0118810145447434e-11,1.6305061175119104e-11,0.0,0.0,9.960823193009611e-05,0.00021683567277433922,0.00206609864722345,0.004792605006908934,5.740959600485737e-07,5.463217644907182e-07
959.0,6.602850043569442,6.674210913183162,6.58115159676262,6.624559397689125,0.0021698446806821853,0.004965151549403722,2.2869061118350845e-11,1.3994536515321564e-11,0.0,0.0,9.960164771779567e-05,0.0002157420529940209,0.002069692034949054,0.004748922025609855,5.509980153356255e-07,4.874707998456098e-07
960.0,6.6028151770681704,6.675042376162735,6.581149925310785,6.62454804985862,0.0021665251757384918,0.005049432630411445,1.879314242323989e-11,1.613775840506992e-11,0.0,0.0,9.926861458447737e-05,0.00021643556568218917,0.0020667551810039948,0.004832483353801782,5.013801500196842e-07,5.137109274724539e-07
961.0,6.602768812635225,6.674132448928706,6.581148474931411,6.624563173890864,0.0021620337703812395,0.00495692750378419,2.550687012190661e-11,1.5407811029615697e-11,0.0,0.0,9.943098534645236e-05,0.00021591041512661135,0.0020620728661272635,0.004740468728952331,5.299189075238239e-07,5.483597052457734e-07
962.0,6.603148657755813,6.6751841504262845,6.581155532757779,6.624544403150182,0.0021993124998034527,0.005063974727610428,1.986587189109121e-11,1.415477319211987e-11,0.0,0.0,9.993354989917382e-05,0.00021634180785760172,0.0020987637696244614,0.004846960604710242,6.151802798172877e-07,6.723150425852433e-07
963.0,6.603150333959938,6.674722918112009,6.581150278035478,6.624561807450355,0.002200005592445999,0.005016111066165138,1.937153553539057e-11,1.589783858579365e-11,0.0,0.0,9.989028922709617e-05,0.00021656941757635322,0.002099483018833782,0.004798863810209541,6.322843851208942e-07,6.77838379243076e-07
964.0,6.603385977340424,6.674593637637525,6.581157171962015,6.6245572459306015,0.002222880537840844,0.005003639170692281,2.255840173139229e-11,1.4142831534695673e-11,0.0,0.0,0.0001003218717198725,0.0002161330993079989,0.002121971784782676,0.004786946836493957,5.868813382949546e-07,5.59234890326018e-07
965.0,6.603146624013332,6.6753138566593035,6.581149392822507,6.624547673143215,0.0021997231190825175,0.005076618351608996,1.851109664514428e-11,1.5211939137049597e-11,0.0,0.0,9.983335538863628e-05,0.0002164533815958474,0.002099322960189652,0.004859595518244449,5.66803504229466e-07,5.694517687003834e-07
966.0,6.603181682257224,6.674503469005914,6.581151916899184,6.624565437957101,0.0022029765358039604,0.004993803104881466,2.566044821050695e-11,1.583437919470531e-11,0.0,0.0,9.986999772131262e-05,0.00021613905210019277,0.0021025960401029067,0.004777123931962597,5.10497979741064e-07,5.40120818675856e-07
967.0,6.603642915304412,6.67560418789526,6.581158554207546,6.624540503398904,0.002248436109686504,0.005106368449635559,2.02270555670135e-11,1.408564095543331e-11,0.0,0.0,0.00010063723539155954,0.00021657303463480052,0.0021473116877016854,0.004889289082842451,4.871865932593537e-07,5.063321583073338e-07
968.0,6.603687259870165,6.675028043806979,6.5811511112268475,6.624561883531027,0.0022536148643319217,0.0050466160275951825,1.913784373422096e-11,1.5567237602997356e-11,0.0,0.0,0.00010035858375134307,0.00021617565211776255,0.0021527876656562764,0.004829940057465711,4.6861492430227983e-07,5.003180117090655e-07
969.0,6.604204314582152,6.675726685658222,6.581166578531146,6.624562788219028,0.002303773605100643,0.005116389743919349,2.378625889724525e-11,1.4256164746766391e-11,0.0,0.0,0.0001013724304800204,0.00021778547277820888,0.0022019247008130565,0.004898100557967231,4.7647380756600337e-07,5.03713173907608e-07
970.0,6.604016671967079,6.675831777240977,6.581156370900174,6.6245583872630585,0.0022860301066903043,0.005127338997791873,1.8180564044539176e-11,1.4091110150805509e-11,0.0,0.0,0.00010111046115436177,0.00021666284891387434,0.002184378773614152,0.004910109983525873,5.408719217900122e-07,5.661653521265633e-07
971.0,6.604805807598275,6.676406620367664,6.5811721075603185,6.624579619167818,0.002363370003795771,0.005182700119984776,2.3299970808024956e-11,1.5682486929993222e-11,0.0,0.0,0.0001018360872332651,0.00021829698357660448,0.0022608889420540576,0.0049636740655282195,6.449745084482062e-07,7.290708799504087e-07
972.0,6.605842399384127,6.677140752789145,6.581177925731078,6.6245624683853315,0.002466447365304805,0.005257828440381355,2.2121543819653536e-11,1.3597239336984e-11,0.0,0.0,0.00010342419529282609,0.0002184582901120966,0.0023623382563291713,0.005038657034273842,6.849136828078668e-07,7.131159954163685e-07
973.0,6.605694073237025,6.676971761406788,6.581170204114947,6.624571910494344,0.0024523869122078223,0.00523998509124428,1.939141676511407e-11,1.4309217878471884e-11,0.0,0.0,0.00010249006063148473,0.0002172536407352633,0.002349219956844384,0.0050220445433348405,6.768947319534084e-07,6.869071741765296e-07
974.0,6.606472133201237,6.678968194020645,6.581190050348693,6.624597380679291,0.0025282082852545063,0.00543708133413517,2.43862815483783e-11,1.634229907760505e-11,0.0,0.0,0.00010426216506254787,0.0002225465196388243,0.0024232440557073825,0.005213808351871245,7.020644845759924e-07,7.264626251009347e-07
975.0,6.60700995840544,6.677726029645414,6.581192556239743,6.62459528297029,0.002581740216569832,0.0053130746675122695,2.2329912553760823e-11,1.3084863925145846e-11,0.0,0.0,0.00010499015799156433,0.00021873017599113154,0.0024760006112798843,0.00509353061005779,7.494472983829753e-07,8.138814633470892e-07
976.0,6.609098773299273,6.680765884019048,6.58122611612612,6.624632098761878,0.0027872657173154437,0.005613378525716814,1.8965332898781153e-11,1.4512317993171237e-11,0.0,0.0,0.00010741107391116399,0.00022449986860127613,0.002679038441317998,0.005387976702405928,8.162020862821675e-07,9.019547096097067e-07
977.0,6.610082728770838,6.6806731076942265,6.581231975954612,6.624614069704367,0.0028850752816226466,0.005605903798986118,2.40177401388019e-11,1.592761099734799e-11,0.0,0.0,0.00010978615747554256,0.00022463402926332313,0.002774489930830937,0.0053805553231499785,7.991933161678455e-07,7.144465728170365e-07
978.0,6.6088842426343675,6.681871573998824,6.5812150778505085,6.624636000236145,0.0027669164783857155,0.005723557376267987,1.9537190251385417e-11,1.201768201665194e-11,0.0,0.0,0.00010724531451277468,0.00022400129894045693,0.002658999359836121,0.005498987267586262,6.71804036819309e-07,5.688097412678938e-07
979.0,6.60998580742488,6.682443878475592,6.581234374232001,6.6246323108672165,0.0028751433192877912,0.005781156760837595,2.1478548792899487e-11,2.0822612425838106e-11,0.0,0.0,0.00010987921627258412,0.00022859111238058335,0.0027647256269437578,0.005552068078887597,5.384760714497078e-07,4.975695694135547e-07
980.0,6.607933078316094,6.676850399954185,6.581211895943015,6.624608712978425,0.002672118237307958,0.0052241686975759965,2.3669682873699465e-11,1.2274533941376844e-11,0.0,0.0,0.00010709593972443084,0.0002196520328385638,0.002564549717743618,0.005004004554766563,4.7257983990808397e-07,5.121099708684641e-07
981.0,6.6065562091081125,6.678570136178645,6.5812003525383815,6.624590666534336,0.0025355856569730223,0.005397946964430848,2.121748610052422e-11,1.5856448826278952e-11,0.0,0.0,0.00010472953138289273,0.0002211484734539826,0.0024303965277480185,0.00517629754319715,4.595978421111313e-07,5.009477797155757e-07
982.0,6.606262515829923,6.676120652154035,6.581188454966484,6.624586554089992,0.0025074060863439973,0.005153409806404448,2.5004189044971427e-11,1.9100102156698224e-11,0.0,0.0,0.00010421393073267924,0.00021941006665927656,0.002402682860157903,0.004933419484259059,5.092954534149469e-07,5.802554861112914e-07
983.0,6.6043601592879195,6.67656133007724,6.581165051556777,6.624577333443241,0.002319510773114261,0.005198399663399989,2.307286508136664e-11,1.265361305792653e-11,0.0,0.0,0.00010120124015695938,0.0002181699384431227,0.002217710104621747,0.004979631558200695,5.994283355543927e-07,5.981667561711428e-07
984.0,6.604431159395411,6.676439950233043,6.581166027718252,6.624584251344382,0.00232651316771573,0.0051855698888659645,2.2298398484778403e-11,2.033701323353367e-11,0.0,0.0,0.00010131124676537885,0.0002196319170822499,0.002224553447080247,0.004965303417139651,6.484738701037344e-07,6.345546440631183e-07
985.0,6.603521858865079,6.673926525987468,6.58115351614634,6.624558111007454,0.002236834271873831,0.004936841498001384,2.4674144737093976e-11,1.4303999640494745e-11,0.0,0.0,9.983805976443388e-05,0.00021499062686330839,0.0021363262179803096,0.004721187552067783,6.699941290872883e-07,6.633190702928975e-07
986.0,6.602873100883389,6.675832192412554,6.581146827157463,6.624560186783693,0.0021726273725927274,0.005127200562885944,2.096493650450421e-11,1.4512662522964384e-11,0.0,0.0,9.924542407073824e-05,0.00021722280655180626,0.0020727016291195977,0.004909295648254161,6.803194023919506e-07,6.821080799766016e-07
987.0,6.603206671208214,6.674091051170647,6.5811502774800115,6.6245715714863795,0.002205639372820151,0.004951947968426607,2.10590870873171e-11,1.852849222285045e-11,0.0,0.0,9.908285619929741e-05,0.00021639181906165335,0.0021058311783811105,0.004734905277416039,7.253382397433253e-07,6.508719489132581e-07
988.0,6.602543330003784,6.674633988509243,6.581144836181316,6.62455270882936,0.002139849382246704,0.0050081279679883295,2.279577811415139e-11,1.339681387527072e-11,0.0,0.0,9.894274079147866e-05,0.00021550970764966262,0.002040254593866617,0.00479195544106167,6.520475886084214e-07,6.628192769953846e-07
989.0,6.60284377204134,6.675330372821452,6.581149095971971,6.624572551158131,0.0021694676069368957,0.005075782166332007,1.997323653615195e-11,1.7372268819087954e-11,0.0,0.0,9.888528491840854e-05,0.00021762956294466145,0.002070068253812121,0.0048576546456602894,5.14068206366066e-07,4.979577270547281e-07
990.0,6.602744325380012,6.673602810833456,6.581147384694336,6.624555111329201,0.0021596940685675485,0.00490476995042574,2.5077694270161413e-11,1.5256786897849787e-11,0.0,0.0,9.881581130939514e-05,0.00021462081781449194,0.0020604438584918496,0.0046896943013082625,4.3439876630383744e-07,4.5483130298345413e-07
991.0,6.602754006630986,6.675902883499309,6.581148512365988,6.624559706345397,0.002160549426499771,0.005134317715391159,2.0094230177845115e-11,1.4102899273614985e-11,0.0,0.0,9.924770766557316e-05,0.00021751376524066572,0.0020608878210950764,0.004916391432444736,4.13897739121809e-07,4.1251770575712075e-07
992.0,6.6031111693133635,6.67416919892871,6.581154143754149,6.6245693927831795,0.0021957025559215314,0.004959980614552921,2.076428477225541e-11,1.735443181014127e-11,0.0,0.0,9.938175652087275e-05,0.00021608328443488198,0.002095865720071226,0.0047433862785365285,4.550793294326033e-07,5.110515815101305e-07
993.0,6.603232698753914,6.675300411504649,6.581159643561155,6.624571456056181,0.002207305519275731,0.005072895544846635,2.427157832209266e-11,1.4032504371693474e-11,0.0,0.0,0.00010063257168788552,0.00021761095703397803,0.002106138182945802,0.004854753014284084,5.347646420432383e-07,5.315735285710647e-07
994.0,6.603616147607323,6.676080043089524,6.581163584568984,6.624570410778689,0.002245256303833838,0.005150963231083703,1.7943273609541575e-11,1.628451889626893e-11,0.0,0.0,0.00010062039830373225,0.00021851950862740042,0.002144037251077581,0.0049317594327374465,5.986544525242727e-07,6.842897188560026e-07
995.0,6.603533254121754,6.6745051301671685,6.581158281802236,6.624568448045664,0.0022374972319517527,0.00499366821215056,2.311101163512638e-11,1.5724961692632593e-11,0.0,0.0,0.00010063685518009383,0.00021654150191798062,0.0021362447055942395,0.0047765148295325615,6.156711774191462e-07,6.118807000179261e-07
996.0,6.6034950763759115,6.6761654284959135,6.581158474653693,6.624560613355806,0.0022336601722217314,0.00516048151401061,2.076998751940904e-11,1.361475553474708e-11,0.0,0.0,0.00010050647683275098,0.00021809089762445704,0.0021326059791699297,0.004941869283640391,5.477162190510405e-07,5.2133274576067e-07
997.0,6.603643616187767,6.674771069320071,6.5811584177671465,6.624563227415655,0.002248519842062138,0.005020784190441686,2.034069322033074e-11,1.715098842497778e-11,0.0,0.0,0.00010042239406375173,0.0002161765618313372,0.0021475752502735355,0.004804088160198189,5.22197724850944e-07,5.194684121607674e-07
998.0,6.604104167530908,6.675820107700668,6.581168547816881,6.624581158956006,0.0022935619714027577,0.005123894874466116,2.611733495506323e-11,1.411990061728121e-11,0.0,0.0,0.0001018268571454676,0.00021857719044379793,0.002191211204181045,0.004904769979076684,5.239100762448827e-07,5.477049456344903e-07
999.0,6.604542506963363,6.676947104458114,6.581176126478282,6.624569357435128,0.0023366380485080386,0.005237774702298867,1.7659375871612646e-11,1.4195674523384898e-11,0.0,0.0,0.00010229889792190461,0.000219120599231603,0.0022338023113869024,0.005018088756069132,5.368391992317609e-07,5.653469981313071e-07
1000.0,6.604697964758947,6.676150963085937,6.581174199574743,6.624594213968603,0.0023523765184203303,0.005155674911733338,2.149279511732129e-11,1.6417431444118186e-11,0.0,0.0,0.0001026284325382046,0.00021934981082807369,0.0022491683203093426,0.004935765793967989,5.797655727832163e-07,5.593069372745609e-07
